"datetime","T_org","T_05","T_15","T_25","T_35","T_45","T_55","T_65","T_75","T_85","T_95","T_105","T_115","M_org","M_05","M_15","M_25","M_35","M_45","M_55","M_65","M_75","M_85","M_95","M_105","M_115"
2022-06-22 00:00:00,NA,19.07999,21.75,21.14001,20.66,NA,NA,NA,NA,NA,NA,NA,NA,NA,2.75124569366217,12.1044244407116,19.9586448309588,24.4354701303705,NA,NA,NA,NA,NA,NA,NA,NA
2022-06-22 00:10:00,NA,18.94,21.70001,21.10999,20.60999,NA,NA,NA,NA,NA,NA,NA,NA,NA,2.75519543751113,12.0983249176548,19.9633441275482,24.4498181309002,NA,NA,NA,NA,NA,NA,NA,NA
2022-06-22 00:20:00,NA,18.76001,21.70001,21.10999,20.63,NA,NA,NA,NA,NA,NA,NA,NA,NA,2.75914907710072,12.0861347205831,19.9586448309588,24.4450352747345,NA,NA,NA,NA,NA,NA,NA,NA
2022-06-22 00:30:00,NA,18.69,21.51999,21.10999,20.63,NA,NA,NA,NA,NA,NA,NA,NA,NA,2.76013797784288,12.1013746158823,19.953953766304,24.4402442613387,NA,NA,NA,NA,NA,NA,NA,NA
2022-06-22 00:40:00,NA,18.56,21.48999,21.13,20.63,NA,NA,NA,NA,NA,NA,NA,NA,NA,2.76310661381142,12.0983249176548,19.9398818473711,24.4402442613387,NA,NA,NA,NA,NA,NA,NA,NA
2022-06-22 00:50:00,NA,18.42001,21.44,21.09,20.66,NA,NA,NA,NA,NA,NA,NA,NA,NA,2.76806015812324,12.0891839126157,19.9445722744923,24.4402442613387,NA,NA,NA,NA,NA,NA,NA,NA
2022-06-22 01:00:00,NA,18.28,21.29999,21.10999,20.63,NA,NA,NA,NA,NA,NA,NA,NA,NA,2.77302019009388,12.1013746158823,19.9351916327968,24.4450352747345,NA,NA,NA,NA,NA,NA,NA,NA
2022-06-22 01:10:00,NA,18.20001,21.28,21.06,20.63,NA,NA,NA,NA,NA,NA,NA,NA,NA,2.7740129752489,12.0952826765876,19.9351916327968,24.4402442613387,NA,NA,NA,NA,NA,NA,NA,NA
2022-06-22 01:20:00,NA,18.04001,21.22,20.94,20.63,NA,NA,NA,NA,NA,NA,NA,NA,NA,2.77997488752415,12.0922259010422,19.9586448309588,24.4402442613387,NA,NA,NA,NA,NA,NA,NA,NA
2022-06-22 01:30:00,NA,18.01001,21.07001,20.97,20.67999,NA,NA,NA,NA,NA,NA,NA,NA,NA,2.77798671247187,12.1013746158823,19.9492629141425,24.4306878421998,NA,NA,NA,NA,NA,NA,NA,NA
2022-06-22 01:40:00,NA,17.82999,21.07001,20.89999,20.63,NA,NA,NA,NA,NA,NA,NA,NA,NA,2.7849498714866,12.0891839126157,19.953953766304,24.4402442613387,NA,NA,NA,NA,NA,NA,NA,NA
2022-06-22 01:50:00,NA,17.82999,20.91,20.92001,20.66,NA,NA,NA,NA,NA,NA,NA,NA,NA,2.78395448094383,12.1044244407116,19.9445722744923,24.4354701303705,NA,NA,NA,NA,NA,NA,NA,NA
2022-06-22 02:00:00,NA,17.62,20.85999,20.94,20.63,NA,NA,NA,NA,NA,NA,NA,NA,NA,2.79192601640271,12.0983249176548,19.9305016307873,24.4402442613387,NA,NA,NA,NA,NA,NA,NA,NA
2022-06-22 02:10:00,NA,17.45999,20.85999,20.85001,20.63,NA,NA,NA,NA,NA,NA,NA,NA,NA,2.79791650178662,12.0861347205831,19.9492629141425,24.4354701303705,NA,NA,NA,NA,NA,NA,NA,NA
2022-06-22 02:20:00,NA,17.39999,20.70001,20.85001,20.63,NA,NA,NA,NA,NA,NA,NA,NA,NA,2.7999157052064,12.0983249176548,19.9398818473711,24.4354701303705,NA,NA,NA,NA,NA,NA,NA,NA
2022-06-22 02:30:00,NA,17.29001,20.64999,20.87,20.66,NA,NA,NA,NA,NA,NA,NA,NA,NA,2.80391547165044,12.0952826765876,19.9305016307873,24.4306878421998,NA,NA,NA,NA,NA,NA,NA,NA
2022-06-22 02:40:00,NA,17.17001,20.62,20.76001,20.63,NA,NA,NA,NA,NA,NA,NA,NA,NA,2.8099241900938,12.0891839126157,19.9445722744923,24.4354701303705,NA,NA,NA,NA,NA,NA,NA,NA
2022-06-22 02:50:00,NA,17.09,20.48999,20.69,20.60999,NA,NA,NA,NA,NA,NA,NA,NA,NA,2.81393500082243,12.0983249176548,19.9492629141425,24.4402442613387,NA,NA,NA,NA,NA,NA,NA,NA
2022-06-22 03:00:00,NA,17.01001,20.44,20.69,20.66,NA,NA,NA,NA,NA,NA,NA,NA,NA,2.81694650550578,12.1013746158823,19.9398818473711,24.4258973978315,NA,NA,NA,NA,NA,NA,NA,NA
2022-06-22 03:10:00,NA,17.01001,20.41,20.70999,20.63,NA,NA,NA,NA,NA,NA,NA,NA,NA,2.81594203219397,12.0922259010422,19.9305016307873,24.4306878421998,NA,NA,NA,NA,NA,NA,NA,NA
2022-06-22 03:20:00,NA,16.89999,20.32999,20.70999,20.56,NA,NA,NA,NA,NA,NA,NA,NA,NA,2.81995997763179,12.0952826765876,19.9258118413603,24.4450352747345,NA,NA,NA,NA,NA,NA,NA,NA
2022-06-22 03:30:00,NA,16.78,20.23001,20.57999,20.63,NA,NA,NA,NA,NA,NA,NA,NA,NA,2.82498701475326,12.0983249176548,19.9492629141425,24.4258973978315,NA,NA,NA,NA,NA,NA,NA,NA
2022-06-22 03:40:00,NA,16.69,20.17001,20.60001,20.56,NA,NA,NA,NA,NA,NA,NA,NA,NA,2.82800636600929,12.0983249176548,19.9351916327968,24.4450352747345,NA,NA,NA,NA,NA,NA,NA,NA
2022-06-22 03:50:00,NA,16.59,20.04001,20.54999,20.56,NA,NA,NA,NA,NA,NA,NA,NA,NA,2.83304446485415,12.1044244407116,19.9351916327968,24.4402442613387,NA,NA,NA,NA,NA,NA,NA,NA
2022-06-22 04:00:00,NA,16.56,20.04001,20.51001,20.63,NA,NA,NA,NA,NA,NA,NA,NA,NA,2.83405286736431,12.0983249176548,19.9398818473711,24.4211238339495,NA,NA,NA,NA,NA,NA,NA,NA
2022-06-22 04:10:00,NA,16.45001,19.98999,20.48001,20.60999,NA,NA,NA,NA,NA,NA,NA,NA,NA,2.83808845740012,12.0952826765876,19.9398818473711,24.4211238339495,NA,NA,NA,NA,NA,NA,NA,NA
2022-06-22 04:20:00,NA,16.35001,19.82999,20.51999,20.45999,NA,NA,NA,NA,NA,NA,NA,NA,NA,2.84313960616621,12.1044244407116,19.9258118413603,24.45460117637,NA,NA,NA,NA,NA,NA,NA,NA
2022-06-22 04:30:00,NA,16.35001,19.85001,20.47,20.42999,NA,NA,NA,NA,NA,NA,NA,NA,NA,2.84313960616621,12.0952826765876,19.9258118413603,24.4593927590003,NA,NA,NA,NA,NA,NA,NA,NA
2022-06-22 04:40:00,NA,16.26999,19.85001,20.47,20.48001,NA,NA,NA,NA,NA,NA,NA,NA,NA,2.84819728408059,12.0830856551984,19.9211222645338,24.4450352747345,NA,NA,NA,NA,NA,NA,NA,NA
2022-06-22 04:50:00,NA,16.14001,19.82999,20.35001,20.45999,NA,NA,NA,NA,NA,NA,NA,NA,NA,2.85731731467614,12.0769952331325,19.9398818473711,24.4498181309002,NA,NA,NA,NA,NA,NA,NA,NA
2022-06-22 05:00:00,NA,16.16,19.59,20.28,20.42999,NA,NA,NA,NA,NA,NA,NA,NA,NA,2.86036148465904,12.1135820070932,19.9445722744923,24.45460117637,NA,NA,NA,NA,NA,NA,NA,NA
2022-06-22 05:10:00,NA,16.16,19.62,20.28,20.42999,NA,NA,NA,NA,NA,NA,NA,NA,NA,2.8644251317107,12.1013746158823,19.9398818473711,24.45460117637,NA,NA,NA,NA,NA,NA,NA,NA
2022-06-22 05:20:00,NA,16.16,19.59,20.29001,20.42999,NA,NA,NA,NA,NA,NA,NA,NA,NA,2.87052782173679,12.0952826765876,19.9305016307873,24.4498181309002,NA,NA,NA,NA,NA,NA,NA,NA
2022-06-22 05:30:00,NA,16.29999,19.60999,20.29001,20.42999,NA,NA,NA,NA,NA,NA,NA,NA,NA,2.86849334296927,12.0861347205831,19.9211222645338,24.4498181309002,NA,NA,NA,NA,NA,NA,NA,NA
2022-06-22 05:40:00,NA,16.37,19.51001,20.29001,20.42999,NA,NA,NA,NA,NA,NA,NA,NA,NA,2.87256485974407,12.0952826765876,19.9164409161514,24.4498181309002,NA,NA,NA,NA,NA,NA,NA,NA
2022-06-22 05:50:00,NA,16.53,19.39999,20.19,20.42999,NA,NA,NA,NA,NA,NA,NA,NA,NA,2.87256485974407,12.1013746158823,19.9305016307873,24.4450352747345,NA,NA,NA,NA,NA,NA,NA,NA
2022-06-22 06:00:00,NA,16.59,19.38,20.19,20.42999,NA,NA,NA,NA,NA,NA,NA,NA,NA,2.87867998972287,12.0983249176548,19.9211222645338,24.4402442613387,NA,NA,NA,NA,NA,NA,NA,NA
2022-06-22 06:10:00,NA,16.79999,19.32999,20.10999,20.41,NA,NA,NA,NA,NA,NA,NA,NA,NA,2.87970015774781,12.0983249176548,19.9351916327968,24.4450352747345,NA,NA,NA,NA,NA,NA,NA,NA
2022-06-22 06:20:00,NA,17.01001,19.20001,20.10001,20.42999,NA,NA,NA,NA,NA,NA,NA,NA,NA,2.88072033569043,12.1074817239,19.9258118413603,24.4402442613387,NA,NA,NA,NA,NA,NA,NA,NA
2022-06-22 06:30:00,NA,17.22,19.23999,20.07999,20.32999,NA,NA,NA,NA,NA,NA,NA,NA,NA,2.8837834497745,12.0983249176548,19.9211222645338,24.4593927590003,NA,NA,NA,NA,NA,NA,NA,NA
2022-06-22 06:40:00,NA,17.45999,19.26001,19.98001,20.32999,NA,NA,NA,NA,NA,NA,NA,NA,NA,2.8837834497745,12.0861347205831,19.9351916327968,24.45460117637,NA,NA,NA,NA,NA,NA,NA,NA
2022-06-22 06:50:00,NA,17.85001,19.19,19.95001,20.23001,NA,NA,NA,NA,NA,NA,NA,NA,NA,2.87867998972287,12.0922259010422,19.9351916327968,24.4737519487378,NA,NA,NA,NA,NA,NA,NA,NA
2022-06-22 07:00:00,NA,18.06,19.19,19.89001,20.28,NA,NA,NA,NA,NA,NA,NA,NA,NA,2.88480492787499,12.0922259010422,19.9398818473711,24.4593927590003,NA,NA,NA,NA,NA,NA,NA,NA
2022-06-22 07:10:00,NA,18.48999,19.14999,19.85001,20.28,NA,NA,NA,NA,NA,NA,NA,NA,NA,2.87867998972287,12.0952826765876,19.9445722744923,24.45460117637,NA,NA,NA,NA,NA,NA,NA,NA
2022-06-22 07:20:00,NA,18.79999,19.14001,19.87,20.23001,NA,NA,NA,NA,NA,NA,NA,NA,NA,2.87867998972287,12.0952826765876,19.9351916327968,24.4641761833673,NA,NA,NA,NA,NA,NA,NA,NA
2022-06-22 07:30:00,NA,19.09,19.10999,19.87,20.23001,NA,NA,NA,NA,NA,NA,NA,NA,NA,2.87766046171368,12.0952826765876,19.9258118413603,24.4641761833673,NA,NA,NA,NA,NA,NA,NA,NA
2022-06-22 07:40:00,NA,19.26001,19.06,19.85999,20.23001,NA,NA,NA,NA,NA,NA,NA,NA,NA,2.88072033569043,12.1013746158823,19.9211222645338,24.4593927590003,NA,NA,NA,NA,NA,NA,NA,NA
2022-06-22 07:50:00,NA,19.45001,19.06,19.92001,20.23001,NA,NA,NA,NA,NA,NA,NA,NA,NA,2.88276198167644,12.1013746158823,19.9023821130607,24.4593927590003,NA,NA,NA,NA,NA,NA,NA,NA
2022-06-22 08:00:00,NA,19.64001,19.10999,19.85001,20.26001,NA,NA,NA,NA,NA,NA,NA,NA,NA,2.88480492787499,12.0922259010422,19.9117517642159,24.4450352747345,NA,NA,NA,NA,NA,NA,NA,NA
2022-06-22 08:10:00,NA,19.89001,19.16,19.70999,20.20999,NA,NA,NA,NA,NA,NA,NA,NA,NA,2.88276198167644,12.0861347205831,19.9351916327968,24.45460117637,NA,NA,NA,NA,NA,NA,NA,NA
2022-06-22 08:20:00,NA,20.07999,19.12,19.75,20.20999,NA,NA,NA,NA,NA,NA,NA,NA,NA,2.88787068269056,12.0952826765876,19.9211222645338,24.4498181309002,NA,NA,NA,NA,NA,NA,NA,NA
2022-06-22 08:30:00,NA,20.34,19.23999,19.69,20.20999,NA,NA,NA,NA,NA,NA,NA,NA,NA,2.88991561987459,12.0800367164707,19.9305016307873,24.4450352747345,NA,NA,NA,NA,NA,NA,NA,NA
2022-06-22 08:40:00,NA,20.70001,19.28,19.69,20.13,NA,NA,NA,NA,NA,NA,NA,NA,NA,2.88684854431183,12.073946547442,19.9211222645338,24.4641761833673,NA,NA,NA,NA,NA,NA,NA,NA
2022-06-22 08:50:00,NA,21.10001,19.22,19.75,20.06,NA,NA,NA,NA,NA,NA,NA,NA,NA,2.8837834497745,12.0891839126157,19.9023821130607,24.4737519487378,NA,NA,NA,NA,NA,NA,NA,NA
2022-06-22 09:00:00,NA,21.51999,19.23999,19.69,20.06,NA,NA,NA,NA,NA,NA,NA,NA,NA,2.88276198167644,12.0891839126157,19.9117517642159,24.4737519487378,NA,NA,NA,NA,NA,NA,NA,NA
2022-06-22 09:10:00,NA,22.01001,19.25,19.73999,20.03,NA,NA,NA,NA,NA,NA,NA,NA,NA,2.88072033569043,12.0922259010422,19.8977016131502,24.4737519487378,NA,NA,NA,NA,NA,NA,NA,NA
2022-06-22 09:20:00,NA,22.56,19.29999,19.69,20.03,NA,NA,NA,NA,NA,NA,NA,NA,NA,2.87358307836815,12.0891839126157,19.9023821130607,24.4737519487378,NA,NA,NA,NA,NA,NA,NA,NA
2022-06-22 09:30:00,NA,23.22,19.35999,19.57999,20.03,NA,NA,NA,NA,NA,NA,NA,NA,NA,2.86239265899826,12.0861347205831,19.9211222645338,24.4689597969973,NA,NA,NA,NA,NA,NA,NA,NA
2022-06-22 09:40:00,NA,23.64999,19.38,19.64999,20.03,NA,NA,NA,NA,NA,NA,NA,NA,NA,2.86239265899826,12.0891839126157,19.9023821130607,24.4689597969973,NA,NA,NA,NA,NA,NA,NA,NA
2022-06-22 09:50:00,NA,24.25,19.42999,19.62,20.03,NA,NA,NA,NA,NA,NA,NA,NA,NA,2.85326086395914,12.0891839126157,19.9070708400338,24.4689597969973,NA,NA,NA,NA,NA,NA,NA,NA
2022-06-22 10:00:00,NA,24.82001,19.62,19.59,20.03,NA,NA,NA,NA,NA,NA,NA,NA,NA,2.84415061932812,12.0708979884362,19.9117517642159,24.4641761833673,NA,NA,NA,NA,NA,NA,NA,NA
2022-06-22 10:10:00,NA,25.32001,19.59,19.56,20.04999,NA,NA,NA,NA,NA,NA,NA,NA,NA,2.83808845740012,12.0830856551984,19.9117517642159,24.45460117637,NA,NA,NA,NA,NA,NA,NA,NA
2022-06-22 10:20:00,NA,25.70999,19.66,19.5,20.03,NA,NA,NA,NA,NA,NA,NA,NA,NA,2.83506127889352,12.0861347205831,19.9258118413603,24.4593927590003,NA,NA,NA,NA,NA,NA,NA,NA
2022-06-22 10:30:00,NA,26.14999,19.75,19.56,19.95999,NA,NA,NA,NA,NA,NA,NA,NA,NA,2.83304446485415,12.0830856551984,19.9070708400338,24.4689597969973,NA,NA,NA,NA,NA,NA,NA,NA
2022-06-22 10:40:00,NA,26.81,19.82999,19.5,19.92999,NA,NA,NA,NA,NA,NA,NA,NA,NA,2.81995997763179,12.0861347205831,19.9211222645338,24.4689597969973,NA,NA,NA,NA,NA,NA,NA,NA
2022-06-22 10:50:00,NA,27.39999,19.95999,19.62,20.01001,NA,NA,NA,NA,NA,NA,NA,NA,NA,2.81092609274641,12.0800367164707,19.8930213252206,24.45460117637,NA,NA,NA,NA,NA,NA,NA,NA
2022-06-22 11:00:00,NA,27.92999,20.04001,19.59,19.92999,NA,NA,NA,NA,NA,NA,NA,NA,NA,2.80591729438392,12.0830856551984,19.8977016131502,24.4689597969973,NA,NA,NA,NA,NA,NA,NA,NA
2022-06-22 11:10:00,NA,28.45001,20.25,19.60999,19.85999,NA,NA,NA,NA,NA,NA,NA,NA,NA,2.80091500457856,12.0678568839346,19.8977016131502,24.4833368218944,NA,NA,NA,NA,NA,NA,NA,NA
2022-06-22 11:20:00,NA,29.04001,20.28,19.5,19.82999,NA,NA,NA,NA,NA,NA,NA,NA,NA,2.78993198203565,12.0800367164707,19.9164409161514,24.4833368218944,NA,NA,NA,NA,NA,NA,NA,NA
2022-06-22 11:30:00,NA,29.48999,20.44,19.56,19.88,NA,NA,NA,NA,NA,NA,NA,NA,NA,2.78395448094383,12.0769952331325,19.9070708400338,24.4737519487378,NA,NA,NA,NA,NA,NA,NA,NA
2022-06-22 11:40:00,NA,30.01999,20.64999,19.73999,19.82999,NA,NA,NA,NA,NA,NA,NA,NA,NA,2.77500576822307,12.0648159055277,19.8696150537166,24.4833368218944,NA,NA,NA,NA,NA,NA,NA,NA
2022-06-22 11:50:00,NA,30.42001,20.73001,19.67001,19.85999,NA,NA,NA,NA,NA,NA,NA,NA,NA,2.76706930804112,12.0678568839346,19.883653372092,24.4785442903748,NA,NA,NA,NA,NA,NA,NA,NA
2022-06-22 12:00:00,NA,30.76001,20.85999,19.67999,19.82999,NA,NA,NA,NA,NA,NA,NA,NA,NA,2.76013797784288,12.0708979884362,19.8883332356431,24.4785442903748,NA,NA,NA,NA,NA,NA,NA,NA
2022-06-22 12:10:00,NA,30.97,21.07001,19.70999,19.82999,NA,NA,NA,NA,NA,NA,NA,NA,NA,2.75420720363301,12.0617750532246,19.883653372092,24.4785442903748,NA,NA,NA,NA,NA,NA,NA,NA
2022-06-22 12:20:00,NA,30.89999,21.28,19.70999,19.81,NA,NA,NA,NA,NA,NA,NA,NA,NA,2.75618304937831,12.0526459267389,19.8883332356431,24.4785442903748,NA,NA,NA,NA,NA,NA,NA,NA
2022-06-22 12:30:00,NA,30.76001,21.29999,19.73001,19.85999,NA,NA,NA,NA,NA,NA,NA,NA,NA,2.75618304937831,12.0708979884362,19.8883332356431,24.4689597969973,NA,NA,NA,NA,NA,NA,NA,NA
2022-06-22 12:40:00,NA,30.54999,21.51001,19.75,19.88,NA,NA,NA,NA,NA,NA,NA,NA,NA,2.76211706091693,12.0587270001357,19.883653372092,24.4641761833673,NA,NA,NA,NA,NA,NA,NA,NA
2022-06-22 12:50:00,NA,30.54999,21.70001,19.73001,19.82999,NA,NA,NA,NA,NA,NA,NA,NA,NA,2.76013797784288,12.0526459267389,19.8977016131502,24.4737519487378,NA,NA,NA,NA,NA,NA,NA,NA
2022-06-22 13:00:00,NA,30.37,21.79999,19.88,19.82999,NA,NA,NA,NA,NA,NA,NA,NA,NA,2.76013797784288,12.0556864003716,19.8696150537166,24.4689597969973,NA,NA,NA,NA,NA,NA,NA,NA
2022-06-22 13:10:00,NA,30.14999,21.94,19.87,19.82999,NA,NA,NA,NA,NA,NA,NA,NA,NA,2.76211706091693,12.0526459267389,19.8789737205753,24.4737519487378,NA,NA,NA,NA,NA,NA,NA,NA
2022-06-22 13:20:00,NA,30,22.07001,19.95999,19.82999,NA,NA,NA,NA,NA,NA,NA,NA,NA,2.76409680379292,12.0526459267389,19.8649360384101,24.4737519487378,NA,NA,NA,NA,NA,NA,NA,NA
2022-06-22 13:30:00,NA,30.13,22.14999,19.95999,19.82999,NA,NA,NA,NA,NA,NA,NA,NA,NA,2.76112751559947,12.0556864003716,19.8696150537166,24.4737519487378,NA,NA,NA,NA,NA,NA,NA,NA
2022-06-22 13:40:00,NA,30.54999,22.29999,19.98999,19.88,NA,NA,NA,NA,NA,NA,NA,NA,NA,2.74927243956483,12.0465653579038,19.8696150537166,24.4641761833673,NA,NA,NA,NA,NA,NA,NA,NA
2022-06-22 13:50:00,NA,30.97,22.38,20.04001,19.85999,NA,NA,NA,NA,NA,NA,NA,NA,NA,2.73745366530909,12.0496055792465,19.8696150537166,24.4689597969973,NA,NA,NA,NA,NA,NA,NA,NA
2022-06-22 14:00:00,NA,31.42001,22.48999,20.07999,19.92001,NA,NA,NA,NA,NA,NA,NA,NA,NA,2.72469320520388,12.0465653579038,19.8649360384101,24.4593927590003,NA,NA,NA,NA,NA,NA,NA,NA
2022-06-22 14:10:00,NA,31.63998,22.57001,20.06,19.85999,NA,NA,NA,NA,NA,NA,NA,NA,NA,2.71783893388061,12.0465653579038,19.8789737205753,24.4689597969973,NA,NA,NA,NA,NA,NA,NA,NA
2022-06-22 14:20:00,NA,31.72,22.59,20.10999,19.82999,NA,NA,NA,NA,NA,NA,NA,NA,NA,2.71490589461967,12.0556864003716,19.8742942811109,24.4785442903748,NA,NA,NA,NA,NA,NA,NA,NA
2022-06-22 14:30:00,NA,31.85001,22.75,20.20001,19.85999,NA,NA,NA,NA,NA,NA,NA,NA,NA,2.71002224255629,12.0435252627199,19.8602572352093,24.4785442903748,NA,NA,NA,NA,NA,NA,NA,NA
2022-06-22 14:40:00,NA,32.01999,22.79999,20.35001,19.91,NA,NA,NA,NA,NA,NA,NA,NA,NA,2.70417038100302,12.0526459267389,19.832212899088,24.4641761833673,NA,NA,NA,NA,NA,NA,NA,NA
2022-06-22 14:50:00,NA,32.26999,22.95999,20.25,19.98001,NA,NA,NA,NA,NA,NA,NA,NA,NA,2.69540937888107,12.0435252627199,19.8649360384101,24.4498181309002,NA,NA,NA,NA,NA,NA,NA,NA
2022-06-22 15:00:00,NA,32.29999,23.01999,20.29999,19.91,NA,NA,NA,NA,NA,NA,NA,NA,NA,2.69346458586577,12.0617750532246,19.8602572352093,24.4689597969973,NA,NA,NA,NA,NA,NA,NA,NA
2022-06-22 15:10:00,NA,32.38,23.17001,20.39001,19.95999,NA,NA,NA,NA,NA,NA,NA,NA,NA,2.68569950108765,12.0496055792465,19.8462301087973,24.4641761833673,NA,NA,NA,NA,NA,NA,NA,NA
2022-06-22 15:20:00,NA,32.25,23.20001,20.45001,20.01001,NA,NA,NA,NA,NA,NA,NA,NA,NA,2.68569950108765,12.0678568839346,19.8462301087973,24.45460117637,NA,NA,NA,NA,NA,NA,NA,NA
2022-06-22 15:30:00,NA,32.03,23.32999,20.5,20.03,NA,NA,NA,NA,NA,NA,NA,NA,NA,2.68860931743484,12.0587270001357,19.8415601638496,24.4498181309002,NA,NA,NA,NA,NA,NA,NA,NA
2022-06-22 15:40:00,NA,31.82001,23.44,20.5,20.01001,NA,NA,NA,NA,NA,NA,NA,NA,NA,2.68860931743484,12.0556864003716,19.8509082759375,24.4593927590003,NA,NA,NA,NA,NA,NA,NA,NA
2022-06-22 15:50:00,NA,31.63998,23.44,20.48001,20.03,NA,NA,NA,NA,NA,NA,NA,NA,NA,2.68763853373425,12.0678568839346,19.8649360384101,24.45460117637,NA,NA,NA,NA,NA,NA,NA,NA
2022-06-22 16:00:00,NA,31.37,23.62,20.67001,20.03,NA,NA,NA,NA,NA,NA,NA,NA,NA,2.6915217051001,12.0496055792465,19.8228744903588,24.4593927590003,NA,NA,NA,NA,NA,NA,NA,NA
2022-06-22 16:10:00,NA,31.04999,23.64999,20.69,20.07999,NA,NA,NA,NA,NA,NA,NA,NA,NA,2.696382099305,12.0465653579038,19.8275435889624,24.4498181309002,NA,NA,NA,NA,NA,NA,NA,NA
2022-06-22 16:20:00,NA,30.82001,23.79999,20.67001,20.03,NA,NA,NA,NA,NA,NA,NA,NA,NA,2.69735356758786,12.0313734679177,19.8415601638496,24.4641761833673,NA,NA,NA,NA,NA,NA,NA,NA
2022-06-22 16:30:00,NA,30.54999,23.85999,20.70999,20.03,NA,NA,NA,NA,NA,NA,NA,NA,NA,2.69930029809354,12.0313734679177,19.8415601638496,24.4689597969973,NA,NA,NA,NA,NA,NA,NA,NA
2022-06-22 16:40:00,NA,30.34,23.84,20.76999,20.06,NA,NA,NA,NA,NA,NA,NA,NA,NA,2.69832692969905,12.0404852937039,19.8415601638496,24.4641761833673,NA,NA,NA,NA,NA,NA,NA,NA
2022-06-22 16:50:00,NA,30.10001,23.85999,20.88,20.16,NA,NA,NA,NA,NA,NA,NA,NA,NA,2.69832692969905,12.0435252627199,19.8228744903588,24.4402442613387,NA,NA,NA,NA,NA,NA,NA,NA
2022-06-22 17:00:00,NA,29.73001,23.88,20.89999,20.07999,NA,NA,NA,NA,NA,NA,NA,NA,NA,2.70611971725101,12.0435252627199,19.8275435889624,24.4641761833673,NA,NA,NA,NA,NA,NA,NA,NA
2022-06-22 17:10:00,NA,29.57001,23.94,20.92001,20.20999,NA,NA,NA,NA,NA,NA,NA,NA,NA,2.70417038100302,12.0374454508649,19.832212899088,24.4402442613387,NA,NA,NA,NA,NA,NA,NA,NA
2022-06-22 17:20:00,NA,29.25,24.01001,20.95999,20.20999,NA,NA,NA,NA,NA,NA,NA,NA,NA,2.71099820474834,12.0313734679177,19.8275435889624,24.4402442613387,NA,NA,NA,NA,NA,NA,NA,NA
2022-06-22 17:30:00,NA,29.10001,24.04001,21.07999,20.23001,NA,NA,NA,NA,NA,NA,NA,NA,NA,2.71002224255629,12.0283340033608,19.8088684638574,24.4402442613387,NA,NA,NA,NA,NA,NA,NA,NA
2022-06-22 17:40:00,NA,28.98999,24.07001,21.13,20.23001,NA,NA,NA,NA,NA,NA,NA,NA,NA,2.70709439501742,12.0222627761485,19.8041922044072,24.4498181309002,NA,NA,NA,NA,NA,NA,NA,NA
2022-06-22 17:50:00,NA,28.78,24.07001,21.10999,20.23001,NA,NA,NA,NA,NA,NA,NA,NA,NA,2.70904565764082,12.0252946650177,19.8181975950941,24.4498181309002,NA,NA,NA,NA,NA,NA,NA,NA
2022-06-22 18:00:00,NA,28.59,24.07001,21.14999,20.26001,NA,NA,NA,NA,NA,NA,NA,NA,NA,2.71099820474834,12.0252946650177,19.8181975950941,24.4450352747345,NA,NA,NA,NA,NA,NA,NA,NA
2022-06-22 18:10:00,NA,28.38,24.04001,21.10999,20.26001,NA,NA,NA,NA,NA,NA,NA,NA,NA,2.71392864764256,12.0283340033608,19.832212899088,24.4498181309002,NA,NA,NA,NA,NA,NA,NA,NA
2022-06-22 18:20:00,NA,28.17001,24.07001,21.14001,20.28,NA,NA,NA,NA,NA,NA,NA,NA,NA,2.7168610377178,12.0222627761485,19.8275435889624,24.4498181309002,NA,NA,NA,NA,NA,NA,NA,NA
2022-06-22 18:30:00,NA,28,24.01999,21.23999,20.35999,NA,NA,NA,NA,NA,NA,NA,NA,NA,2.71881746600262,12.0252946650177,19.8135369277885,24.4354701303705,NA,NA,NA,NA,NA,NA,NA,NA
2022-06-22 18:40:00,NA,27.82001,24.07001,21.32001,20.42999,NA,NA,NA,NA,NA,NA,NA,NA,NA,2.71881746600262,12.0192310129037,19.8041922044072,24.4211238339495,NA,NA,NA,NA,NA,NA,NA,NA
2022-06-22 18:50:00,NA,27.54999,24.01999,21.34,20.48001,NA,NA,NA,NA,NA,NA,NA,NA,NA,2.72371337398609,12.0283340033608,19.8041922044072,24.4211238339495,NA,NA,NA,NA,NA,NA,NA,NA
2022-06-22 19:00:00,NA,27.35001,23.98999,21.34,20.42999,NA,NA,NA,NA,NA,NA,NA,NA,NA,2.72469320520388,12.0192310129037,19.8088684638574,24.4306878421998,NA,NA,NA,NA,NA,NA,NA,NA
2022-06-22 19:10:00,NA,27.14999,24,21.38,20.48001,NA,NA,NA,NA,NA,NA,NA,NA,NA,2.72469320520388,12.0252946650177,19.8041922044072,24.4258973978315,NA,NA,NA,NA,NA,NA,NA,NA
2022-06-22 19:20:00,NA,26.94,23.91,21.32001,20.45999,NA,NA,NA,NA,NA,NA,NA,NA,NA,2.72665288810976,12.0283340033608,19.8228744903588,24.4354701303705,NA,NA,NA,NA,NA,NA,NA,NA
2022-06-22 19:30:00,NA,26.51999,23.85999,21.35001,20.44,NA,NA,NA,NA,NA,NA,NA,NA,NA,2.73745366530909,12.0313734679177,19.8135369277885,24.4402442613387,NA,NA,NA,NA,NA,NA,NA,NA
2022-06-22 19:40:00,NA,26.26001,23.88,21.42999,20.48001,NA,NA,NA,NA,NA,NA,NA,NA,NA,2.74237351803709,12.0252946650177,19.7995321707921,24.4402442613387,NA,NA,NA,NA,NA,NA,NA,NA
2022-06-22 19:50:00,NA,26.14001,23.84,21.51001,20.42999,NA,NA,NA,NA,NA,NA,NA,NA,NA,2.74040480028988,12.0222627761485,19.7855373241136,24.4498181309002,NA,NA,NA,NA,NA,NA,NA,NA
2022-06-22 20:00:00,NA,25.91,23.84,21.53,20.56,NA,NA,NA,NA,NA,NA,NA,NA,NA,2.74237351803709,12.0161920526483,19.7855373241136,24.4258973978315,NA,NA,NA,NA,NA,NA,NA,NA
2022-06-22 20:10:00,NA,25.64001,23.82999,21.57001,20.57999,NA,NA,NA,NA,NA,NA,NA,NA,NA,2.74631355741588,12.0101218329332,19.7762111518097,24.4258973978315,NA,NA,NA,NA,NA,NA,NA,NA
2022-06-22 20:20:00,NA,25.39001,23.73001,21.53,20.63,NA,NA,NA,NA,NA,NA,NA,NA,NA,2.74927243956483,12.0192310129037,19.7901967242411,24.4163421138975,NA,NA,NA,NA,NA,NA,NA,NA
2022-06-22 20:30:00,NA,25.03,23.64999,21.54999,20.63,NA,NA,NA,NA,NA,NA,NA,NA,NA,2.75816018387747,12.0252946650177,19.7901967242411,24.4163421138975,NA,NA,NA,NA,NA,NA,NA,NA
2022-06-22 20:40:00,NA,24.79001,23.64999,21.53,20.66,NA,NA,NA,NA,NA,NA,NA,NA,NA,2.75914907710072,12.0161920526483,19.7948643416934,24.4163421138975,NA,NA,NA,NA,NA,NA,NA,NA
2022-06-22 20:50:00,NA,24.64001,23.63,21.53,20.63,NA,NA,NA,NA,NA,NA,NA,NA,NA,2.75914907710072,12.0131605409831,19.7948643416934,24.4211238339495,NA,NA,NA,NA,NA,NA,NA,NA
2022-06-22 21:00:00,NA,24.37,23.57001,21.57001,20.66,NA,NA,NA,NA,NA,NA,NA,NA,NA,2.76409680379292,12.0131605409831,19.7855373241136,24.4211238339495,NA,NA,NA,NA,NA,NA,NA,NA
2022-06-22 21:10:00,NA,24.16,23.48999,21.54999,20.63,NA,NA,NA,NA,NA,NA,NA,NA,NA,2.76706930804112,12.0161920526483,19.7901967242411,24.4306878421998,NA,NA,NA,NA,NA,NA,NA,NA
2022-06-22 21:20:00,NA,24,23.42001,21.54999,20.63,NA,NA,NA,NA,NA,NA,NA,NA,NA,2.76806015812324,12.0192310129037,19.7948643416934,24.4306878421998,NA,NA,NA,NA,NA,NA,NA,NA
2022-06-22 21:30:00,NA,23.81,23.44,21.53,20.63,NA,NA,NA,NA,NA,NA,NA,NA,NA,2.77103590223313,12.0070905728841,19.7948643416934,24.4354701303705,NA,NA,NA,NA,NA,NA,NA,NA
2022-06-22 21:40:00,NA,23.60001,23.38,21.53,20.73001,NA,NA,NA,NA,NA,NA,NA,NA,NA,2.7740129752489,12.0070905728841,19.7995321707921,24.4163421138975,NA,NA,NA,NA,NA,NA,NA,NA
2022-06-22 21:50:00,NA,23.39001,23.28,21.54999,20.76001,NA,NA,NA,NA,NA,NA,NA,NA,NA,2.7789807960384,12.0192310129037,19.7948643416934,24.411560583246,NA,NA,NA,NA,NA,NA,NA,NA
2022-06-22 22:00:00,NA,23.17999,23.23001,21.57999,20.78,NA,NA,NA,NA,NA,NA,NA,NA,NA,2.7849498714866,12.0131605409831,19.7901967242411,24.411560583246,NA,NA,NA,NA,NA,NA,NA,NA
2022-06-22 22:10:00,NA,23.14999,23.20001,21.60001,20.78,NA,NA,NA,NA,NA,NA,NA,NA,NA,2.77997488752415,12.0070905728841,19.7808701296443,24.411560583246,NA,NA,NA,NA,NA,NA,NA,NA
2022-06-22 22:20:00,NA,22.91,23.20001,21.56,20.81,NA,NA,NA,NA,NA,NA,NA,NA,NA,2.78694193591021,11.9979902259716,19.7901967242411,24.411560583246,NA,NA,NA,NA,NA,NA,NA,NA
2022-06-22 22:30:00,NA,22.73001,23.01999,21.54999,20.82999,NA,NA,NA,NA,NA,NA,NA,NA,NA,2.78993198203565,12.0131605409831,19.7901967242411,24.4067792420088,NA,NA,NA,NA,NA,NA,NA,NA
2022-06-22 22:40:00,NA,22.54001,23.01999,21.56,20.85999,NA,NA,NA,NA,NA,NA,NA,NA,NA,2.79392197239099,12.0040594385049,19.7901967242411,24.4020147780091,NA,NA,NA,NA,NA,NA,NA,NA
2022-06-22 22:50:00,NA,22.48001,22.95999,21.53,20.82999,NA,NA,NA,NA,NA,NA,NA,NA,NA,2.79192601640271,12.0040594385049,19.7901967242411,24.411560583246,NA,NA,NA,NA,NA,NA,NA,NA
2022-06-22 23:00:00,NA,22.29999,22.91,21.54999,20.82999,NA,NA,NA,NA,NA,NA,NA,NA,NA,2.79591922056595,11.9979902259716,19.7855373241136,24.411560583246,NA,NA,NA,NA,NA,NA,NA,NA
2022-06-22 23:10:00,NA,22.14001,22.79999,21.53,20.82999,NA,NA,NA,NA,NA,NA,NA,NA,NA,2.7999157052064,12.0070905728841,19.7855373241136,24.411560583246,NA,NA,NA,NA,NA,NA,NA,NA
2022-06-22 23:20:00,NA,21.91,22.75,21.53,20.82999,NA,NA,NA,NA,NA,NA,NA,NA,NA,2.80591729438392,12.0070905728841,19.7855373241136,24.4163421138975,NA,NA,NA,NA,NA,NA,NA,NA
2022-06-22 23:30:00,NA,21.70001,22.73001,21.53,20.85999,NA,NA,NA,NA,NA,NA,NA,NA,NA,2.81092609274641,11.9979902259716,19.7808701296443,24.4067792420088,NA,NA,NA,NA,NA,NA,NA,NA
2022-06-22 23:40:00,NA,21.51001,22.57001,21.53,20.82999,NA,NA,NA,NA,NA,NA,NA,NA,NA,2.81493819731017,12.0101218329332,19.7808701296443,24.4211238339495,NA,NA,NA,NA,NA,NA,NA,NA
2022-06-22 23:50:00,NA,21.45999,22.57001,21.54999,20.82999,NA,NA,NA,NA,NA,NA,NA,NA,NA,2.81393500082243,12.0010284298048,19.7715443803945,24.4163421138975,NA,NA,NA,NA,NA,NA,NA,NA
2022-06-23 00:00:00,NA,21.26999,22.54001,21.53,20.82999,NA,NA,NA,NA,NA,NA,NA,NA,NA,2.81795098750559,11.9949667894782,19.7762111518097,24.4211238339495,NA,NA,NA,NA,NA,NA,NA,NA
2022-06-23 00:10:00,NA,21.06,22.38,21.53,20.85999,NA,NA,NA,NA,NA,NA,NA,NA,NA,2.82398121185195,12.0101218329332,19.7715443803945,24.411560583246,NA,NA,NA,NA,NA,NA,NA,NA
2022-06-23 00:20:00,NA,20.95999,22.35999,21.53,20.84,NA,NA,NA,NA,NA,NA,NA,NA,NA,2.82498701475326,12.0040594385049,19.7668858249239,24.4163421138975,NA,NA,NA,NA,NA,NA,NA,NA
2022-06-23 00:30:00,NA,20.84,22.32999,21.53,20.85999,NA,NA,NA,NA,NA,NA,NA,NA,NA,2.82599345630535,11.9949667894782,19.7622274804805,24.411560583246,NA,NA,NA,NA,NA,NA,NA,NA
2022-06-23 00:40:00,NA,20.66,22.23001,21.51001,20.91,NA,NA,NA,NA,NA,NA,NA,NA,NA,2.83203607134758,12.0010284298048,19.7622274804805,24.4020147780091,NA,NA,NA,NA,NA,NA,NA,NA
2022-06-23 00:50:00,NA,20.5,22.14999,21.45001,20.85999,NA,NA,NA,NA,NA,NA,NA,NA,NA,2.83607032932928,12.0040594385049,19.7762111518097,24.411560583246,NA,NA,NA,NA,NA,NA,NA,NA
2022-06-23 01:00:00,NA,20.31,22.14999,21.51001,20.85999,NA,NA,NA,NA,NA,NA,NA,NA,NA,2.84111823733781,11.9949667894782,19.757569347082,24.411560583246,NA,NA,NA,NA,NA,NA,NA,NA
2022-06-23 01:10:00,NA,20.23999,22.01999,21.48001,20.82999,NA,NA,NA,NA,NA,NA,NA,NA,NA,2.84010788162905,12.0070905728841,19.757569347082,24.4211238339495,NA,NA,NA,NA,NA,NA,NA,NA
2022-06-23 01:20:00,NA,20.07001,21.94,21.39001,20.84,NA,NA,NA,NA,NA,NA,NA,NA,NA,2.84516227163225,12.0070905728841,19.7762111518097,24.4211238339495,NA,NA,NA,NA,NA,NA,NA,NA
2022-06-23 01:30:00,NA,20.04001,21.91,21.42999,20.91,NA,NA,NA,NA,NA,NA,NA,NA,NA,2.84313960616621,12.0010284298048,19.7622274804805,24.4020147780091,NA,NA,NA,NA,NA,NA,NA,NA
2022-06-23 01:40:00,NA,19.81,21.82999,21.32001,20.85999,NA,NA,NA,NA,NA,NA,NA,NA,NA,2.85022193205086,12.0070905728841,19.7855373241136,24.411560583246,NA,NA,NA,NA,NA,NA,NA,NA
2022-06-23 01:50:00,NA,19.67001,21.78,21.32001,20.85999,NA,NA,NA,NA,NA,NA,NA,NA,NA,2.85427449000032,12.0040594385049,19.7808701296443,24.411560583246,NA,NA,NA,NA,NA,NA,NA,NA
2022-06-23 02:00:00,NA,19.59,21.73001,21.32001,20.85999,NA,NA,NA,NA,NA,NA,NA,NA,NA,2.85528875544156,12.0040594385049,19.7762111518097,24.411560583246,NA,NA,NA,NA,NA,NA,NA,NA
2022-06-23 02:10:00,NA,19.5,21.70001,21.34,20.91,NA,NA,NA,NA,NA,NA,NA,NA,NA,2.85731731467614,12.0010284298048,19.7668858249239,24.4020147780091,NA,NA,NA,NA,NA,NA,NA,NA
2022-06-23 02:20:00,NA,19.35999,21.54001,21.34,20.85001,NA,NA,NA,NA,NA,NA,NA,NA,NA,2.86137706704828,12.0131605409831,19.7622274804805,24.4163421138975,NA,NA,NA,NA,NA,NA,NA,NA
2022-06-23 02:30:00,NA,19.29001,21.54001,21.23999,20.91,NA,NA,NA,NA,NA,NA,NA,NA,NA,2.86340889055295,12.0070905728841,19.7808701296443,24.4020147780091,NA,NA,NA,NA,NA,NA,NA,NA
2022-06-23 02:40:00,NA,19.20999,21.48999,21.23999,20.82999,NA,NA,NA,NA,NA,NA,NA,NA,NA,2.86544138248671,12.0010284298048,19.7762111518097,24.4211238339495,NA,NA,NA,NA,NA,NA,NA,NA
2022-06-23 02:50:00,NA,19.03,21.48999,21.19,20.82999,NA,NA,NA,NA,NA,NA,NA,NA,NA,2.87154602081884,11.9919361578699,19.7808701296443,24.4163421138975,NA,NA,NA,NA,NA,NA,NA,NA
2022-06-23 03:00:00,NA,19.04999,21.29999,21.23999,20.82999,NA,NA,NA,NA,NA,NA,NA,NA,NA,2.86849334296927,12.0131605409831,19.7668858249239,24.4163421138975,NA,NA,NA,NA,NA,NA,NA,NA
2022-06-23 03:10:00,NA,18.76999,21.28,21.14999,20.89001,NA,NA,NA,NA,NA,NA,NA,NA,NA,2.87970015774781,12.0101218329332,19.7808701296443,24.4020147780091,NA,NA,NA,NA,NA,NA,NA,NA
2022-06-23 03:20:00,NA,18.73001,21.28,21.13,20.85999,NA,NA,NA,NA,NA,NA,NA,NA,NA,2.87970015774781,12.0010284298048,19.7808701296443,24.4067792420088,NA,NA,NA,NA,NA,NA,NA,NA
2022-06-23 03:30:00,NA,18.63,21.25,21.09,20.82999,NA,NA,NA,NA,NA,NA,NA,NA,NA,2.88276198167644,11.9949667894782,19.7855373241136,24.411560583246,NA,NA,NA,NA,NA,NA,NA,NA
2022-06-23 03:40:00,NA,18.60001,21.09,21.09,20.85999,NA,NA,NA,NA,NA,NA,NA,NA,NA,2.88276198167644,12.0101218329332,19.7762111518097,24.4067792420088,NA,NA,NA,NA,NA,NA,NA,NA
2022-06-23 03:50:00,NA,18.38,21.07001,20.98001,20.82999,NA,NA,NA,NA,NA,NA,NA,NA,NA,2.89196248810141,12.0040594385049,19.7948643416934,24.411560583246,NA,NA,NA,NA,NA,NA,NA,NA
2022-06-23 04:00:00,NA,18.44,21.04001,21.13,20.84,NA,NA,NA,NA,NA,NA,NA,NA,NA,2.88787068269056,11.9979902259716,19.757569347082,24.4067792420088,NA,NA,NA,NA,NA,NA,NA,NA
2022-06-23 04:10:00,NA,18.28,20.88,21.01999,20.82999,NA,NA,NA,NA,NA,NA,NA,NA,NA,2.89503475733136,12.0161920526483,19.7762111518097,24.411560583246,NA,NA,NA,NA,NA,NA,NA,NA
2022-06-23 04:20:00,NA,18.25,20.85999,20.98001,20.82999,NA,NA,NA,NA,NA,NA,NA,NA,NA,2.89503475733136,12.0101218329332,19.7762111518097,24.4067792420088,NA,NA,NA,NA,NA,NA,NA,NA
2022-06-23 04:30:00,NA,18.17999,20.82999,20.92001,20.82999,NA,NA,NA,NA,NA,NA,NA,NA,NA,2.89913315014232,12.0070905728841,19.7855373241136,24.4067792420088,NA,NA,NA,NA,NA,NA,NA,NA
2022-06-23 04:40:00,NA,18.10001,20.81,20.94,20.82999,NA,NA,NA,NA,NA,NA,NA,NA,NA,2.90323674968112,12.0040594385049,19.7762111518097,24.4067792420088,NA,NA,NA,NA,NA,NA,NA,NA
2022-06-23 04:50:00,NA,18.01999,20.64999,20.89999,20.82999,NA,NA,NA,NA,NA,NA,NA,NA,NA,2.90837231284235,12.0222627761485,19.7808701296443,24.4020147780091,NA,NA,NA,NA,NA,NA,NA,NA
2022-06-23 05:00:00,NA,18.06,20.64999,20.89999,20.82999,NA,NA,NA,NA,NA,NA,NA,NA,NA,2.90837231284235,12.0131605409831,19.7762111518097,24.4020147780091,NA,NA,NA,NA,NA,NA,NA,NA
2022-06-23 05:10:00,NA,18,20.62,20.89001,20.76001,NA,NA,NA,NA,NA,NA,NA,NA,NA,2.91351381071505,12.0101218329332,19.7762111518097,24.4163421138975,NA,NA,NA,NA,NA,NA,NA,NA
2022-06-23 05:20:00,NA,18.01999,20.54001,20.81,20.82999,NA,NA,NA,NA,NA,NA,NA,NA,NA,2.91660186180036,12.0131605409831,19.7855373241136,24.3972338149804,NA,NA,NA,NA,NA,NA,NA,NA
2022-06-23 05:30:00,NA,18.01999,20.44,20.72,20.73001,NA,NA,NA,NA,NA,NA,NA,NA,NA,2.92175386949839,12.0222627761485,19.7995321707921,24.4163421138975,NA,NA,NA,NA,NA,NA,NA,NA
2022-06-23 05:40:00,NA,18.09,20.44,20.73001,20.76001,NA,NA,NA,NA,NA,NA,NA,NA,NA,2.9227858160949,12.0161920526483,19.7855373241136,24.411560583246,NA,NA,NA,NA,NA,NA,NA,NA
2022-06-23 05:50:00,NA,18.17001,20.38,20.69,20.70999,NA,NA,NA,NA,NA,NA,NA,NA,NA,2.92588109015742,12.0131605409831,19.7901967242411,24.4211238339495,NA,NA,NA,NA,NA,NA,NA,NA
2022-06-23 06:00:00,NA,18.28,20.38,20.76001,20.78,NA,NA,NA,NA,NA,NA,NA,NA,NA,2.92897898324266,12.0040594385049,19.7715443803945,24.4020147780091,NA,NA,NA,NA,NA,NA,NA,NA
2022-06-23 06:10:00,NA,18.48999,20.23001,20.73001,20.70999,NA,NA,NA,NA,NA,NA,NA,NA,NA,2.92691371033806,12.0222627761485,19.7668858249239,24.4163421138975,NA,NA,NA,NA,NA,NA,NA,NA
2022-06-23 06:20:00,NA,18.70001,20.23001,20.70999,20.70999,NA,NA,NA,NA,NA,NA,NA,NA,NA,2.92691371033806,12.0161920526483,19.7668858249239,24.4163421138975,NA,NA,NA,NA,NA,NA,NA,NA
2022-06-23 06:30:00,NA,18.98999,20.23001,20.60999,20.66,NA,NA,NA,NA,NA,NA,NA,NA,NA,2.9238171430637,12.0101218329332,19.7855373241136,24.4258973978315,NA,NA,NA,NA,NA,NA,NA,NA
2022-06-23 06:40:00,NA,19.26001,20.14999,20.53,20.67999,NA,NA,NA,NA,NA,NA,NA,NA,NA,2.9227858160949,12.0161920526483,19.7995321707921,24.4163421138975,NA,NA,NA,NA,NA,NA,NA,NA
2022-06-23 06:50:00,NA,19.54001,20.04001,20.53,20.66,NA,NA,NA,NA,NA,NA,NA,NA,NA,2.9227858160949,12.0283340033608,19.7901967242411,24.4211238339495,NA,NA,NA,NA,NA,NA,NA,NA
2022-06-23 07:00:00,NA,19.92001,20.04001,20.56,20.63,NA,NA,NA,NA,NA,NA,NA,NA,NA,2.91866250674942,12.0222627761485,19.7808701296443,24.4258973978315,NA,NA,NA,NA,NA,NA,NA,NA
2022-06-23 07:10:00,NA,20.16,20.04001,20.53,20.60001,NA,NA,NA,NA,NA,NA,NA,NA,NA,2.91969253004952,12.0192310129037,19.7762111518097,24.4306878421998,NA,NA,NA,NA,NA,NA,NA,NA
2022-06-23 07:20:00,NA,20.47,20.04001,20.45001,20.63,NA,NA,NA,NA,NA,NA,NA,NA,NA,2.91660186180036,12.0161920526483,19.7901967242411,24.4211238339495,NA,NA,NA,NA,NA,NA,NA,NA
2022-06-23 07:30:00,NA,20.64999,20.01999,20.57999,20.63,NA,NA,NA,NA,NA,NA,NA,NA,NA,2.91763186376281,12.0192310129037,19.757569347082,24.4163421138975,NA,NA,NA,NA,NA,NA,NA,NA
2022-06-23 07:40:00,NA,20.87,20.04001,20.42999,20.60999,NA,NA,NA,NA,NA,NA,NA,NA,NA,2.91763186376281,12.0161920526483,19.7855373241136,24.4211238339495,NA,NA,NA,NA,NA,NA,NA,NA
2022-06-23 07:50:00,NA,20.95999,20.01999,20.45999,20.60999,NA,NA,NA,NA,NA,NA,NA,NA,NA,2.92072319441627,12.0192310129037,19.7762111518097,24.4163421138975,NA,NA,NA,NA,NA,NA,NA,NA
2022-06-23 08:00:00,NA,21.19,20.01999,20.42999,20.63,NA,NA,NA,NA,NA,NA,NA,NA,NA,2.91866250674942,12.0192310129037,19.7762111518097,24.4067792420088,NA,NA,NA,NA,NA,NA,NA,NA
2022-06-23 08:10:00,NA,21.32999,20.01999,20.39001,20.57999,NA,NA,NA,NA,NA,NA,NA,NA,NA,2.92072319441627,12.0192310129037,19.7808701296443,24.4211238339495,NA,NA,NA,NA,NA,NA,NA,NA
2022-06-23 08:20:00,NA,21.47,20.09,20.26999,20.48001,NA,NA,NA,NA,NA,NA,NA,NA,NA,2.9238171430637,12.0131605409831,19.7995321707921,24.4450352747345,NA,NA,NA,NA,NA,NA,NA,NA
2022-06-23 08:30:00,NA,21.66,20.07001,20.29999,20.51001,NA,NA,NA,NA,NA,NA,NA,NA,NA,2.92484911121037,12.0192310129037,19.7855373241136,24.4306878421998,NA,NA,NA,NA,NA,NA,NA,NA
2022-06-23 08:40:00,NA,21.76001,20.14999,20.29001,20.45999,NA,NA,NA,NA,NA,NA,NA,NA,NA,2.93001163599588,12.0070905728841,19.7855373241136,24.4402442613387,NA,NA,NA,NA,NA,NA,NA,NA
2022-06-23 08:50:00,NA,22.14001,20.20001,20.31,20.45999,NA,NA,NA,NA,NA,NA,NA,NA,NA,2.92484911121037,12.0010284298048,19.7762111518097,24.4402442613387,NA,NA,NA,NA,NA,NA,NA,NA
2022-06-23 09:00:00,NA,22.57999,20.23001,20.29001,20.44,NA,NA,NA,NA,NA,NA,NA,NA,NA,2.91969253004952,12.0010284298048,19.7808701296443,24.4402442613387,NA,NA,NA,NA,NA,NA,NA,NA
2022-06-23 09:10:00,NA,23.19,20.23001,20.35001,20.42999,NA,NA,NA,NA,NA,NA,NA,NA,NA,2.90734429691975,12.0040594385049,19.7622274804805,24.4402442613387,NA,NA,NA,NA,NA,NA,NA,NA
2022-06-23 09:20:00,NA,23.64999,20.23001,20.26999,20.42999,NA,NA,NA,NA,NA,NA,NA,NA,NA,2.90529018732035,12.0070905728841,19.7762111518097,24.4354701303705,NA,NA,NA,NA,NA,NA,NA,NA
2022-06-23 09:30:00,NA,24.28,20.25,20.32999,20.42999,NA,NA,NA,NA,NA,NA,NA,NA,NA,2.8940100271788,12.0101218329332,19.757569347082,24.4354701303705,NA,NA,NA,NA,NA,NA,NA,NA
2022-06-23 09:40:00,NA,24.89001,20.41,20.32999,20.41,NA,NA,NA,NA,NA,NA,NA,NA,NA,2.8837834497745,11.9919361578699,19.7529114247463,24.4354701303705,NA,NA,NA,NA,NA,NA,NA,NA
2022-06-23 09:50:00,NA,25.53,20.44,20.31,20.42999,NA,NA,NA,NA,NA,NA,NA,NA,NA,2.87052782173679,11.9949667894782,19.757569347082,24.4258973978315,NA,NA,NA,NA,NA,NA,NA,NA
2022-06-23 10:00:00,NA,26.07999,20.44,20.20001,20.42999,NA,NA,NA,NA,NA,NA,NA,NA,NA,2.8644251317107,12.0040594385049,19.7808701296443,24.4258973978315,NA,NA,NA,NA,NA,NA,NA,NA
2022-06-23 10:10:00,NA,26.60999,20.48999,20.16,20.41,NA,NA,NA,NA,NA,NA,NA,NA,NA,2.85630303032841,12.0040594385049,19.7901967242411,24.4258973978315,NA,NA,NA,NA,NA,NA,NA,NA
2022-06-23 10:20:00,NA,27.23001,20.64999,20.16,20.42999,NA,NA,NA,NA,NA,NA,NA,NA,NA,2.84516227163225,11.9919361578699,19.7855373241136,24.4211238339495,NA,NA,NA,NA,NA,NA,NA,NA
2022-06-23 10:30:00,NA,27.66,20.64999,20.26001,20.42999,NA,NA,NA,NA,NA,NA,NA,NA,NA,2.83909879484414,12.0040594385049,19.757569347082,24.4211238339495,NA,NA,NA,NA,NA,NA,NA,NA
2022-06-23 10:40:00,NA,28.16,20.85999,20.20999,20.29001,NA,NA,NA,NA,NA,NA,NA,NA,NA,2.82901346402491,11.9828450173744,19.7715443803945,24.4498181309002,NA,NA,NA,NA,NA,NA,NA,NA
2022-06-23 10:50:00,NA,28.63,20.88,20.17999,20.26001,NA,NA,NA,NA,NA,NA,NA,NA,NA,2.82096385600099,11.9949667894782,19.7762111518097,24.45460117637,NA,NA,NA,NA,NA,NA,NA,NA
2022-06-23 11:00:00,NA,29.07999,21.07001,20.17999,20.31,NA,NA,NA,NA,NA,NA,NA,NA,NA,2.8099241900938,11.9828450173744,19.7762111518097,24.4402442613387,NA,NA,NA,NA,NA,NA,NA,NA
2022-06-23 11:10:00,NA,29.38998,21.12,20.23999,20.31,NA,NA,NA,NA,NA,NA,NA,NA,NA,2.80591729438392,11.9858752718089,19.7622274804805,24.4402442613387,NA,NA,NA,NA,NA,NA,NA,NA
2022-06-23 11:20:00,NA,29.94,21.28,20.23999,20.28,NA,NA,NA,NA,NA,NA,NA,NA,NA,2.79192601640271,11.9828450173744,19.7622274804805,24.4450352747345,NA,NA,NA,NA,NA,NA,NA,NA
2022-06-23 11:30:00,NA,30.37,21.32999,20.26001,20.26001,NA,NA,NA,NA,NA,NA,NA,NA,NA,2.78594589966774,11.9979902259716,19.7622274804805,24.4450352747345,NA,NA,NA,NA,NA,NA,NA,NA
2022-06-23 11:40:00,NA,30.82001,21.48999,20.29001,20.23001,NA,NA,NA,NA,NA,NA,NA,NA,NA,2.7789807960384,11.9889056519771,19.757569347082,24.45460117637,NA,NA,NA,NA,NA,NA,NA,NA
2022-06-23 11:50:00,NA,31.39999,21.59,20.37,20.23001,NA,NA,NA,NA,NA,NA,NA,NA,NA,2.76409680379292,11.9919361578699,19.7389389242927,24.45460117637,NA,NA,NA,NA,NA,NA,NA,NA
2022-06-23 12:00:00,NA,31.85001,21.73001,20.26999,20.23001,NA,NA,NA,NA,NA,NA,NA,NA,NA,2.75420720363301,11.9889056519771,19.7668858249239,24.45460117637,NA,NA,NA,NA,NA,NA,NA,NA
2022-06-23 12:10:00,NA,32.26999,21.91,20.35001,20.28,NA,NA,NA,NA,NA,NA,NA,NA,NA,2.74631355741588,11.9828450173744,19.7529114247463,24.4354701303705,NA,NA,NA,NA,NA,NA,NA,NA
2022-06-23 12:20:00,NA,32.72,22.07001,20.26999,20.23001,NA,NA,NA,NA,NA,NA,NA,NA,NA,2.73548753616027,11.9798148886827,19.7715443803945,24.45460117637,NA,NA,NA,NA,NA,NA,NA,NA
2022-06-23 12:30:00,NA,33.14999,22.17001,20.32001,20.26001,NA,NA,NA,NA,NA,NA,NA,NA,NA,2.72371337398609,11.9858752718089,19.7622274804805,24.4450352747345,NA,NA,NA,NA,NA,NA,NA,NA
2022-06-23 12:40:00,NA,33.57001,22.35999,20.34,20.26001,NA,NA,NA,NA,NA,NA,NA,NA,NA,2.71099820474834,11.9767922044391,19.7622274804805,24.4402442613387,NA,NA,NA,NA,NA,NA,NA,NA
2022-06-23 12:50:00,NA,33.94,22.57001,20.38,20.26001,NA,NA,NA,NA,NA,NA,NA,NA,NA,2.69832692969905,11.9677102670965,19.757569347082,24.4402442613387,NA,NA,NA,NA,NA,NA,NA,NA
2022-06-23 13:00:00,NA,34.20001,22.59,20.45001,20.23001,NA,NA,NA,NA,NA,NA,NA,NA,NA,2.68957947805876,11.9858752718089,19.7529114247463,24.4498181309002,NA,NA,NA,NA,NA,NA,NA,NA
2022-06-23 13:10:00,NA,34.42001,22.82999,20.51999,20.23001,NA,NA,NA,NA,NA,NA,NA,NA,NA,2.68182213698132,11.9737623269566,19.7435962133339,24.4498181309002,NA,NA,NA,NA,NA,NA,NA,NA
2022-06-23 13:20:00,NA,34.63,23.01999,20.5,20.23001,NA,NA,NA,NA,NA,NA,NA,NA,NA,2.67214769872974,11.9677102670965,19.7529114247463,24.4498181309002,NA,NA,NA,NA,NA,NA,NA,NA
2022-06-23 13:30:00,NA,34.84,23.20001,20.45999,20.26001,NA,NA,NA,NA,NA,NA,NA,NA,NA,2.6663557685761,11.9646880841303,19.7715443803945,24.4450352747345,NA,NA,NA,NA,NA,NA,NA,NA
2022-06-23 13:40:00,NA,35.06,23.35999,20.54001,20.28,NA,NA,NA,NA,NA,NA,NA,NA,NA,2.65672249988662,11.9616660263544,19.757569347082,24.4402442613387,NA,NA,NA,NA,NA,NA,NA,NA
2022-06-23 13:50:00,NA,35.23001,23.44,20.64001,20.26001,NA,NA,NA,NA,NA,NA,NA,NA,NA,2.64999324836249,11.9707398933335,19.7435962133339,24.4450352747345,NA,NA,NA,NA,NA,NA,NA,NA
2022-06-23 14:00:00,NA,35.42001,23.63,20.67001,20.26001,NA,NA,NA,NA,NA,NA,NA,NA,NA,2.64040366209775,11.9677102670965,19.7435962133339,24.4450352747345,NA,NA,NA,NA,NA,NA,NA,NA
2022-06-23 14:10:00,NA,35.59,23.78,20.69,20.28,NA,NA,NA,NA,NA,NA,NA,NA,NA,2.63370521826648,11.9707398933335,19.7482457107324,24.4402442613387,NA,NA,NA,NA,NA,NA,NA,NA
2022-06-23 14:20:00,NA,35.92999,23.85999,20.69,20.28,NA,NA,NA,NA,NA,NA,NA,NA,NA,2.6165381674996,11.9798148886827,19.757569347082,24.4450352747345,NA,NA,NA,NA,NA,NA,NA,NA
2022-06-23 14:30:00,NA,35.98001,24.07001,20.84,20.28,NA,NA,NA,NA,NA,NA,NA,NA,NA,2.61558665326506,11.9707398933335,19.7342818463852,24.4450352747345,NA,NA,NA,NA,NA,NA,NA,NA
2022-06-23 14:40:00,NA,36.23999,24.28,20.89999,20.41,NA,NA,NA,NA,NA,NA,NA,NA,NA,2.60419021405955,11.958636776902,19.729624979629,24.4211238339495,NA,NA,NA,NA,NA,NA,NA,NA
2022-06-23 14:50:00,NA,36.37,24.34,20.89999,20.42999,NA,NA,NA,NA,NA,NA,NA,NA,NA,2.59661263957164,11.9677102670965,19.7389389242927,24.4163421138975,NA,NA,NA,NA,NA,NA,NA,NA
2022-06-23 15:00:00,NA,36.45999,24.5,20.92001,20.42999,NA,NA,NA,NA,NA,NA,NA,NA,NA,2.58905168065777,11.9646880841303,19.7435962133339,24.4211238339495,NA,NA,NA,NA,NA,NA,NA,NA
2022-06-23 15:10:00,NA,36.45999,24.66,21.13,20.42999,NA,NA,NA,NA,NA,NA,NA,NA,NA,2.58433438637757,11.9616660263544,19.7110156241868,24.4211238339495,NA,NA,NA,NA,NA,NA,NA,NA
2022-06-23 15:20:00,NA,36.42999,24.73999,21.10999,20.42999,NA,NA,NA,NA,NA,NA,NA,NA,NA,2.57773964357141,11.9707398933335,19.7249763249872,24.4258973978315,NA,NA,NA,NA,NA,NA,NA,NA
2022-06-23 15:30:00,NA,36.31,24.89001,21.14999,20.42999,NA,NA,NA,NA,NA,NA,NA,NA,NA,2.57303704088257,11.9677102670965,19.729624979629,24.4258973978315,NA,NA,NA,NA,NA,NA,NA,NA
2022-06-23 15:40:00,NA,35.98001,25.07999,21.19,20.42999,NA,NA,NA,NA,NA,NA,NA,NA,NA,2.57397767978551,11.9556149698374,19.729624979629,24.4306878421998,NA,NA,NA,NA,NA,NA,NA,NA
2022-06-23 15:50:00,NA,35.51001,25.10999,21.32001,20.42999,NA,NA,NA,NA,NA,NA,NA,NA,NA,2.57491769359276,11.9677102670965,19.7110156241868,24.4354701303705,NA,NA,NA,NA,NA,NA,NA,NA
2022-06-23 16:00:00,NA,34.88998,25.29999,21.34,20.48001,NA,NA,NA,NA,NA,NA,NA,NA,NA,2.58339181960368,11.958636776902,19.7203198802242,24.4258973978315,NA,NA,NA,NA,NA,NA,NA,NA
2022-06-23 16:10:00,NA,34.29999,25.29999,21.39999,20.53,NA,NA,NA,NA,NA,NA,NA,NA,NA,2.59472111767018,11.9737623269566,19.7156716468858,24.4163421138975,NA,NA,NA,NA,NA,NA,NA,NA
2022-06-23 16:20:00,NA,34.13,25.45999,21.54999,20.60999,NA,NA,NA,NA,NA,NA,NA,NA,NA,2.59094063837834,11.9616660263544,19.6924176411883,24.4020147780091,NA,NA,NA,NA,NA,NA,NA,NA
2022-06-23 16:30:00,NA,33.92999,25.54999,21.56,20.63,NA,NA,NA,NA,NA,NA,NA,NA,NA,2.59094063837834,11.9556149698374,19.7017122116586,24.4020147780091,NA,NA,NA,NA,NA,NA,NA,NA
2022-06-23 16:40:00,NA,33.73999,25.48999,21.64001,20.63,NA,NA,NA,NA,NA,NA,NA,NA,NA,2.5899961575105,11.9707398933335,19.6970728199096,24.4067792420088,NA,NA,NA,NA,NA,NA,NA,NA
2022-06-23 16:50:00,NA,33.63998,25.57001,21.73999,20.63,NA,NA,NA,NA,NA,NA,NA,NA,NA,2.58433438637757,11.9646880841303,19.6877706718227,24.411560583246,NA,NA,NA,NA,NA,NA,NA,NA
2022-06-23 17:00:00,NA,33.35999,25.66,21.73999,20.63,NA,NA,NA,NA,NA,NA,NA,NA,NA,2.58810783661102,11.958636776902,19.6970728199096,24.4163421138975,NA,NA,NA,NA,NA,NA,NA,NA
2022-06-23 17:10:00,NA,33.10001,25.67999,21.82001,20.66,NA,NA,NA,NA,NA,NA,NA,NA,NA,2.5899961575105,11.958636776902,19.6877706718227,24.4163421138975,NA,NA,NA,NA,NA,NA,NA,NA
2022-06-23 17:20:00,NA,32.88998,25.78,21.95001,20.70999,NA,NA,NA,NA,NA,NA,NA,NA,NA,2.59283024105336,11.9465502999856,19.673831027416,24.411560583246,NA,NA,NA,NA,NA,NA,NA,NA
2022-06-23 17:30:00,NA,32.72,25.70001,21.95001,20.76001,NA,NA,NA,NA,NA,NA,NA,NA,NA,2.59094063837834,11.9616660263544,19.6831239130603,24.4020147780091,NA,NA,NA,NA,NA,NA,NA,NA
2022-06-23 17:40:00,NA,32.48001,25.78,21.95001,20.82999,NA,NA,NA,NA,NA,NA,NA,NA,NA,2.59188575209876,11.9495717313702,19.6924176411883,24.3972338149804,NA,NA,NA,NA,NA,NA,NA,NA
2022-06-23 17:50:00,NA,32.14999,25.76999,22.07999,20.82999,NA,NA,NA,NA,NA,NA,NA,NA,NA,2.59566687655415,11.9525932879905,19.6784773649189,24.4020147780091,NA,NA,NA,NA,NA,NA,NA,NA
2022-06-23 18:00:00,NA,31.85001,25.70999,22.10999,20.82999,NA,NA,NA,NA,NA,NA,NA,NA,NA,2.59661263957164,11.9616660263544,19.673831027416,24.4067792420088,NA,NA,NA,NA,NA,NA,NA,NA
2022-06-23 18:10:00,NA,31.42001,25.70999,22.16,20.82999,NA,NA,NA,NA,NA,NA,NA,NA,NA,2.60419021405955,11.9616660263544,19.673831027416,24.411560583246,NA,NA,NA,NA,NA,NA,NA,NA
2022-06-23 18:20:00,NA,31.19,25.73999,22.20999,20.91,NA,NA,NA,NA,NA,NA,NA,NA,NA,2.60324253072278,11.9495717313702,19.6691928971645,24.3972338149804,NA,NA,NA,NA,NA,NA,NA,NA
2022-06-23 18:30:00,NA,30.89999,25.73001,22.20999,20.94,NA,NA,NA,NA,NA,NA,NA,NA,NA,2.60798539276335,11.9525932879905,19.673831027416,24.3924530414073,NA,NA,NA,NA,NA,NA,NA,NA
2022-06-23 18:40:00,NA,30.57999,25.70999,22.29001,20.98999,NA,NA,NA,NA,NA,NA,NA,NA,NA,2.6127346533721,11.9525932879905,19.6645469806294,24.3876724573036,NA,NA,NA,NA,NA,NA,NA,NA
2022-06-23 18:50:00,NA,30.34,25.67999,22.37,21.01001,NA,NA,NA,NA,NA,NA,NA,NA,NA,2.61558665326506,11.9525932879905,19.6552637751598,24.3924530414073,NA,NA,NA,NA,NA,NA,NA,NA
2022-06-23 19:00:00,NA,30.10001,25.67999,22.39999,21.01001,NA,NA,NA,NA,NA,NA,NA,NA,NA,2.61558665326506,11.9465502999856,19.6552637751598,24.3972338149804,NA,NA,NA,NA,NA,NA,NA,NA
2022-06-23 19:10:00,NA,29.73001,25.73999,22.37,21.04001,NA,NA,NA,NA,NA,NA,NA,NA,NA,2.62225112310738,11.9314450219156,19.6645469806294,24.3924530414073,NA,NA,NA,NA,NA,NA,NA,NA
2022-06-23 19:20:00,NA,29.44,25.67999,22.39999,21.09,NA,NA,NA,NA,NA,NA,NA,NA,NA,2.62511080857651,11.9374867573368,19.6691928971645,24.3876724573036,NA,NA,NA,NA,NA,NA,NA,NA
2022-06-23 19:30:00,NA,29.14999,25.72,22.42001,21.06,NA,NA,NA,NA,NA,NA,NA,NA,NA,2.62797368146531,11.9254111011946,19.6691928971645,24.3972338149804,NA,NA,NA,NA,NA,NA,NA,NA
2022-06-23 19:40:00,NA,28.82999,25.60001,22.53,21.12,NA,NA,NA,NA,NA,NA,NA,NA,NA,2.63370521826648,11.9374867573368,19.6506184903903,24.3876724573036,NA,NA,NA,NA,NA,NA,NA,NA
2022-06-23 19:50:00,NA,28.54001,25.51999,22.60999,21.17999,NA,NA,NA,NA,NA,NA,NA,NA,NA,2.6375311632073,11.9435289938458,19.6366998887368,24.3781201998115,NA,NA,NA,NA,NA,NA,NA,NA
2022-06-23 20:00:00,NA,28.22,25.53,22.60999,21.23999,NA,NA,NA,NA,NA,NA,NA,NA,NA,2.64040366209775,11.9314450219156,19.6413445419442,24.3733485257898,NA,NA,NA,NA,NA,NA,NA,NA
2022-06-23 20:10:00,NA,27.92999,25.51001,22.60999,21.23999,NA,NA,NA,NA,NA,NA,NA,NA,NA,2.64327746462445,11.9284316559789,19.6459734163656,24.3781201998115,NA,NA,NA,NA,NA,NA,NA,NA
2022-06-23 20:20:00,NA,27.51001,25.42001,22.57999,21.22,NA,NA,NA,NA,NA,NA,NA,NA,NA,2.65287601304795,11.9344658269857,19.6552637751598,24.3876724573036,NA,NA,NA,NA,NA,NA,NA,NA
2022-06-23 20:30:00,NA,27.29999,25.32999,22.60999,21.26001,NA,NA,NA,NA,NA,NA,NA,NA,NA,2.65287601304795,11.9374867573368,19.6552637751598,24.382892062683,NA,NA,NA,NA,NA,NA,NA,NA
2022-06-23 20:40:00,NA,26.87,25.26001,22.60999,21.29001,NA,NA,NA,NA,NA,NA,NA,NA,NA,2.66346271043938,11.9405078129599,19.6552637751598,24.3781201998115,NA,NA,NA,NA,NA,NA,NA,NA
2022-06-23 20:50:00,NA,26.64999,25.34,22.60999,21.26001,NA,NA,NA,NA,NA,NA,NA,NA,NA,2.66442705756507,11.9193776804933,19.6599012747861,24.3924530414073,NA,NA,NA,NA,NA,NA,NA,NA
2022-06-23 21:00:00,NA,26.26001,25.29999,22.67999,21.29001,NA,NA,NA,NA,NA,NA,NA,NA,NA,2.67408090415245,11.9163575013573,19.6413445419442,24.3876724573036,NA,NA,NA,NA,NA,NA,NA,NA
2022-06-23 21:10:00,NA,26.01999,25.12,22.66,21.35999,NA,NA,NA,NA,NA,NA,NA,NA,NA,2.67794927180616,11.9284316559789,19.6506184903903,24.3733485257898,NA,NA,NA,NA,NA,NA,NA,NA
2022-06-23 21:20:00,NA,25.81,25.09,22.70999,21.44,NA,NA,NA,NA,NA,NA,NA,NA,NA,2.67891685014346,11.9254111011946,19.6413445419442,24.3590262960295,NA,NA,NA,NA,NA,NA,NA,NA
2022-06-23 21:30:00,NA,25.66,25.13,22.70999,21.41,NA,NA,NA,NA,NA,NA,NA,NA,NA,2.67794927180616,11.910332143149,19.6413445419442,24.3685770406317,NA,NA,NA,NA,NA,NA,NA,NA
2022-06-23 21:40:00,NA,25.28,24.98001,22.67999,21.45999,NA,NA,NA,NA,NA,NA,NA,NA,NA,2.68957947805876,11.9193776804933,19.6459734163656,24.3638057443508,NA,NA,NA,NA,NA,NA,NA,NA
2022-06-23 21:50:00,NA,25.04001,24.88,22.79001,21.45999,NA,NA,NA,NA,NA,NA,NA,NA,NA,2.69443666468188,11.9223979849557,19.6227911728848,24.3685770406317,NA,NA,NA,NA,NA,NA,NA,NA
2022-06-23 22:00:00,NA,24.85001,24.94,22.79001,21.42001,NA,NA,NA,NA,NA,NA,NA,NA,NA,2.69735356758786,11.9042999725101,19.6227911728848,24.382892062683,NA,NA,NA,NA,NA,NA,NA,NA
2022-06-23 22:10:00,NA,24.60999,24.67999,22.79001,21.45999,NA,NA,NA,NA,NA,NA,NA,NA,NA,2.70124768300731,11.9314450219156,19.6227911728848,24.3733485257898,NA,NA,NA,NA,NA,NA,NA,NA
2022-06-23 22:20:00,NA,24.44,24.70999,22.70999,21.48999,NA,NA,NA,NA,NA,NA,NA,NA,NA,2.70417038100302,11.9163575013573,19.6413445419442,24.3685770406317,NA,NA,NA,NA,NA,NA,NA,NA
2022-06-23 22:30:00,NA,24.17999,24.66,22.79001,21.51001,NA,NA,NA,NA,NA,NA,NA,NA,NA,2.71002224255629,11.9133447598841,19.6227911728848,24.3638057443508,NA,NA,NA,NA,NA,NA,NA,NA
2022-06-23 22:40:00,NA,24.09,24.5,22.76001,21.45999,NA,NA,NA,NA,NA,NA,NA,NA,NA,2.71002224255629,11.9254111011946,19.6227911728848,24.382892062683,NA,NA,NA,NA,NA,NA,NA,NA
2022-06-23 22:50:00,NA,23.91,24.5,22.79001,21.56,NA,NA,NA,NA,NA,NA,NA,NA,NA,2.71295140726637,11.9133447598841,19.6135197462501,24.3638057443508,NA,NA,NA,NA,NA,NA,NA,NA
2022-06-23 23:00:00,NA,23.70001,24.42001,22.70999,21.64001,NA,NA,NA,NA,NA,NA,NA,NA,NA,2.71783893388061,11.9163575013573,19.6366998887368,24.3447224482745,NA,NA,NA,NA,NA,NA,NA,NA
2022-06-23 23:10:00,NA,23.54001,24.29999,22.70999,21.66,NA,NA,NA,NA,NA,NA,NA,NA,NA,2.71979600482578,11.9193776804933,19.632063440023,24.3447224482745,NA,NA,NA,NA,NA,NA,NA,NA
2022-06-23 23:20:00,NA,23.35001,24.29999,22.70999,21.62,NA,NA,NA,NA,NA,NA,NA,NA,NA,2.72567241392588,11.9073123394391,19.6274272013998,24.3542637184758,NA,NA,NA,NA,NA,NA,NA,NA
2022-06-23 23:30:00,NA,23.17999,24.20999,22.66,21.64001,NA,NA,NA,NA,NA,NA,NA,NA,NA,2.7286144864002,11.910332143149,19.6366998887368,24.3542637184758,NA,NA,NA,NA,NA,NA,NA,NA
2022-06-23 23:40:00,NA,23.12,24.09,22.60999,21.66,NA,NA,NA,NA,NA,NA,NA,NA,NA,2.72665288810976,11.9193776804933,19.6459734163656,24.349492988909,NA,NA,NA,NA,NA,NA,NA,NA
2022-06-23 23:50:00,NA,22.92001,24.07001,22.60999,21.64001,NA,NA,NA,NA,NA,NA,NA,NA,NA,2.73057737095094,11.910332143149,19.6413445419442,24.3542637184758,NA,NA,NA,NA,NA,NA,NA,NA
2022-06-24 00:00:00,NA,22.73001,24.04001,22.60999,21.64001,NA,NA,NA,NA,NA,NA,NA,NA,NA,2.73548753616027,11.9012877303462,19.6413445419442,24.3542637184758,NA,NA,NA,NA,NA,NA,NA,NA
2022-06-24 00:10:00,NA,22.54001,23.88,22.60999,21.66,NA,NA,NA,NA,NA,NA,NA,NA,NA,2.74040480028988,11.9163575013573,19.6366998887368,24.3542637184758,NA,NA,NA,NA,NA,NA,NA,NA
2022-06-24 00:20:00,NA,22.39001,23.85999,22.60999,21.64001,NA,NA,NA,NA,NA,NA,NA,NA,NA,2.74237351803709,11.910332143149,19.632063440023,24.3590262960295,NA,NA,NA,NA,NA,NA,NA,NA
2022-06-24 00:30:00,NA,22.25,23.78,22.60999,21.64001,NA,NA,NA,NA,NA,NA,NA,NA,NA,2.74434289389014,11.910332143149,19.6274272013998,24.3638057443508,NA,NA,NA,NA,NA,NA,NA,NA
2022-06-24 00:40:00,NA,22.09,23.64999,22.57999,21.64001,NA,NA,NA,NA,NA,NA,NA,NA,NA,2.74828613821823,11.9193776804933,19.6274272013998,24.3590262960295,NA,NA,NA,NA,NA,NA,NA,NA
2022-06-24 00:50:00,NA,21.92999,23.64999,22.63,21.66,NA,NA,NA,NA,NA,NA,NA,NA,NA,2.75124569366217,11.9073123394391,19.6135197462501,24.3542637184758,NA,NA,NA,NA,NA,NA,NA,NA
2022-06-24 01:00:00,NA,21.72,23.44,22.54999,21.66,NA,NA,NA,NA,NA,NA,NA,NA,NA,2.75717192761713,11.9284316559789,19.632063440023,24.3590262960295,NA,NA,NA,NA,NA,NA,NA,NA
2022-06-24 01:10:00,NA,21.48001,23.44,22.54999,21.66,NA,NA,NA,NA,NA,NA,NA,NA,NA,2.76607783613257,11.9163575013573,19.6274272013998,24.3542637184758,NA,NA,NA,NA,NA,NA,NA,NA
2022-06-24 01:20:00,NA,21.45999,23.44,22.42001,21.66,NA,NA,NA,NA,NA,NA,NA,NA,NA,2.76310661381142,11.9073123394391,19.6506184903903,24.3590262960295,NA,NA,NA,NA,NA,NA,NA,NA
2022-06-24 01:30:00,NA,21.25,23.29999,22.48001,21.66,NA,NA,NA,NA,NA,NA,NA,NA,NA,2.77004376995244,11.9193776804933,19.632063440023,24.3590262960295,NA,NA,NA,NA,NA,NA,NA,NA
2022-06-24 01:40:00,NA,21.06,23.20001,22.39999,21.64001,NA,NA,NA,NA,NA,NA,NA,NA,NA,2.77599919858523,11.9254111011946,19.6459734163656,24.3638057443508,NA,NA,NA,NA,NA,NA,NA,NA
2022-06-24 01:50:00,NA,21.04001,23.20001,22.39999,21.64001,NA,NA,NA,NA,NA,NA,NA,NA,NA,2.7740129752489,11.9133447598841,19.6413445419442,24.3638057443508,NA,NA,NA,NA,NA,NA,NA,NA
2022-06-24 02:00:00,NA,20.85001,23.09,22.37,21.66,NA,NA,NA,NA,NA,NA,NA,NA,NA,2.78196372390015,11.9193776804933,19.6413445419442,24.3638057443508,NA,NA,NA,NA,NA,NA,NA,NA
2022-06-24 02:10:00,NA,20.72,23.01999,22.39999,21.66,NA,NA,NA,NA,NA,NA,NA,NA,NA,2.7849498714866,11.9193776804933,19.632063440023,24.3590262960295,NA,NA,NA,NA,NA,NA,NA,NA
2022-06-24 02:20:00,NA,20.67999,22.98999,22.37,21.64001,NA,NA,NA,NA,NA,NA,NA,NA,NA,2.78395448094383,11.9133447598841,19.632063440023,24.3638057443508,NA,NA,NA,NA,NA,NA,NA,NA
2022-06-24 02:30:00,NA,20.60001,22.91,22.37,21.66,NA,NA,NA,NA,NA,NA,NA,NA,NA,2.78694193591021,11.9193776804933,19.6227911728848,24.3590262960295,NA,NA,NA,NA,NA,NA,NA,NA
2022-06-24 02:40:00,NA,20.39999,22.79999,22.26999,21.64001,NA,NA,NA,NA,NA,NA,NA,NA,NA,2.79591922056595,11.9254111011946,19.6459734163656,24.3638057443508,NA,NA,NA,NA,NA,NA,NA,NA
2022-06-24 02:50:00,NA,20.26999,22.78,22.20999,21.66,NA,NA,NA,NA,NA,NA,NA,NA,NA,2.80091500457856,11.9163575013573,19.6506184903903,24.3590262960295,NA,NA,NA,NA,NA,NA,NA,NA
2022-06-24 03:00:00,NA,20.23001,22.64999,22.20999,21.62,NA,NA,NA,NA,NA,NA,NA,NA,NA,2.80091500457856,11.9254111011946,19.6459734163656,24.3685770406317,NA,NA,NA,NA,NA,NA,NA,NA
2022-06-24 03:10:00,NA,20.16,22.57001,22.19,21.64001,NA,NA,NA,NA,NA,NA,NA,NA,NA,2.80191494198779,11.9284316559789,19.6459734163656,24.3590262960295,NA,NA,NA,NA,NA,NA,NA,NA
2022-06-24 03:20:00,NA,20.01999,22.54001,22.16,21.66,NA,NA,NA,NA,NA,NA,NA,NA,NA,2.80691916299601,11.9254111011946,19.6506184903903,24.3542637184758,NA,NA,NA,NA,NA,NA,NA,NA
2022-06-24 03:30:00,NA,19.94,22.45999,22.16,21.60999,NA,NA,NA,NA,NA,NA,NA,NA,NA,2.80892229597622,11.9254111011946,19.6413445419442,24.3685770406317,NA,NA,NA,NA,NA,NA,NA,NA
2022-06-24 03:40:00,NA,19.81,22.35999,22.16,21.64001,NA,NA,NA,NA,NA,NA,NA,NA,NA,2.81192926342867,11.9344658269857,19.6366998887368,24.3590262960295,NA,NA,NA,NA,NA,NA,NA,NA
2022-06-24 03:50:00,NA,19.70999,22.35999,22.13,21.66,NA,NA,NA,NA,NA,NA,NA,NA,NA,2.81594203219397,11.9254111011946,19.6366998887368,24.349492988909,NA,NA,NA,NA,NA,NA,NA,NA
2022-06-24 04:00:00,NA,19.57999,22.25,22.10999,21.64001,NA,NA,NA,NA,NA,NA,NA,NA,NA,2.81895547820905,11.9314450219156,19.6366998887368,24.3542637184758,NA,NA,NA,NA,NA,NA,NA,NA
2022-06-24 04:10:00,NA,19.54999,22.20001,22,21.64001,NA,NA,NA,NA,NA,NA,NA,NA,NA,2.81995997763179,11.9314450219156,19.6506184903903,24.3542637184758,NA,NA,NA,NA,NA,NA,NA,NA
2022-06-24 04:20:00,NA,19.37,22.14999,22.03,21.62,NA,NA,NA,NA,NA,NA,NA,NA,NA,2.82800636600929,11.9284316559789,19.6413445419442,24.3590262960295,NA,NA,NA,NA,NA,NA,NA,NA
2022-06-24 04:30:00,NA,19.39001,22.09,21.98001,21.66,NA,NA,NA,NA,NA,NA,NA,NA,NA,2.82699990671884,11.9284316559789,19.6459734163656,24.3447224482745,NA,NA,NA,NA,NA,NA,NA,NA
2022-06-24 04:40:00,NA,19.41,21.98999,21.95001,21.62,NA,NA,NA,NA,NA,NA,NA,NA,NA,2.82901346402491,11.9374867573368,19.6506184903903,24.3542637184758,NA,NA,NA,NA,NA,NA,NA,NA
2022-06-24 04:50:00,NA,19.37,21.94,21.97,21.57001,NA,NA,NA,NA,NA,NA,NA,NA,NA,2.83405286736431,11.9374867573368,19.6366998887368,24.3638057443508,NA,NA,NA,NA,NA,NA,NA,NA
2022-06-24 05:00:00,NA,19.47,21.91,21.95001,21.64001,NA,NA,NA,NA,NA,NA,NA,NA,NA,2.83203607134758,11.9314450219156,19.6366998887368,24.3447224482745,NA,NA,NA,NA,NA,NA,NA,NA
2022-06-24 05:10:00,NA,19.41,21.82999,21.85001,21.59,NA,NA,NA,NA,NA,NA,NA,NA,NA,2.83909879484414,11.9374867573368,19.6552637751598,24.3542637184758,NA,NA,NA,NA,NA,NA,NA,NA
2022-06-24 05:20:00,NA,19.37,21.73001,21.82001,21.59,NA,NA,NA,NA,NA,NA,NA,NA,NA,2.84516227163225,11.9435289938458,19.6506184903903,24.3542637184758,NA,NA,NA,NA,NA,NA,NA,NA
2022-06-24 05:30:00,NA,19.57001,21.70001,21.73999,21.54001,NA,NA,NA,NA,NA,NA,NA,NA,NA,2.84111823733781,11.9405078129599,19.6645469806294,24.3685770406317,NA,NA,NA,NA,NA,NA,NA,NA
2022-06-24 05:40:00,NA,19.64999,21.67001,21.73999,21.54001,NA,NA,NA,NA,NA,NA,NA,NA,NA,2.84212860220777,11.9374867573368,19.6599012747861,24.3638057443508,NA,NA,NA,NA,NA,NA,NA,NA
2022-06-24 05:50:00,NA,19.72,21.59,21.73999,21.47,NA,NA,NA,NA,NA,NA,NA,NA,NA,2.84617330325299,11.9405078129599,19.6506184903903,24.3781201998115,NA,NA,NA,NA,NA,NA,NA,NA
2022-06-24 06:00:00,NA,19.81,21.48999,21.73999,21.48999,NA,NA,NA,NA,NA,NA,NA,NA,NA,2.84718560399312,11.9465502999856,19.6459734163656,24.3685770406317,NA,NA,NA,NA,NA,NA,NA,NA
2022-06-24 06:10:00,NA,19.97,21.51999,21.69,21.48999,NA,NA,NA,NA,NA,NA,NA,NA,NA,2.84617330325299,11.9374867573368,19.6552637751598,24.3685770406317,NA,NA,NA,NA,NA,NA,NA,NA
2022-06-24 06:20:00,NA,20.17001,21.44,21.56,21.45999,NA,NA,NA,NA,NA,NA,NA,NA,NA,2.84415061932812,11.9435289938458,19.673831027416,24.3781201998115,NA,NA,NA,NA,NA,NA,NA,NA
2022-06-24 06:30:00,NA,20.37,21.44,21.57999,21.45999,NA,NA,NA,NA,NA,NA,NA,NA,NA,2.84313960616621,11.9374867573368,19.6645469806294,24.3733485257898,NA,NA,NA,NA,NA,NA,NA,NA
2022-06-24 06:40:00,NA,20.67999,21.44,21.53,21.45999,NA,NA,NA,NA,NA,NA,NA,NA,NA,2.83909879484414,11.9314450219156,19.6691928971645,24.3733485257898,NA,NA,NA,NA,NA,NA,NA,NA
2022-06-24 06:50:00,NA,20.95001,21.41,21.53,21.44,NA,NA,NA,NA,NA,NA,NA,NA,NA,2.83506127889352,11.9314450219156,19.6599012747861,24.3733485257898,NA,NA,NA,NA,NA,NA,NA,NA
2022-06-24 07:00:00,NA,21.04001,21.28,21.53,21.41,NA,NA,NA,NA,NA,NA,NA,NA,NA,2.83808845740012,11.9495717313702,19.6552637751598,24.3781201998115,NA,NA,NA,NA,NA,NA,NA,NA
2022-06-24 07:10:00,NA,21.26001,21.28,21.51001,21.44,NA,NA,NA,NA,NA,NA,NA,NA,NA,2.83506127889352,11.9435289938458,19.6552637751598,24.3685770406317,NA,NA,NA,NA,NA,NA,NA,NA
2022-06-24 07:20:00,NA,21.29001,21.28,21.48001,21.41,NA,NA,NA,NA,NA,NA,NA,NA,NA,2.83909879484414,11.9435289938458,19.6552637751598,24.3685770406317,NA,NA,NA,NA,NA,NA,NA,NA
2022-06-24 07:30:00,NA,21.51999,21.28,21.39999,21.41,NA,NA,NA,NA,NA,NA,NA,NA,NA,2.83304446485415,11.9405078129599,19.6691928971645,24.3638057443508,NA,NA,NA,NA,NA,NA,NA,NA
2022-06-24 07:40:00,NA,21.54001,21.28,21.35001,21.32001,NA,NA,NA,NA,NA,NA,NA,NA,NA,2.83405286736431,11.9374867573368,19.673831027416,24.3876724573036,NA,NA,NA,NA,NA,NA,NA,NA
2022-06-24 07:50:00,NA,21.48001,21.28,21.38,21.29001,NA,NA,NA,NA,NA,NA,NA,NA,NA,2.83909879484414,11.9374867573368,19.6645469806294,24.3876724573036,NA,NA,NA,NA,NA,NA,NA,NA
2022-06-24 08:00:00,NA,21.5,21.28,21.32001,21.29001,NA,NA,NA,NA,NA,NA,NA,NA,NA,2.90221067671172,11.9374867573368,19.673831027416,24.3876724573036,NA,NA,NA,NA,NA,NA,NA,NA
2022-06-24 08:10:00,NA,21.19,21.28,21.34,21.31,NA,NA,NA,NA,NA,NA,NA,NA,NA,2.95800778162921,11.9374867573368,19.6645469806294,24.3781201998115,NA,NA,NA,NA,NA,NA,NA,NA
2022-06-24 08:20:00,NA,21.07999,21.28,21.32001,21.26001,NA,NA,NA,NA,NA,NA,NA,NA,NA,2.97051195120096,11.9374867573368,19.6645469806294,24.3924530414073,NA,NA,NA,NA,NA,NA,NA,NA
2022-06-24 08:30:00,NA,20.88,21.28,21.29999,21.26001,NA,NA,NA,NA,NA,NA,NA,NA,NA,2.98934043327277,11.9344658269857,19.6645469806294,24.3876724573036,NA,NA,NA,NA,NA,NA,NA,NA
2022-06-24 08:40:00,NA,20.82001,21.28,21.26999,21.26001,NA,NA,NA,NA,NA,NA,NA,NA,NA,2.99668742824115,11.9344658269857,19.6691928971645,24.382892062683,NA,NA,NA,NA,NA,NA,NA,NA
2022-06-24 08:50:00,NA,20.91,21.28,21.28,21.28,NA,NA,NA,NA,NA,NA,NA,NA,NA,2.99878893211634,11.9314450219156,19.6599012747861,24.3781201998115,NA,NA,NA,NA,NA,NA,NA,NA
2022-06-24 09:00:00,NA,20.92001,21.28,21.23999,21.20001,NA,NA,NA,NA,NA,NA,NA,NA,NA,3.00615120619414,11.9314450219156,19.6645469806294,24.3876724573036,NA,NA,NA,NA,NA,NA,NA,NA
2022-06-24 09:10:00,NA,21.13,21.28,21.17001,21.26001,NA,NA,NA,NA,NA,NA,NA,NA,NA,3.00615120619414,11.9284316559789,19.6784773649189,24.3781201998115,NA,NA,NA,NA,NA,NA,NA,NA
2022-06-24 09:20:00,NA,21.26999,21.23001,21.17999,21.23999,NA,NA,NA,NA,NA,NA,NA,NA,NA,3.01141791504102,11.9314450219156,19.6645469806294,24.3781201998115,NA,NA,NA,NA,NA,NA,NA,NA
2022-06-24 09:30:00,NA,21.53,21.28,21.17999,21.23999,NA,NA,NA,NA,NA,NA,NA,NA,NA,3.0072042707821,11.9223979849557,19.6645469806294,24.3781201998115,NA,NA,NA,NA,NA,NA,NA,NA
2022-06-24 09:40:00,NA,21.64001,21.28,21.10999,21.20999,NA,NA,NA,NA,NA,NA,NA,NA,NA,3.01036416985716,11.9223979849557,19.6784773649189,24.3781201998115,NA,NA,NA,NA,NA,NA,NA,NA
2022-06-24 09:50:00,NA,21.72,21.23001,21.20001,21.20999,NA,NA,NA,NA,NA,NA,NA,NA,NA,3.01458174939077,11.9284316559789,19.6506184903903,24.3733485257898,NA,NA,NA,NA,NA,NA,NA,NA
2022-06-24 10:00:00,NA,21.85001,21.20001,21.10999,21.20999,NA,NA,NA,NA,NA,NA,NA,NA,NA,3.01563680652373,11.9284316559789,19.6691928971645,24.3733485257898,NA,NA,NA,NA,NA,NA,NA,NA
2022-06-24 10:10:00,NA,21.79999,21.25,21.10999,21.19,NA,NA,NA,NA,NA,NA,NA,NA,NA,3.0209160668298,11.9223979849557,19.6645469806294,24.3733485257898,NA,NA,NA,NA,NA,NA,NA,NA
2022-06-24 10:20:00,NA,21.70001,21.20001,21.09,21.23999,NA,NA,NA,NA,NA,NA,NA,NA,NA,3.02831866930777,11.9284316559789,19.6691928971645,24.3638057443508,NA,NA,NA,NA,NA,NA,NA,NA
2022-06-24 10:30:00,NA,21.69,21.23001,21.10999,21.16,NA,NA,NA,NA,NA,NA,NA,NA,NA,3.03785525388868,11.9254111011946,19.6599012747861,24.3733485257898,NA,NA,NA,NA,NA,NA,NA,NA
2022-06-24 10:40:00,NA,21.60999,21.25,21.06,21.09,NA,NA,NA,NA,NA,NA,NA,NA,NA,3.07194060195305,11.9254111011946,19.6691928971645,24.3876724573036,NA,NA,NA,NA,NA,NA,NA,NA
2022-06-24 10:50:00,NA,21.59,21.28,21.06,21.16,NA,NA,NA,NA,NA,NA,NA,NA,NA,3.08801457073577,11.9193776804933,19.6645469806294,24.3638057443508,NA,NA,NA,NA,NA,NA,NA,NA
2022-06-24 11:00:00,NA,21.72,21.28,20.95001,21.09,NA,NA,NA,NA,NA,NA,NA,NA,NA,3.09231112896346,11.9193776804933,19.6877706718227,24.382892062683,NA,NA,NA,NA,NA,NA,NA,NA
2022-06-24 11:10:00,NA,21.92999,21.25,20.95001,21.04001,NA,NA,NA,NA,NA,NA,NA,NA,NA,3.09553669434551,11.9223979849557,19.6877706718227,24.3924530414073,NA,NA,NA,NA,NA,NA,NA,NA
2022-06-24 11:20:00,NA,22.12,21.23001,20.98001,21.04001,NA,NA,NA,NA,NA,NA,NA,NA,NA,3.09446107080614,11.9254111011946,19.673831027416,24.3876724573036,NA,NA,NA,NA,NA,NA,NA,NA
2022-06-24 11:30:00,NA,22.32999,21.25,20.94,21.06,NA,NA,NA,NA,NA,NA,NA,NA,NA,3.08801457073577,11.9223979849557,19.6784773649189,24.382892062683,NA,NA,NA,NA,NA,NA,NA,NA
2022-06-24 11:40:00,NA,22.32999,21.28,20.92001,21.04001,NA,NA,NA,NA,NA,NA,NA,NA,NA,3.0933854612935,11.9193776804933,19.6831239130603,24.382892062683,NA,NA,NA,NA,NA,NA,NA,NA
2022-06-24 11:50:00,NA,22.35001,21.28,20.92001,21.06,NA,NA,NA,NA,NA,NA,NA,NA,NA,3.09876428089048,11.9193776804933,19.6784773649189,24.3781201998115,NA,NA,NA,NA,NA,NA,NA,NA
2022-06-24 12:00:00,NA,22.44,21.28,20.92001,21.04001,NA,NA,NA,NA,NA,NA,NA,NA,NA,3.09984059231969,11.9223979849557,19.673831027416,24.3781201998115,NA,NA,NA,NA,NA,NA,NA,NA
2022-06-24 12:10:00,NA,22.45999,21.28,20.92001,21.04001,NA,NA,NA,NA,NA,NA,NA,NA,NA,3.10091754950886,11.9193776804933,19.673831027416,24.3781201998115,NA,NA,NA,NA,NA,NA,NA,NA
2022-06-24 12:20:00,NA,22.38,21.28,20.92001,21.01001,NA,NA,NA,NA,NA,NA,NA,NA,NA,3.10846233184609,11.9223979849557,19.673831027416,24.382892062683,NA,NA,NA,NA,NA,NA,NA,NA
2022-06-24 12:30:00,NA,22.38,21.28,20.92001,21.01001,NA,NA,NA,NA,NA,NA,NA,NA,NA,3.1106202779354,11.9223979849557,19.673831027416,24.382892062683,NA,NA,NA,NA,NA,NA,NA,NA
2022-06-24 12:40:00,NA,22.38,21.28,20.89999,21.04001,NA,NA,NA,NA,NA,NA,NA,NA,NA,3.11385919966084,11.9254111011946,19.673831027416,24.3733485257898,NA,NA,NA,NA,NA,NA,NA,NA
2022-06-24 12:50:00,NA,22.51999,21.28,20.92001,21.04001,NA,NA,NA,NA,NA,NA,NA,NA,NA,3.11277954473955,11.9254111011946,19.6645469806294,24.3685770406317,NA,NA,NA,NA,NA,NA,NA,NA
2022-06-24 13:00:00,NA,22.59,21.28,20.88,21.01001,NA,NA,NA,NA,NA,NA,NA,NA,NA,3.11926337611848,11.9254111011946,19.673831027416,24.3781201998115,NA,NA,NA,NA,NA,NA,NA,NA
2022-06-24 13:10:00,NA,22.75,21.28,20.92001,21.01001,NA,NA,NA,NA,NA,NA,NA,NA,NA,3.11926337611848,11.9284316559789,19.6645469806294,24.3733485257898,NA,NA,NA,NA,NA,NA,NA,NA
2022-06-24 13:20:00,NA,22.95999,21.28,20.89999,20.98001,NA,NA,NA,NA,NA,NA,NA,NA,NA,3.11385919966084,11.9284316559789,19.6645469806294,24.3781201998115,NA,NA,NA,NA,NA,NA,NA,NA
2022-06-24 13:30:00,NA,22.98001,21.28,20.85001,20.94,NA,NA,NA,NA,NA,NA,NA,NA,NA,3.12250896176355,11.9284316559789,19.6784773649189,24.382892062683,NA,NA,NA,NA,NA,NA,NA,NA
2022-06-24 13:40:00,NA,23.22,21.28,20.89999,20.95999,NA,NA,NA,NA,NA,NA,NA,NA,NA,3.12250896176355,11.9284316559789,19.6599012747861,24.3781201998115,NA,NA,NA,NA,NA,NA,NA,NA
2022-06-24 13:50:00,NA,23.60001,21.29999,20.92001,20.98999,NA,NA,NA,NA,NA,NA,NA,NA,NA,3.11818238560382,11.9284316559789,19.6552637751598,24.3733485257898,NA,NA,NA,NA,NA,NA,NA,NA
2022-06-24 14:00:00,NA,24.06,21.35999,20.87,20.94,NA,NA,NA,NA,NA,NA,NA,NA,NA,3.11926337611848,11.9193776804933,19.6645469806294,24.382892062683,NA,NA,NA,NA,NA,NA,NA,NA
2022-06-24 14:10:00,NA,24.45001,21.35999,20.92001,20.91,NA,NA,NA,NA,NA,NA,NA,NA,NA,3.11169990416877,11.9193776804933,19.6552637751598,24.3876724573036,NA,NA,NA,NA,NA,NA,NA,NA
2022-06-24 14:20:00,NA,24.54999,21.41,20.94,20.85999,NA,NA,NA,NA,NA,NA,NA,NA,NA,3.11385919966084,11.9163575013573,19.6459734163656,24.3972338149804,NA,NA,NA,NA,NA,NA,NA,NA
2022-06-24 14:30:00,NA,24.87,21.45999,20.89999,20.89001,NA,NA,NA,NA,NA,NA,NA,NA,NA,3.11601981614247,11.9133447598841,19.6552637751598,24.3924530414073,NA,NA,NA,NA,NA,NA,NA,NA
2022-06-24 14:40:00,NA,25.51001,21.45999,20.92001,20.85999,NA,NA,NA,NA,NA,NA,NA,NA,NA,3.10738338022992,11.9163575013573,19.6459734163656,24.3972338149804,NA,NA,NA,NA,NA,NA,NA,NA
2022-06-24 14:50:00,NA,26.16,21.48999,20.92001,20.85999,NA,NA,NA,NA,NA,NA,NA,NA,NA,3.10414850596398,11.9163575013573,19.6459734163656,24.3924530414073,NA,NA,NA,NA,NA,NA,NA,NA
2022-06-24 15:00:00,NA,26.70001,21.54001,20.92001,20.89001,NA,NA,NA,NA,NA,NA,NA,NA,NA,3.09553669434551,11.9163575013573,19.6459734163656,24.3876724573036,NA,NA,NA,NA,NA,NA,NA,NA
2022-06-24 15:10:00,NA,26.97,21.57001,20.85001,20.85999,NA,NA,NA,NA,NA,NA,NA,NA,NA,3.09553669434551,11.9163575013573,19.6645469806294,24.3924530414073,NA,NA,NA,NA,NA,NA,NA,NA
2022-06-24 15:20:00,NA,27.23001,21.59,20.88,20.81,NA,NA,NA,NA,NA,NA,NA,NA,NA,3.0933854612935,11.9223979849557,19.6552637751598,24.4020147780091,NA,NA,NA,NA,NA,NA,NA,NA
2022-06-24 15:30:00,NA,27.37,21.70001,20.92001,20.85999,NA,NA,NA,NA,NA,NA,NA,NA,NA,3.09231112896346,11.9163575013573,19.6459734163656,24.3876724573036,NA,NA,NA,NA,NA,NA,NA,NA
2022-06-24 15:40:00,NA,27.39999,21.88,20.85001,20.85999,NA,NA,NA,NA,NA,NA,NA,NA,NA,3.0933854612935,11.9012877303462,19.6645469806294,24.382892062683,NA,NA,NA,NA,NA,NA,NA,NA
2022-06-24 15:50:00,NA,27.31,21.91,20.88,20.85999,NA,NA,NA,NA,NA,NA,NA,NA,NA,3.09661170030737,11.9073123394391,19.6599012747861,24.382892062683,NA,NA,NA,NA,NA,NA,NA,NA
2022-06-24 16:00:00,NA,27.04001,21.98999,20.89999,20.82999,NA,NA,NA,NA,NA,NA,NA,NA,NA,3.10091754950886,11.9042999725101,19.6552637751598,24.3924530414073,NA,NA,NA,NA,NA,NA,NA,NA
2022-06-24 16:10:00,NA,26.67999,22.14999,20.88,20.82999,NA,NA,NA,NA,NA,NA,NA,NA,NA,3.11169990416877,11.8952636203498,19.6599012747861,24.3924530414073,NA,NA,NA,NA,NA,NA,NA,NA
2022-06-24 16:20:00,NA,26.45999,22.14999,20.89999,20.82999,NA,NA,NA,NA,NA,NA,NA,NA,NA,3.11385919966084,11.9042999725101,19.6552637751598,24.3876724573036,NA,NA,NA,NA,NA,NA,NA,NA
2022-06-24 16:30:00,NA,26.14999,22.23001,20.89999,20.81,NA,NA,NA,NA,NA,NA,NA,NA,NA,3.11710077776265,11.8982756129564,19.6599012747861,24.3924530414073,NA,NA,NA,NA,NA,NA,NA,NA
2022-06-24 16:40:00,NA,25.87,22.32999,20.89999,20.82999,NA,NA,NA,NA,NA,NA,NA,NA,NA,3.11926337611848,11.8922517525354,19.6599012747861,24.3876724573036,NA,NA,NA,NA,NA,NA,NA,NA
2022-06-24 16:50:00,NA,25.44,22.35999,20.89999,20.82999,NA,NA,NA,NA,NA,NA,NA,NA,NA,3.13009240331084,11.8982756129564,19.6645469806294,24.3876724573036,NA,NA,NA,NA,NA,NA,NA,NA
2022-06-24 17:00:00,NA,25.25,22.35999,20.92999,20.82999,NA,NA,NA,NA,NA,NA,NA,NA,NA,3.12900810799177,11.9042999725101,19.6645469806294,24.3876724573036,NA,NA,NA,NA,NA,NA,NA,NA
2022-06-24 17:10:00,NA,25,22.38,20.92001,20.82999,NA,NA,NA,NA,NA,NA,NA,NA,NA,3.13226166989002,11.9042999725101,19.6645469806294,24.382892062683,NA,NA,NA,NA,NA,NA,NA,NA
2022-06-24 17:20:00,NA,24.81,22.44,20.95001,20.85999,NA,NA,NA,NA,NA,NA,NA,NA,NA,3.13443099531772,11.8982756129564,19.6645469806294,24.3733485257898,NA,NA,NA,NA,NA,NA,NA,NA
2022-06-24 17:30:00,NA,24.54999,22.41,21.01001,20.82999,NA,NA,NA,NA,NA,NA,NA,NA,NA,3.13768856968587,11.9073123394391,19.6506184903903,24.382892062683,NA,NA,NA,NA,NA,NA,NA,NA
2022-06-24 17:40:00,NA,24.37,22.51999,21,20.85999,NA,NA,NA,NA,NA,NA,NA,NA,NA,3.1387748787057,11.8922517525354,19.6552637751598,24.3733485257898,NA,NA,NA,NA,NA,NA,NA,NA
2022-06-24 17:50:00,NA,24.16,22.48999,21.06,20.82999,NA,NA,NA,NA,NA,NA,NA,NA,NA,3.14203515875793,11.9012877303462,19.6459734163656,24.382892062683,NA,NA,NA,NA,NA,NA,NA,NA
2022-06-24 18:00:00,NA,24,22.54001,21.09,20.79999,NA,NA,NA,NA,NA,NA,NA,NA,NA,3.14421043849196,11.8892400095221,19.6413445419442,24.3876724573036,NA,NA,NA,NA,NA,NA,NA,NA
2022-06-24 18:10:00,NA,23.82001,22.51999,21.13,20.82999,NA,NA,NA,NA,NA,NA,NA,NA,NA,3.15619261370774,11.8922517525354,19.6366998887368,24.382892062683,NA,NA,NA,NA,NA,NA,NA,NA
2022-06-24 18:20:00,NA,23.73001,22.51999,21.13,20.85999,NA,NA,NA,NA,NA,NA,NA,NA,NA,3.15837460500104,11.8862283913189,19.6413445419442,24.3733485257898,NA,NA,NA,NA,NA,NA,NA,NA
2022-06-24 18:30:00,NA,23.57999,22.48999,21.10999,20.82999,NA,NA,NA,NA,NA,NA,NA,NA,NA,3.16055855339942,11.8922517525354,19.6459734163656,24.3876724573036,NA,NA,NA,NA,NA,NA,NA,NA
2022-06-24 18:40:00,NA,23.39999,22.44,21.10999,20.85999,NA,NA,NA,NA,NA,NA,NA,NA,NA,3.16602153601443,11.8922517525354,19.6459734163656,24.3781201998115,NA,NA,NA,NA,NA,NA,NA,NA
2022-06-24 18:50:00,NA,23.39001,22.35999,21.10999,20.82999,NA,NA,NA,NA,NA,NA,NA,NA,NA,3.16602153601443,11.9042999725101,19.6506184903903,24.3876724573036,NA,NA,NA,NA,NA,NA,NA,NA
2022-06-24 19:00:00,NA,23.34,22.35999,21.10999,20.88,NA,NA,NA,NA,NA,NA,NA,NA,NA,3.16820822699152,11.9012877303462,19.6506184903903,24.3733485257898,NA,NA,NA,NA,NA,NA,NA,NA
2022-06-24 19:10:00,NA,23.39001,22.35999,21.17999,20.82999,NA,NA,NA,NA,NA,NA,NA,NA,NA,3.16602153601443,11.9012877303462,19.632063440023,24.3876724573036,NA,NA,NA,NA,NA,NA,NA,NA
2022-06-24 19:20:00,NA,23.28,22.35999,21.10999,20.89001,NA,NA,NA,NA,NA,NA,NA,NA,NA,3.16820822699152,11.8922517525354,19.6506184903903,24.3733485257898,NA,NA,NA,NA,NA,NA,NA,NA
2022-06-24 19:30:00,NA,23.17999,22.35999,21.10999,20.85999,NA,NA,NA,NA,NA,NA,NA,NA,NA,3.17039687601777,11.8892400095221,19.6552637751598,24.3781201998115,NA,NA,NA,NA,NA,NA,NA,NA
2022-06-24 19:40:00,NA,22.98999,22.32999,21.14001,20.85999,NA,NA,NA,NA,NA,NA,NA,NA,NA,3.17368122964591,11.8862283913189,19.6459734163656,24.3781201998115,NA,NA,NA,NA,NA,NA,NA,NA
2022-06-24 19:50:00,NA,22.94,22.28,21.13,20.82999,NA,NA,NA,NA,NA,NA,NA,NA,NA,3.17039687601777,11.8922517525354,19.6552637751598,24.3924530414073,NA,NA,NA,NA,NA,NA,NA,NA
2022-06-24 20:00:00,NA,22.75,22.29999,21.10999,20.84,NA,NA,NA,NA,NA,NA,NA,NA,NA,3.17368122964591,11.8862283913189,19.6552637751598,24.3876724573036,NA,NA,NA,NA,NA,NA,NA,NA
2022-06-24 20:10:00,NA,22.51999,22.14999,21.23999,20.82999,NA,NA,NA,NA,NA,NA,NA,NA,NA,3.17916030921709,11.9042999725101,19.6274272013998,24.3876724573036,NA,NA,NA,NA,NA,NA,NA,NA
2022-06-24 20:20:00,NA,22.37,22.17001,21.10999,20.85999,NA,NA,NA,NA,NA,NA,NA,NA,NA,3.18025730984912,11.8952636203498,19.6599012747861,24.382892062683,NA,NA,NA,NA,NA,NA,NA,NA
2022-06-24 20:30:00,NA,22.14999,22.14999,21.10999,20.85999,NA,NA,NA,NA,NA,NA,NA,NA,NA,3.18464736544287,11.8952636203498,19.6552637751598,24.382892062683,NA,NA,NA,NA,NA,NA,NA,NA
2022-06-24 20:40:00,NA,21.92999,22.14999,21.10999,20.89001,NA,NA,NA,NA,NA,NA,NA,NA,NA,3.18904146575854,11.8922517525354,19.6599012747861,24.3781201998115,NA,NA,NA,NA,NA,NA,NA,NA
2022-06-24 20:50:00,NA,21.78,22.14999,21.13,20.87,NA,NA,NA,NA,NA,NA,NA,NA,NA,3.18794181049817,11.8862283913189,19.6506184903903,24.382892062683,NA,NA,NA,NA,NA,NA,NA,NA
2022-06-24 21:00:00,NA,21.67001,22.09,21.20999,20.94,NA,NA,NA,NA,NA,NA,NA,NA,NA,3.18794181049817,11.8892400095221,19.632063440023,24.3638057443508,NA,NA,NA,NA,NA,NA,NA,NA
2022-06-24 21:10:00,NA,21.48001,22.07001,21.19,20.89001,NA,NA,NA,NA,NA,NA,NA,NA,NA,3.19234052621842,11.8862283913189,19.6366998887368,24.3781201998115,NA,NA,NA,NA,NA,NA,NA,NA
2022-06-24 21:20:00,NA,21.26999,21.94,21.10999,20.91,NA,NA,NA,NA,NA,NA,NA,NA,NA,3.19454061128154,11.9012877303462,19.6552637751598,24.3733485257898,NA,NA,NA,NA,NA,NA,NA,NA
2022-06-24 21:30:00,NA,21.09,21.94,21.10999,20.89001,NA,NA,NA,NA,NA,NA,NA,NA,NA,3.19784307122292,11.8952636203498,19.6552637751598,24.3781201998115,NA,NA,NA,NA,NA,NA,NA,NA
2022-06-24 21:40:00,NA,21.04999,21.91,21.17001,20.94,NA,NA,NA,NA,NA,NA,NA,NA,NA,3.19454061128154,11.8952636203498,19.6413445419442,24.3638057443508,NA,NA,NA,NA,NA,NA,NA,NA
2022-06-24 21:50:00,NA,20.87,21.88,21.17999,20.91,NA,NA,NA,NA,NA,NA,NA,NA,NA,3.20004584474617,11.8922517525354,19.632063440023,24.3733485257898,NA,NA,NA,NA,NA,NA,NA,NA
2022-06-24 22:00:00,NA,20.69,21.85999,21.14001,20.91,NA,NA,NA,NA,NA,NA,NA,NA,NA,3.20335297075096,11.8892400095221,19.6413445419442,24.3733485257898,NA,NA,NA,NA,NA,NA,NA,NA
2022-06-24 22:10:00,NA,20.66,21.73001,21.13,20.89001,NA,NA,NA,NA,NA,NA,NA,NA,NA,3.20225057942605,11.9042999725101,19.6459734163656,24.3781201998115,NA,NA,NA,NA,NA,NA,NA,NA
2022-06-24 22:20:00,NA,20.5,21.70001,21.10999,20.95999,NA,NA,NA,NA,NA,NA,NA,NA,NA,3.20555906641427,11.9012877303462,19.6459734163656,24.3590262960295,NA,NA,NA,NA,NA,NA,NA,NA
2022-06-24 22:30:00,NA,20.45999,21.70001,21.10999,21.01001,NA,NA,NA,NA,NA,NA,NA,NA,NA,3.20335297075096,11.8922517525354,19.6459734163656,24.349492988909,NA,NA,NA,NA,NA,NA,NA,NA
2022-06-24 22:40:00,NA,20.28,21.70001,21.10999,20.91,NA,NA,NA,NA,NA,NA,NA,NA,NA,3.20776585878563,11.8862283913189,19.6413445419442,24.3733485257898,NA,NA,NA,NA,NA,NA,NA,NA
2022-06-24 22:50:00,NA,20.19,21.59,21.14999,20.94,NA,NA,NA,NA,NA,NA,NA,NA,NA,3.20886959534985,11.8952636203498,19.632063440023,24.3590262960295,NA,NA,NA,NA,NA,NA,NA,NA
2022-06-24 23:00:00,NA,20.04999,21.48999,21.10999,20.94,NA,NA,NA,NA,NA,NA,NA,NA,NA,3.21328849811534,11.9042999725101,19.6366998887368,24.3638057443508,NA,NA,NA,NA,NA,NA,NA,NA
2022-06-24 23:10:00,NA,19.95001,21.48999,21.09,20.91,NA,NA,NA,NA,NA,NA,NA,NA,NA,3.21328849811534,11.8982756129564,19.6413445419442,24.3733485257898,NA,NA,NA,NA,NA,NA,NA,NA
2022-06-24 23:20:00,NA,19.79001,21.48999,21.17999,20.85999,NA,NA,NA,NA,NA,NA,NA,NA,NA,3.21881786788397,11.8922517525354,19.6135197462501,24.382892062683,NA,NA,NA,NA,NA,NA,NA,NA
2022-06-24 23:30:00,NA,19.82999,21.44,21.10999,20.95999,NA,NA,NA,NA,NA,NA,NA,NA,NA,3.21328849811534,11.8922517525354,19.632063440023,24.3590262960295,NA,NA,NA,NA,NA,NA,NA,NA
2022-06-24 23:40:00,NA,19.63,21.29999,21.09,20.89001,NA,NA,NA,NA,NA,NA,NA,NA,NA,3.21992429670402,11.9073123394391,19.632063440023,24.3733485257898,NA,NA,NA,NA,NA,NA,NA,NA
2022-06-24 23:50:00,NA,19.64001,21.29999,21.06,20.91,NA,NA,NA,NA,NA,NA,NA,NA,NA,3.21549931169109,11.8982756129564,19.632063440023,24.3685770406317,NA,NA,NA,NA,NA,NA,NA,NA
2022-06-25 00:00:00,NA,19.41,21.28,21.10999,20.89001,NA,NA,NA,NA,NA,NA,NA,NA,NA,3.22324621158621,11.8982756129564,19.6227911728848,24.3733485257898,NA,NA,NA,NA,NA,NA,NA,NA
2022-06-25 00:10:00,NA,19.41,21.25,21.06,20.91,NA,NA,NA,NA,NA,NA,NA,NA,NA,3.22103137444729,11.8952636203498,19.6274272013998,24.3685770406317,NA,NA,NA,NA,NA,NA,NA,NA
2022-06-25 00:20:00,NA,19.17999,21.17001,20.98001,20.91,NA,NA,NA,NA,NA,NA,NA,NA,NA,3.22878770353863,11.8982756129564,19.6413445419442,24.3638057443508,NA,NA,NA,NA,NA,NA,NA,NA
2022-06-25 00:30:00,NA,19.23999,21.07001,21.03,20.88,NA,NA,NA,NA,NA,NA,NA,NA,NA,3.22213846852419,11.9073123394391,19.632063440023,24.3685770406317,NA,NA,NA,NA,NA,NA,NA,NA
2022-06-25 00:40:00,NA,19.07999,21.07001,20.95001,20.85999,NA,NA,NA,NA,NA,NA,NA,NA,NA,3.22767924575558,11.9012877303462,19.6459734163656,24.3733485257898,NA,NA,NA,NA,NA,NA,NA,NA
2022-06-25 00:50:00,NA,18.98999,21.01999,20.95001,20.82001,NA,NA,NA,NA,NA,NA,NA,NA,NA,3.22989681047396,11.9012877303462,19.6413445419442,24.382892062683,NA,NA,NA,NA,NA,NA,NA,NA
2022-06-25 01:00:00,NA,18.94,20.91,20.89999,20.88,NA,NA,NA,NA,NA,NA,NA,NA,NA,3.23100656660201,11.9133447598841,19.6459734163656,24.3685770406317,NA,NA,NA,NA,NA,NA,NA,NA
2022-06-25 01:10:00,NA,18.89001,20.85999,20.89999,20.82999,NA,NA,NA,NA,NA,NA,NA,NA,NA,3.23100656660201,11.910332143149,19.6459734163656,24.3781201998115,NA,NA,NA,NA,NA,NA,NA,NA
2022-06-25 01:20:00,NA,18.85999,20.85999,20.88,20.82999,NA,NA,NA,NA,NA,NA,NA,NA,NA,3.2321157065346,11.9042999725101,19.6459734163656,24.3781201998115,NA,NA,NA,NA,NA,NA,NA,NA
2022-06-25 01:30:00,NA,18.88,20.85999,20.89999,20.82999,NA,NA,NA,NA,NA,NA,NA,NA,NA,3.22989681047396,11.8982756129564,19.6366998887368,24.3781201998115,NA,NA,NA,NA,NA,NA,NA,NA
2022-06-25 01:40:00,NA,18.73999,20.82999,20.88,20.82999,NA,NA,NA,NA,NA,NA,NA,NA,NA,3.23655812627731,11.8982756129564,19.6366998887368,24.3781201998115,NA,NA,NA,NA,NA,NA,NA,NA
2022-06-25 01:50:00,NA,18.67999,20.67001,20.82999,20.82999,NA,NA,NA,NA,NA,NA,NA,NA,NA,3.23989217191381,11.910332143149,19.6459734163656,24.3733485257898,NA,NA,NA,NA,NA,NA,NA,NA
2022-06-25 02:00:00,NA,18.70001,20.67001,20.76001,20.82999,NA,NA,NA,NA,NA,NA,NA,NA,NA,3.23989217191381,11.9073123394391,19.6552637751598,24.3733485257898,NA,NA,NA,NA,NA,NA,NA,NA
2022-06-25 02:10:00,NA,18.70001,20.67001,20.76001,20.82999,NA,NA,NA,NA,NA,NA,NA,NA,NA,3.23989217191381,11.8982756129564,19.6506184903903,24.3685770406317,NA,NA,NA,NA,NA,NA,NA,NA
2022-06-25 02:20:00,NA,18.64999,20.59,20.70999,20.82999,NA,NA,NA,NA,NA,NA,NA,NA,NA,3.24434201818728,11.9042999725101,19.6552637751598,24.3685770406317,NA,NA,NA,NA,NA,NA,NA,NA
2022-06-25 02:30:00,NA,18.63,20.48999,20.67001,20.82999,NA,NA,NA,NA,NA,NA,NA,NA,NA,3.2454551544047,11.9133447598841,19.6599012747861,24.3685770406317,NA,NA,NA,NA,NA,NA,NA,NA
2022-06-25 02:40:00,NA,18.67999,20.44,20.69,20.82999,NA,NA,NA,NA,NA,NA,NA,NA,NA,3.24322889872941,11.9163575013573,19.6552637751598,24.3638057443508,NA,NA,NA,NA,NA,NA,NA,NA
2022-06-25 02:50:00,NA,18.60999,20.44,20.69,20.82999,NA,NA,NA,NA,NA,NA,NA,NA,NA,3.24656830739378,11.9133447598841,19.6459734163656,24.3638057443508,NA,NA,NA,NA,NA,NA,NA,NA
2022-06-25 03:00:00,NA,18.63,20.38,20.69,20.82999,NA,NA,NA,NA,NA,NA,NA,NA,NA,3.24434201818728,11.9133447598841,19.6413445419442,24.3590262960295,NA,NA,NA,NA,NA,NA,NA,NA
2022-06-25 03:10:00,NA,18.48999,20.35999,20.70999,20.82999,NA,NA,NA,NA,NA,NA,NA,NA,NA,3.25213938742025,11.910332143149,19.632063440023,24.3590262960295,NA,NA,NA,NA,NA,NA,NA,NA
2022-06-25 03:20:00,NA,18.48999,20.25,20.62,20.82999,NA,NA,NA,NA,NA,NA,NA,NA,NA,3.25102425168759,11.9223979849557,19.6552637751598,24.3590262960295,NA,NA,NA,NA,NA,NA,NA,NA
2022-06-25 03:30:00,NA,18.44,20.23001,20.54001,20.78,NA,NA,NA,NA,NA,NA,NA,NA,NA,3.25325454005443,11.9223979849557,19.6645469806294,24.3638057443508,NA,NA,NA,NA,NA,NA,NA,NA
2022-06-25 03:40:00,NA,18.48999,20.23001,20.54999,20.76001,NA,NA,NA,NA,NA,NA,NA,NA,NA,3.25325454005443,11.9163575013573,19.6552637751598,24.3685770406317,NA,NA,NA,NA,NA,NA,NA,NA
2022-06-25 03:50:00,NA,18.44,20.23001,20.59,20.76001,NA,NA,NA,NA,NA,NA,NA,NA,NA,3.25548552898985,11.9133447598841,19.6459734163656,24.3638057443508,NA,NA,NA,NA,NA,NA,NA,NA
2022-06-25 04:00:00,NA,18.39999,20.17001,20.48001,20.76001,NA,NA,NA,NA,NA,NA,NA,NA,NA,3.25883372188534,11.9163575013573,19.6691928971645,24.3638057443508,NA,NA,NA,NA,NA,NA,NA,NA
2022-06-25 04:10:00,NA,18.47,20.12,20.57999,20.70999,NA,NA,NA,NA,NA,NA,NA,NA,NA,3.25660136533438,11.9163575013573,19.6413445419442,24.3685770406317,NA,NA,NA,NA,NA,NA,NA,NA
2022-06-25 04:20:00,NA,18.44,20.01999,20.51001,20.70999,NA,NA,NA,NA,NA,NA,NA,NA,NA,3.25883372188534,11.9284316559789,19.6506184903903,24.3685770406317,NA,NA,NA,NA,NA,NA,NA,NA
2022-06-25 04:30:00,NA,18.42001,20.01999,20.48001,20.66,NA,NA,NA,NA,NA,NA,NA,NA,NA,3.26106741237143,11.9223979849557,19.6552637751598,24.3781201998115,NA,NA,NA,NA,NA,NA,NA,NA
2022-06-25 04:40:00,NA,18.45999,20.01999,20.48001,20.63,NA,NA,NA,NA,NA,NA,NA,NA,NA,3.25883372188534,11.9193776804933,19.6506184903903,24.3781201998115,NA,NA,NA,NA,NA,NA,NA,NA
2022-06-25 04:50:00,NA,18.35001,20.01999,20.45999,20.63,NA,NA,NA,NA,NA,NA,NA,NA,NA,3.264419658453,11.9133447598841,19.6506184903903,24.3781201998115,NA,NA,NA,NA,NA,NA,NA,NA
2022-06-25 05:00:00,NA,18.42001,19.98999,20.42999,20.64001,NA,NA,NA,NA,NA,NA,NA,NA,NA,3.26218459966331,11.9133447598841,19.6506184903903,24.3781201998115,NA,NA,NA,NA,NA,NA,NA,NA
2022-06-25 05:10:00,NA,18.32001,20.04999,20.34,20.63,NA,NA,NA,NA,NA,NA,NA,NA,NA,3.26889441255322,11.9042999725101,19.6645469806294,24.3781201998115,NA,NA,NA,NA,NA,NA,NA,NA
2022-06-25 05:20:00,NA,18.39001,19.91,20.29999,20.63,NA,NA,NA,NA,NA,NA,NA,NA,NA,3.2655381629953,11.9163575013573,19.6645469806294,24.3733485257898,NA,NA,NA,NA,NA,NA,NA,NA
2022-06-25 05:30:00,NA,18.39001,19.89001,20.35001,20.63,NA,NA,NA,NA,NA,NA,NA,NA,NA,3.26889441255322,11.9163575013573,19.6552637751598,24.3733485257898,NA,NA,NA,NA,NA,NA,NA,NA
2022-06-25 05:40:00,NA,18.44,19.82999,20.31,20.63,NA,NA,NA,NA,NA,NA,NA,NA,NA,3.26777522351829,11.9223979849557,19.6599012747861,24.3685770406317,NA,NA,NA,NA,NA,NA,NA,NA
2022-06-25 05:50:00,NA,18.45999,19.81,20.26999,20.60999,NA,NA,NA,NA,NA,NA,NA,NA,NA,3.26889441255322,11.9223979849557,19.6645469806294,24.3685770406317,NA,NA,NA,NA,NA,NA,NA,NA
2022-06-25 06:00:00,NA,18.48999,19.82999,20.25,20.57999,NA,NA,NA,NA,NA,NA,NA,NA,NA,3.27225271594985,11.9163575013573,19.6645469806294,24.3781201998115,NA,NA,NA,NA,NA,NA,NA,NA
2022-06-25 06:10:00,NA,18.54001,19.81,20.32999,20.60999,NA,NA,NA,NA,NA,NA,NA,NA,NA,3.27113347527711,11.9163575013573,19.6413445419442,24.3638057443508,NA,NA,NA,NA,NA,NA,NA,NA
2022-06-25 06:20:00,NA,18.54001,19.79999,20.28,20.48001,NA,NA,NA,NA,NA,NA,NA,NA,NA,3.27337260692508,11.9133447598841,19.6459734163656,24.3972338149804,NA,NA,NA,NA,NA,NA,NA,NA
2022-06-25 06:30:00,NA,18.57001,19.72,20.37,20.48001,NA,NA,NA,NA,NA,NA,NA,NA,NA,3.2767349158803,11.9223979849557,19.6227911728848,24.3924530414073,NA,NA,NA,NA,NA,NA,NA,NA
2022-06-25 06:40:00,NA,18.60999,19.67001,20.23999,20.45999,NA,NA,NA,NA,NA,NA,NA,NA,NA,3.27897738595313,11.9284316559789,19.6459734163656,24.3924530414073,NA,NA,NA,NA,NA,NA,NA,NA
2022-06-25 06:50:00,NA,18.70001,19.64001,20.26001,20.45999,NA,NA,NA,NA,NA,NA,NA,NA,NA,3.27897738595313,11.9314450219156,19.6366998887368,24.3924530414073,NA,NA,NA,NA,NA,NA,NA,NA
2022-06-25 07:00:00,NA,18.85999,19.66,20.10999,20.48001,NA,NA,NA,NA,NA,NA,NA,NA,NA,3.2767349158803,11.9254111011946,19.6691928971645,24.3876724573036,NA,NA,NA,NA,NA,NA,NA,NA
2022-06-25 07:10:00,NA,18.89001,19.59,20.10999,20.42999,NA,NA,NA,NA,NA,NA,NA,NA,NA,3.2778561422411,11.9314450219156,19.6645469806294,24.3924530414073,NA,NA,NA,NA,NA,NA,NA,NA
2022-06-25 07:20:00,NA,18.82001,19.62,20.13,20.42999,NA,NA,NA,NA,NA,NA,NA,NA,NA,3.28683544338509,11.9254111011946,19.6552637751598,24.3876724573036,NA,NA,NA,NA,NA,NA,NA,NA
2022-06-25 07:30:00,NA,19.03,19.66,20.07999,20.45999,NA,NA,NA,NA,NA,NA,NA,NA,NA,3.27897738595313,11.9193776804933,19.6645469806294,24.382892062683,NA,NA,NA,NA,NA,NA,NA,NA
2022-06-25 07:40:00,NA,19.09,19.66,20.06,20.42999,NA,NA,NA,NA,NA,NA,NA,NA,NA,3.27897738595313,11.9163575013573,19.6645469806294,24.382892062683,NA,NA,NA,NA,NA,NA,NA,NA
2022-06-25 07:50:00,NA,19.07999,19.72,20.07999,20.45999,NA,NA,NA,NA,NA,NA,NA,NA,NA,3.28571154503638,11.9073123394391,19.6552637751598,24.3781201998115,NA,NA,NA,NA,NA,NA,NA,NA
2022-06-25 08:00:00,NA,19.20001,19.64001,20.09,20.41,NA,NA,NA,NA,NA,NA,NA,NA,NA,3.28346570033816,11.9133447598841,19.6506184903903,24.382892062683,NA,NA,NA,NA,NA,NA,NA,NA
2022-06-25 08:10:00,NA,19.31,19.62,20.10999,20.42999,NA,NA,NA,NA,NA,NA,NA,NA,NA,3.28458829736787,11.9163575013573,19.6413445419442,24.3733485257898,NA,NA,NA,NA,NA,NA,NA,NA
2022-06-25 08:20:00,NA,19.39001,19.66,19.98001,20.41,NA,NA,NA,NA,NA,NA,NA,NA,NA,3.28571154503638,11.9133447598841,19.6691928971645,24.3781201998115,NA,NA,NA,NA,NA,NA,NA,NA
2022-06-25 08:30:00,NA,19.48001,19.59,19.92001,20.39001,NA,NA,NA,NA,NA,NA,NA,NA,NA,3.28795872606148,11.9163575013573,19.6784773649189,24.3781201998115,NA,NA,NA,NA,NA,NA,NA,NA
2022-06-25 08:40:00,NA,19.73001,19.64001,19.89001,20.35999,NA,NA,NA,NA,NA,NA,NA,NA,NA,3.28683544338509,11.9073123394391,19.6784773649189,24.3876724573036,NA,NA,NA,NA,NA,NA,NA,NA
2022-06-25 08:50:00,NA,19.91,19.62,19.89001,20.41,NA,NA,NA,NA,NA,NA,NA,NA,NA,3.29020724362639,11.910332143149,19.673831027416,24.3685770406317,NA,NA,NA,NA,NA,NA,NA,NA
2022-06-25 09:00:00,NA,20.29999,19.64001,19.87,20.31,NA,NA,NA,NA,NA,NA,NA,NA,NA,3.28346570033816,11.9073123394391,19.673831027416,24.3924530414073,NA,NA,NA,NA,NA,NA,NA,NA
2022-06-25 09:10:00,NA,20.42001,19.64001,19.87,20.28,NA,NA,NA,NA,NA,NA,NA,NA,NA,3.29020724362639,11.9073123394391,19.673831027416,24.3924530414073,NA,NA,NA,NA,NA,NA,NA,NA
2022-06-25 09:20:00,NA,20.75,19.59,19.82999,20.26001,NA,NA,NA,NA,NA,NA,NA,NA,NA,3.28234375390591,11.9133447598841,19.6784773649189,24.3972338149804,NA,NA,NA,NA,NA,NA,NA,NA
2022-06-25 09:30:00,NA,20.91,19.57001,19.87,20.26001,NA,NA,NA,NA,NA,NA,NA,NA,NA,3.28795872606148,11.9163575013573,19.6645469806294,24.3924530414073,NA,NA,NA,NA,NA,NA,NA,NA
2022-06-25 09:40:00,NA,21.41,19.59,19.95999,20.23999,NA,NA,NA,NA,NA,NA,NA,NA,NA,3.28234375390591,11.9163575013573,19.6413445419442,24.3972338149804,NA,NA,NA,NA,NA,NA,NA,NA
2022-06-25 09:50:00,NA,21.89001,19.64001,19.95999,20.23001,NA,NA,NA,NA,NA,NA,NA,NA,NA,3.2800992801563,11.910332143149,19.6366998887368,24.4020147780091,NA,NA,NA,NA,NA,NA,NA,NA
2022-06-25 10:00:00,NA,22.39999,19.59,19.89001,20.23001,NA,NA,NA,NA,NA,NA,NA,NA,NA,3.2767349158803,11.9223979849557,19.6506184903903,24.3972338149804,NA,NA,NA,NA,NA,NA,NA,NA
2022-06-25 10:10:00,NA,22.75,19.72,19.89001,20.26001,NA,NA,NA,NA,NA,NA,NA,NA,NA,3.27337260692508,11.9073123394391,19.6506184903903,24.382892062683,NA,NA,NA,NA,NA,NA,NA,NA
2022-06-25 10:20:00,NA,22.95999,19.82001,19.92001,20.23001,NA,NA,NA,NA,NA,NA,NA,NA,NA,3.27449314824397,11.8982756129564,19.6413445419442,24.3924530414073,NA,NA,NA,NA,NA,NA,NA,NA
2022-06-25 10:30:00,NA,23.42999,19.81,19.82001,20.23001,NA,NA,NA,NA,NA,NA,NA,NA,NA,3.27001361878558,11.9012877303462,19.6599012747861,24.3924530414073,NA,NA,NA,NA,NA,NA,NA,NA
2022-06-25 10:40:00,NA,24,19.85001,19.82001,20.23001,NA,NA,NA,NA,NA,NA,NA,NA,NA,3.26330180402268,11.9042999725101,19.6599012747861,24.3876724573036,NA,NA,NA,NA,NA,NA,NA,NA
2022-06-25 10:50:00,NA,24.45001,19.92999,19.89999,20.23001,NA,NA,NA,NA,NA,NA,NA,NA,NA,3.26106741237143,11.8982756129564,19.6413445419442,24.3876724573036,NA,NA,NA,NA,NA,NA,NA,NA
2022-06-25 11:00:00,NA,24.87,20.01999,19.84,20.23001,NA,NA,NA,NA,NA,NA,NA,NA,NA,3.25771721864782,11.8952636203498,19.6552637751598,24.382892062683,NA,NA,NA,NA,NA,NA,NA,NA
2022-06-25 11:10:00,NA,25.29999,20.01999,19.84,20.20999,NA,NA,NA,NA,NA,NA,NA,NA,NA,3.25771721864782,11.9042999725101,19.6506184903903,24.3876724573036,NA,NA,NA,NA,NA,NA,NA,NA
2022-06-25 11:20:00,NA,25.91,20.09,19.92001,20.17999,NA,NA,NA,NA,NA,NA,NA,NA,NA,3.24879656230546,11.9042999725101,19.632063440023,24.3876724573036,NA,NA,NA,NA,NA,NA,NA,NA
2022-06-25 11:30:00,NA,26.51001,20.23001,19.84,20.17999,NA,NA,NA,NA,NA,NA,NA,NA,NA,3.24100397562383,11.8952636203498,19.6506184903903,24.3876724573036,NA,NA,NA,NA,NA,NA,NA,NA
2022-06-25 11:40:00,NA,26.98999,20.28,19.84,20.13,NA,NA,NA,NA,NA,NA,NA,NA,NA,3.23766924726218,11.8982756129564,19.6506184903903,24.4020147780091,NA,NA,NA,NA,NA,NA,NA,NA
2022-06-25 11:50:00,NA,27.51999,20.45999,19.85999,20.16,NA,NA,NA,NA,NA,NA,NA,NA,NA,3.22989681047396,11.8862283913189,19.6459734163656,24.3876724573036,NA,NA,NA,NA,NA,NA,NA,NA
2022-06-25 12:00:00,NA,27.85001,20.48999,19.89001,20.10999,NA,NA,NA,NA,NA,NA,NA,NA,NA,3.22767924575558,11.8952636203498,19.6366998887368,24.4020147780091,NA,NA,NA,NA,NA,NA,NA,NA
2022-06-25 12:10:00,NA,28.20999,20.64999,19.89001,20.07999,NA,NA,NA,NA,NA,NA,NA,NA,NA,3.22767924575558,11.8862283913189,19.6366998887368,24.4067792420088,NA,NA,NA,NA,NA,NA,NA,NA
2022-06-25 12:20:00,NA,28.66,20.82999,19.94,20.07999,NA,NA,NA,NA,NA,NA,NA,NA,NA,3.22213846852419,11.8772015943533,19.6274272013998,24.4067792420088,NA,NA,NA,NA,NA,NA,NA,NA
2022-06-25 12:30:00,NA,29.20001,20.85999,19.85001,20.07999,NA,NA,NA,NA,NA,NA,NA,NA,NA,3.21107838188026,11.8862283913189,19.6506184903903,24.4020147780091,NA,NA,NA,NA,NA,NA,NA,NA
2022-06-25 12:40:00,NA,29.67999,21.07001,19.85001,20.06,NA,NA,NA,NA,NA,NA,NA,NA,NA,3.20225057942605,11.8741904751778,19.6552637751598,24.4067792420088,NA,NA,NA,NA,NA,NA,NA,NA
2022-06-25 12:50:00,NA,30.13,21.20001,19.89001,20.03,NA,NA,NA,NA,NA,NA,NA,NA,NA,3.19674139213416,11.8711794808575,19.6459734163656,24.4163421138975,NA,NA,NA,NA,NA,NA,NA,NA
2022-06-25 13:00:00,NA,30.54999,21.28,19.95999,20.07999,NA,NA,NA,NA,NA,NA,NA,NA,NA,3.19124019123427,11.8802055293791,19.6366998887368,24.4020147780091,NA,NA,NA,NA,NA,NA,NA,NA
2022-06-25 13:10:00,NA,31,21.48999,19.94,20.07999,NA,NA,NA,NA,NA,NA,NA,NA,NA,3.18135432607988,11.8681759191858,19.6459734163656,24.4020147780091,NA,NA,NA,NA,NA,NA,NA,NA
2022-06-25 13:20:00,NA,31.39999,21.54001,19.94,20.03,NA,NA,NA,NA,NA,NA,NA,NA,NA,3.17258621891706,11.8802055293791,19.6506184903903,24.411560583246,NA,NA,NA,NA,NA,NA,NA,NA
2022-06-25 13:30:00,NA,31.85001,21.70001,19.97,20.07999,NA,NA,NA,NA,NA,NA,NA,NA,NA,3.16165023438311,11.8772015943533,19.6459734163656,24.3972338149804,NA,NA,NA,NA,NA,NA,NA,NA
2022-06-25 13:40:00,NA,32.19,21.94,20.04001,20.06,NA,NA,NA,NA,NA,NA,NA,NA,NA,3.15619261370774,11.8591586729355,19.6366998887368,24.4020147780091,NA,NA,NA,NA,NA,NA,NA,NA
2022-06-25 13:50:00,NA,32.54001,22.07001,20.07999,20.07999,NA,NA,NA,NA,NA,NA,NA,NA,NA,3.14747473414445,11.8621618614748,19.6366998887368,24.3972338149804,NA,NA,NA,NA,NA,NA,NA,NA
2022-06-25 14:00:00,NA,32.82999,22.20001,20.12,20.10999,NA,NA,NA,NA,NA,NA,NA,NA,NA,3.13986183451355,11.8651651742997,19.632063440023,24.3924530414073,NA,NA,NA,NA,NA,NA,NA,NA
2022-06-25 14:10:00,NA,33.04001,22.35999,20.10999,20.06,NA,NA,NA,NA,NA,NA,NA,NA,NA,3.13117671330756,11.8621618614748,19.6413445419442,24.4067792420088,NA,NA,NA,NA,NA,NA,NA,NA
2022-06-25 14:20:00,NA,33.17001,22.51999,20.28,20.06,NA,NA,NA,NA,NA,NA,NA,NA,NA,3.12684019318705,11.8561556086907,19.6088843481657,24.4067792420088,NA,NA,NA,NA,NA,NA,NA,NA
2022-06-25 14:30:00,NA,33.34,22.62,20.25,20.03,NA,NA,NA,NA,NA,NA,NA,NA,NA,3.11818238560382,11.8621618614748,19.6227911728848,24.4163421138975,NA,NA,NA,NA,NA,NA,NA,NA
2022-06-25 14:40:00,NA,33.35999,22.78,20.26999,20.06,NA,NA,NA,NA,NA,NA,NA,NA,NA,3.11710077776265,11.8561556086907,19.6274272013998,24.4067792420088,NA,NA,NA,NA,NA,NA,NA,NA
2022-06-25 14:50:00,NA,33.57001,22.98999,20.32001,20.10999,NA,NA,NA,NA,NA,NA,NA,NA,NA,3.10630507457405,11.8471398561469,19.6227911728848,24.3972338149804,NA,NA,NA,NA,NA,NA,NA,NA
2022-06-25 15:00:00,NA,33.62,23.09,20.28,20.23001,NA,NA,NA,NA,NA,NA,NA,NA,NA,3.10414850596398,11.8501425471517,19.6413445419442,24.3733485257898,NA,NA,NA,NA,NA,NA,NA,NA
2022-06-25 15:10:00,NA,33.79001,23.23001,20.42001,20.13,NA,NA,NA,NA,NA,NA,NA,NA,NA,3.09768798355745,11.8501425471517,19.6181553544957,24.3972338149804,NA,NA,NA,NA,NA,NA,NA,NA
2022-06-25 15:20:00,NA,33.98001,23.41,20.45999,20.07999,NA,NA,NA,NA,NA,NA,NA,NA,NA,3.09016250619212,11.8441372894726,19.6181553544957,24.4067792420088,NA,NA,NA,NA,NA,NA,NA,NA
2022-06-25 15:30:00,NA,34.34,23.48999,20.57001,20.23001,NA,NA,NA,NA,NA,NA,NA,NA,NA,3.0730108830584,11.8501425471517,19.5996221737112,24.3781201998115,NA,NA,NA,NA,NA,NA,NA,NA
2022-06-25 15:40:00,NA,34.38998,23.63,20.54999,20.23001,NA,NA,NA,NA,NA,NA,NA,NA,NA,3.06339399495428,11.8471398561469,19.6181553544957,24.3781201998115,NA,NA,NA,NA,NA,NA,NA,NA
2022-06-25 15:50:00,NA,34.01999,23.84,20.69,20.23001,NA,NA,NA,NA,NA,NA,NA,NA,NA,3.06980260623458,11.8381325291509,19.594987405854,24.3781201998115,NA,NA,NA,NA,NA,NA,NA,NA
2022-06-25 16:00:00,NA,33.70999,23.85999,20.66,20.23001,NA,NA,NA,NA,NA,NA,NA,NA,NA,3.06659697708352,11.8531453624779,19.6135197462501,24.382892062683,NA,NA,NA,NA,NA,NA,NA,NA
2022-06-25 16:10:00,NA,33.13,24.07001,20.69,20.26001,NA,NA,NA,NA,NA,NA,NA,NA,NA,3.0730108830584,11.8411348471375,19.6181553544957,24.3733485257898,NA,NA,NA,NA,NA,NA,NA,NA
2022-06-25 16:20:00,NA,32.59,24.14999,20.81,20.28,NA,NA,NA,NA,NA,NA,NA,NA,NA,3.07622117674393,11.8441372894726,19.6042491602602,24.3733485257898,NA,NA,NA,NA,NA,NA,NA,NA
2022-06-25 16:30:00,NA,32.06,24.22,20.82999,20.26001,NA,NA,NA,NA,NA,NA,NA,NA,NA,3.08050639065217,11.8471398561469,19.6088843481657,24.3781201998115,NA,NA,NA,NA,NA,NA,NA,NA
2022-06-25 16:40:00,NA,31.53,24.29999,20.89999,20.23001,NA,NA,NA,NA,NA,NA,NA,NA,NA,3.08801457073577,11.8501425471517,19.5996221737112,24.3924530414073,NA,NA,NA,NA,NA,NA,NA,NA
2022-06-25 16:50:00,NA,31.16,24.45999,20.89999,20.23001,NA,NA,NA,NA,NA,NA,NA,NA,NA,3.0890882157243,11.8381325291509,19.6088843481657,24.3972338149804,NA,NA,NA,NA,NA,NA,NA,NA
2022-06-25 17:00:00,NA,30.89999,24.47,21.03,20.31,NA,NA,NA,NA,NA,NA,NA,NA,NA,3.0890882157243,11.8441372894726,19.5903608386643,24.382892062683,NA,NA,NA,NA,NA,NA,NA,NA
2022-06-25 17:10:00,NA,30.76001,24.47,21.09,20.38,NA,NA,NA,NA,NA,NA,NA,NA,NA,3.08479498215868,11.8501425471517,19.5903608386643,24.3685770406317,NA,NA,NA,NA,NA,NA,NA,NA
2022-06-25 17:20:00,NA,30.57999,24.5,21.10999,20.42999,NA,NA,NA,NA,NA,NA,NA,NA,NA,3.08479498215868,11.8501425471517,19.594987405854,24.3638057443508,NA,NA,NA,NA,NA,NA,NA,NA
2022-06-25 17:30:00,NA,30.54999,24.53,21.20999,20.42999,NA,NA,NA,NA,NA,NA,NA,NA,NA,3.07729214391105,11.8471398561469,19.581100343166,24.3685770406317,NA,NA,NA,NA,NA,NA,NA,NA
2022-06-25 17:40:00,NA,30.34,24.56,21.26999,20.42999,NA,NA,NA,NA,NA,NA,NA,NA,NA,3.07622117674393,11.8471398561469,19.581100343166,24.3733485257898,NA,NA,NA,NA,NA,NA,NA,NA
2022-06-25 17:50:00,NA,30.13,24.60001,21.32001,20.45999,NA,NA,NA,NA,NA,NA,NA,NA,NA,3.07408054634712,11.8411348471375,19.5764664156171,24.3685770406317,NA,NA,NA,NA,NA,NA,NA,NA
2022-06-25 18:00:00,NA,29.88998,24.64999,21.32001,20.42999,NA,NA,NA,NA,NA,NA,NA,NA,NA,3.0730108830584,11.8351303355214,19.5857264909259,24.3781201998115,NA,NA,NA,NA,NA,NA,NA,NA
2022-06-25 18:10:00,NA,29.67999,24.59,21.39999,20.45999,NA,NA,NA,NA,NA,NA,NA,NA,NA,3.07408054634712,11.8411348471375,19.581100343166,24.3781201998115,NA,NA,NA,NA,NA,NA,NA,NA
2022-06-25 18:20:00,NA,29.47,24.62,21.51001,20.51001,NA,NA,NA,NA,NA,NA,NA,NA,NA,3.0730108830584,11.8381325291509,19.5579647602221,24.3685770406317,NA,NA,NA,NA,NA,NA,NA,NA
2022-06-25 18:30:00,NA,29.25,24.64999,21.53,20.63,NA,NA,NA,NA,NA,NA,NA,NA,NA,3.0730108830584,11.8351303355214,19.5625898596423,24.3447224482745,NA,NA,NA,NA,NA,NA,NA,NA
2022-06-25 18:40:00,NA,29.04001,24.64999,21.53,20.57999,NA,NA,NA,NA,NA,NA,NA,NA,NA,3.07408054634712,11.8351303355214,19.5718486763447,24.3685770406317,NA,NA,NA,NA,NA,NA,NA,NA
2022-06-25 18:50:00,NA,28.94,24.63,21.57999,20.63,NA,NA,NA,NA,NA,NA,NA,NA,NA,3.06766529614357,11.8381325291509,19.5672151686932,24.3542637184758,NA,NA,NA,NA,NA,NA,NA,NA
2022-06-25 19:00:00,NA,28.62,24.63,21.60999,20.63,NA,NA,NA,NA,NA,NA,NA,NA,NA,3.07087159730845,11.8351303355214,19.5718486763447,24.3590262960295,NA,NA,NA,NA,NA,NA,NA,NA
2022-06-25 19:10:00,NA,28.38,24.64001,21.64001,20.63,NA,NA,NA,NA,NA,NA,NA,NA,NA,3.06659697708352,11.8321282662583,19.5672151686932,24.3590262960295,NA,NA,NA,NA,NA,NA,NA,NA
2022-06-25 19:20:00,NA,27.98001,24.51001,21.76001,20.66,NA,NA,NA,NA,NA,NA,NA,NA,NA,3.07408054634712,11.8501425471517,19.5487151903446,24.3590262960295,NA,NA,NA,NA,NA,NA,NA,NA
2022-06-25 19:30:00,NA,27.70999,24.53,21.72,20.70999,NA,NA,NA,NA,NA,NA,NA,NA,NA,3.0730108830584,11.8441372894726,19.5625898596423,24.349492988909,NA,NA,NA,NA,NA,NA,NA,NA
2022-06-25 19:40:00,NA,27.29999,24.47,21.73999,20.76001,NA,NA,NA,NA,NA,NA,NA,NA,NA,3.0794347508437,11.8501425471517,19.5625898596423,24.349492988909,NA,NA,NA,NA,NA,NA,NA,NA
2022-06-25 19:50:00,NA,27.04999,24.51001,21.73999,20.82999,NA,NA,NA,NA,NA,NA,NA,NA,NA,3.07729214391105,11.8381325291509,19.5672151686932,24.3351819338571,NA,NA,NA,NA,NA,NA,NA,NA
2022-06-25 20:00:00,NA,26.64999,24.5,21.76999,20.79999,NA,NA,NA,NA,NA,NA,NA,NA,NA,3.08479498215868,11.8381325291509,19.5718486763447,24.3447224482745,NA,NA,NA,NA,NA,NA,NA,NA
2022-06-25 20:10:00,NA,26.26001,24.45001,21.85001,20.81,NA,NA,NA,NA,NA,NA,NA,NA,NA,3.09016250619212,11.8411348471375,19.5533398704503,24.349492988909,NA,NA,NA,NA,NA,NA,NA,NA
2022-06-25 20:20:00,NA,26.01999,24.5,21.95001,20.85999,NA,NA,NA,NA,NA,NA,NA,NA,NA,3.0890882157243,11.8291263213702,19.53485039429,24.3399604361968,NA,NA,NA,NA,NA,NA,NA,NA
2022-06-25 20:30:00,NA,25.70999,24.34,21.95001,20.85999,NA,NA,NA,NA,NA,NA,NA,NA,NA,3.12900810799177,11.8411348471375,19.5394744456542,24.3447224482745,NA,NA,NA,NA,NA,NA,NA,NA
2022-06-25 20:40:00,NA,25.39999,24.26001,21.95001,20.82999,NA,NA,NA,NA,NA,NA,NA,NA,NA,3.09231112896346,11.8471398561469,19.5440987067373,24.3590262960295,NA,NA,NA,NA,NA,NA,NA,NA
2022-06-25 20:50:00,NA,25.07999,24.28,21.95001,20.85999,NA,NA,NA,NA,NA,NA,NA,NA,NA,3.09016250619212,11.8411348471375,19.5487151903446,24.3542637184758,NA,NA,NA,NA,NA,NA,NA,NA
2022-06-25 21:00:00,NA,24.73999,24.19,21.95001,20.89001,NA,NA,NA,NA,NA,NA,NA,NA,NA,3.09661170030737,11.8471398561469,19.5487151903446,24.349492988909,NA,NA,NA,NA,NA,NA,NA,NA
2022-06-25 21:10:00,NA,24.48001,24.13,21.95001,20.94,NA,NA,NA,NA,NA,NA,NA,NA,NA,3.09876428089048,11.8471398561469,19.5533398704503,24.3399604361968,NA,NA,NA,NA,NA,NA,NA,NA
2022-06-25 21:20:00,NA,24.20001,24.07001,21.95001,20.91,NA,NA,NA,NA,NA,NA,NA,NA,NA,3.10091754950886,11.8471398561469,19.5533398704503,24.3542637184758,NA,NA,NA,NA,NA,NA,NA,NA
2022-06-25 21:30:00,NA,23.94,24.04999,21.95001,21.01001,NA,NA,NA,NA,NA,NA,NA,NA,NA,3.10307150631783,11.8411348471375,19.5579647602221,24.3351819338571,NA,NA,NA,NA,NA,NA,NA,NA
2022-06-25 21:40:00,NA,23.70001,24.01999,21.98001,21.04001,NA,NA,NA,NA,NA,NA,NA,NA,NA,3.10522678315645,11.8351303355214,19.5487151903446,24.3256421753333,NA,NA,NA,NA,NA,NA,NA,NA
2022-06-25 21:50:00,NA,23.45001,23.84,21.98001,21.04001,NA,NA,NA,NA,NA,NA,NA,NA,NA,3.10846233184609,11.8531453624779,19.5487151903446,24.3304119601016,NA,NA,NA,NA,NA,NA,NA,NA
2022-06-25 22:00:00,NA,23.32001,23.85999,21.95001,21.06,NA,NA,NA,NA,NA,NA,NA,NA,NA,3.10522678315645,11.8411348471375,19.5579647602221,24.3256421753333,NA,NA,NA,NA,NA,NA,NA,NA
2022-06-25 22:10:00,NA,23.01999,23.73001,21.95001,21.04001,NA,NA,NA,NA,NA,NA,NA,NA,NA,3.11169990416877,11.8471398561469,19.5579647602221,24.3351819338571,NA,NA,NA,NA,NA,NA,NA,NA
2022-06-25 22:20:00,NA,22.76001,23.63,21.95001,21.09,NA,NA,NA,NA,NA,NA,NA,NA,NA,3.11601981614247,11.8501425471517,19.5579647602221,24.3304119601016,NA,NA,NA,NA,NA,NA,NA,NA
2022-06-25 22:30:00,NA,22.59,23.64999,21.95001,21.06,NA,NA,NA,NA,NA,NA,NA,NA,NA,3.11818238560382,11.8351303355214,19.5579647602221,24.3399604361968,NA,NA,NA,NA,NA,NA,NA,NA
2022-06-25 22:40:00,NA,22.41,23.45999,21.95001,21.09,NA,NA,NA,NA,NA,NA,NA,NA,NA,3.12034501289716,11.8531453624779,19.5579647602221,24.3351819338571,NA,NA,NA,NA,NA,NA,NA,NA
2022-06-25 22:50:00,NA,22.28,23.39001,21.95001,21.14001,NA,NA,NA,NA,NA,NA,NA,NA,NA,3.12250896176355,11.8531453624779,19.5579647602221,24.320872579566,NA,NA,NA,NA,NA,NA,NA,NA
2022-06-25 23:00:00,NA,22.09,23.39001,21.95001,21.06,NA,NA,NA,NA,NA,NA,NA,NA,NA,3.12142729597827,11.8441372894726,19.5533398704503,24.3447224482745,NA,NA,NA,NA,NA,NA,NA,NA
2022-06-25 23:10:00,NA,21.91,23.25,21.95001,21.16,NA,NA,NA,NA,NA,NA,NA,NA,NA,3.12359127389429,11.9042999725101,19.5533398704503,24.320872579566,NA,NA,NA,NA,NA,NA,NA,NA
2022-06-25 23:20:00,NA,21.70001,23.20001,21.95001,21.16,NA,NA,NA,NA,NA,NA,NA,NA,NA,3.12792382733738,11.9737623269566,19.5533398704503,24.3256421753333,NA,NA,NA,NA,NA,NA,NA,NA
2022-06-25 23:30:00,NA,21.51999,23.20001,21.95001,21.16,NA,NA,NA,NA,NA,NA,NA,NA,NA,3.13117671330756,11.9042999725101,19.5487151903446,24.3256421753333,NA,NA,NA,NA,NA,NA,NA,NA
2022-06-25 23:40:00,NA,21.45999,23.07001,21.95001,21.16,NA,NA,NA,NA,NA,NA,NA,NA,NA,3.12900810799177,11.9344658269857,19.5440987067373,24.3304119601016,NA,NA,NA,NA,NA,NA,NA,NA
2022-06-25 23:50:00,NA,21.25,22.98999,21.95001,21.23999,NA,NA,NA,NA,NA,NA,NA,NA,NA,3.13443099531772,11.9254111011946,19.5440987067373,24.3161115107721,NA,NA,NA,NA,NA,NA,NA,NA
2022-06-26 00:00:00,NA,21.07999,22.98999,21.97,21.26001,NA,NA,NA,NA,NA,NA,NA,NA,NA,3.1409481732202,11.9073123394391,19.53485039429,24.3113422927175,NA,NA,NA,NA,NA,NA,NA,NA
2022-06-26 00:10:00,NA,20.95001,22.79999,21.92999,21.19,NA,NA,NA,NA,NA,NA,NA,NA,NA,3.15292163661383,11.9284316559789,19.5440987067373,24.3304119601016,NA,NA,NA,NA,NA,NA,NA,NA
2022-06-26 00:20:00,NA,20.87,22.78,21.95001,21.23999,NA,NA,NA,NA,NA,NA,NA,NA,NA,3.13768856968587,11.9163575013573,19.53485039429,24.320872579566,NA,NA,NA,NA,NA,NA,NA,NA
2022-06-26 00:30:00,NA,20.67999,22.67001,21.92999,21.23999,NA,NA,NA,NA,NA,NA,NA,NA,NA,3.14203515875793,11.9223979849557,19.53485039429,24.320872579566,NA,NA,NA,NA,NA,NA,NA,NA
2022-06-26 00:40:00,NA,20.57999,22.57001,21.89999,21.23999,NA,NA,NA,NA,NA,NA,NA,NA,NA,3.1409481732202,11.9314450219156,19.53485039429,24.3256421753333,NA,NA,NA,NA,NA,NA,NA,NA
2022-06-26 00:50:00,NA,20.42001,22.57001,21.82001,21.23999,NA,NA,NA,NA,NA,NA,NA,NA,NA,3.14421043849196,11.9193776804933,19.5487151903446,24.320872579566,NA,NA,NA,NA,NA,NA,NA,NA
2022-06-26 01:00:00,NA,20.29001,22.48999,21.76999,21.23999,NA,NA,NA,NA,NA,NA,NA,NA,NA,3.14638640995987,11.9707398933335,19.5579647602221,24.320872579566,NA,NA,NA,NA,NA,NA,NA,NA
2022-06-26 01:10:00,NA,20.19,22.35999,21.73999,21.23999,NA,NA,NA,NA,NA,NA,NA,NA,NA,3.14747473414445,11.9889056519771,19.5625898596423,24.3256421753333,NA,NA,NA,NA,NA,NA,NA,NA
2022-06-26 01:20:00,NA,20.04999,22.35999,21.73999,21.23999,NA,NA,NA,NA,NA,NA,NA,NA,NA,3.15074232484347,11.9525932879905,19.5579647602221,24.320872579566,NA,NA,NA,NA,NA,NA,NA,NA
2022-06-26 01:30:00,NA,19.94,22.28,21.73999,21.20001,NA,NA,NA,NA,NA,NA,NA,NA,NA,3.15183134114084,11.9495717313702,19.5533398704503,24.3304119601016,NA,NA,NA,NA,NA,NA,NA,NA
2022-06-26 01:40:00,NA,19.79001,22.17001,21.73999,21.23999,NA,NA,NA,NA,NA,NA,NA,NA,NA,3.15619261370774,11.9525932879905,19.5487151903446,24.3256421753333,NA,NA,NA,NA,NA,NA,NA,NA
2022-06-26 01:50:00,NA,19.78,22.14999,21.72,21.23999,NA,NA,NA,NA,NA,NA,NA,NA,NA,3.15401194719078,11.9465502999856,19.5440987067373,24.320872579566,NA,NA,NA,NA,NA,NA,NA,NA
2022-06-26 02:00:00,NA,19.60001,22.12,21.67999,21.23999,NA,NA,NA,NA,NA,NA,NA,NA,NA,3.15837460500104,11.9465502999856,19.5487151903446,24.320872579566,NA,NA,NA,NA,NA,NA,NA,NA
2022-06-26 02:10:00,NA,19.45001,21.94,21.60999,21.23999,NA,NA,NA,NA,NA,NA,NA,NA,NA,3.16383553852987,11.958636776902,19.5672151686932,24.320872579566,NA,NA,NA,NA,NA,NA,NA,NA
2022-06-26 02:20:00,NA,19.42999,21.94,21.53,21.23999,NA,NA,NA,NA,NA,NA,NA,NA,NA,3.16055855339942,11.9495717313702,19.5764664156171,24.320872579566,NA,NA,NA,NA,NA,NA,NA,NA
2022-06-26 02:30:00,NA,19.25,21.91,21.53,21.22,NA,NA,NA,NA,NA,NA,NA,NA,NA,3.17696761920797,11.9465502999856,19.5718486763447,24.3256421753333,NA,NA,NA,NA,NA,NA,NA,NA
2022-06-26 02:40:00,NA,19.20001,21.75,21.53,21.23999,NA,NA,NA,NA,NA,NA,NA,NA,NA,3.17916030921709,11.9616660263544,19.5625898596423,24.320872579566,NA,NA,NA,NA,NA,NA,NA,NA
2022-06-26 02:50:00,NA,19.20999,21.73001,21.53,21.23999,NA,NA,NA,NA,NA,NA,NA,NA,NA,3.17039687601777,12.0070905728841,19.5625898596423,24.320872579566,NA,NA,NA,NA,NA,NA,NA,NA
2022-06-26 03:00:00,NA,18.98999,21.70001,21.51001,21.23999,NA,NA,NA,NA,NA,NA,NA,NA,NA,3.17696761920797,11.9616660263544,19.5579647602221,24.320872579566,NA,NA,NA,NA,NA,NA,NA,NA
2022-06-26 03:10:00,NA,19,21.67001,21.51001,21.20999,NA,NA,NA,NA,NA,NA,NA,NA,NA,3.17368122964591,11.9828450173744,19.5533398704503,24.320872579566,NA,NA,NA,NA,NA,NA,NA,NA
2022-06-26 03:20:00,NA,18.73999,21.48999,21.53,21.20999,NA,NA,NA,NA,NA,NA,NA,NA,NA,3.18464736544287,12.0435252627199,19.5440987067373,24.320872579566,NA,NA,NA,NA,NA,NA,NA,NA
2022-06-26 03:30:00,NA,18.75,21.48999,21.45001,21.20999,NA,NA,NA,NA,NA,NA,NA,NA,NA,3.19234052621842,12.0070905728841,19.5579647602221,24.320872579566,NA,NA,NA,NA,NA,NA,NA,NA
2022-06-26 03:40:00,NA,18.59,21.45999,21.38,21.14001,NA,NA,NA,NA,NA,NA,NA,NA,NA,3.20114820409526,12.0070905728841,19.5718486763447,24.3351819338571,NA,NA,NA,NA,NA,NA,NA,NA
2022-06-26 03:50:00,NA,18.51999,21.28,21.37,21.14001,NA,NA,NA,NA,NA,NA,NA,NA,NA,3.19234052621842,12.0252946650177,19.5625898596423,24.3304119601016,NA,NA,NA,NA,NA,NA,NA,NA
2022-06-26 04:00:00,NA,18.32999,21.28,21.32001,21.10999,NA,NA,NA,NA,NA,NA,NA,NA,NA,3.2044553780824,12.0161920526483,19.5718486763447,24.3399604361968,NA,NA,NA,NA,NA,NA,NA,NA
2022-06-26 04:10:00,NA,18.39999,21.28,21.32001,21.04999,NA,NA,NA,NA,NA,NA,NA,NA,NA,3.19894413380202,12.0070905728841,19.5672151686932,24.349492988909,NA,NA,NA,NA,NA,NA,NA,NA
2022-06-26 04:20:00,NA,18.29999,21.12,21.26999,21.19,NA,NA,NA,NA,NA,NA,NA,NA,NA,3.20225057942605,12.0222627761485,19.5718486763447,24.3161115107721,NA,NA,NA,NA,NA,NA,NA,NA
2022-06-26 04:30:00,NA,18.20999,21.09,21.22,21.09,NA,NA,NA,NA,NA,NA,NA,NA,NA,3.20555906641427,12.0192310129037,19.581100343166,24.3399604361968,NA,NA,NA,NA,NA,NA,NA,NA
2022-06-26 04:40:00,NA,18.20999,21.07001,21.16,21.06,NA,NA,NA,NA,NA,NA,NA,NA,NA,3.21328849811534,12.0161920526483,19.581100343166,24.3399604361968,NA,NA,NA,NA,NA,NA,NA,NA
2022-06-26 04:50:00,NA,18.17999,20.95999,21.13,21.06,NA,NA,NA,NA,NA,NA,NA,NA,NA,3.20666213831431,12.0222627761485,19.5857264909259,24.3399604361968,NA,NA,NA,NA,NA,NA,NA,NA
2022-06-26 05:00:00,NA,18.20999,20.88,21.10999,21.06,NA,NA,NA,NA,NA,NA,NA,NA,NA,3.20666213831431,12.0252946650177,19.5857264909259,24.3399604361968,NA,NA,NA,NA,NA,NA,NA,NA
2022-06-26 05:10:00,NA,18.23001,20.85999,21.13,21.07999,NA,NA,NA,NA,NA,NA,NA,NA,NA,3.20666213831431,12.0192310129037,19.5718486763447,24.3351819338571,NA,NA,NA,NA,NA,NA,NA,NA
2022-06-26 05:20:00,NA,18.25,20.85999,21.14999,21.06,NA,NA,NA,NA,NA,NA,NA,NA,NA,3.20776585878563,12.0161920526483,19.5625898596423,24.3351819338571,NA,NA,NA,NA,NA,NA,NA,NA
2022-06-26 05:30:00,NA,18.23001,20.81,21.13,21.04001,NA,NA,NA,NA,NA,NA,NA,NA,NA,3.21439421307892,12.0131605409831,19.5625898596423,24.3399604361968,NA,NA,NA,NA,NA,NA,NA,NA
2022-06-26 05:40:00,NA,18.20999,20.67001,21.03,21.04001,NA,NA,NA,NA,NA,NA,NA,NA,NA,3.22213846852419,12.0252946650177,19.581100343166,24.3351819338571,NA,NA,NA,NA,NA,NA,NA,NA
2022-06-26 05:50:00,NA,18.29999,20.64999,20.97,21.04001,NA,NA,NA,NA,NA,NA,NA,NA,NA,3.22878770353863,12.0222627761485,19.5857264909259,24.3351819338571,NA,NA,NA,NA,NA,NA,NA,NA
2022-06-26 06:00:00,NA,18.48999,20.64999,20.92999,21.04001,NA,NA,NA,NA,NA,NA,NA,NA,NA,3.22435397102511,12.0131605409831,19.5903608386643,24.3351819338571,NA,NA,NA,NA,NA,NA,NA,NA
2022-06-26 06:10:00,NA,18.64999,20.64001,20.89999,21.04001,NA,NA,NA,NA,NA,NA,NA,NA,NA,3.23100656660201,12.0070905728841,19.5903608386643,24.3304119601016,NA,NA,NA,NA,NA,NA,NA,NA
2022-06-26 06:20:00,NA,18.70001,20.45999,20.88,21.03,NA,NA,NA,NA,NA,NA,NA,NA,NA,3.23100656660201,12.0283340033608,19.5857264909259,24.3351819338571,NA,NA,NA,NA,NA,NA,NA,NA
2022-06-26 06:30:00,NA,18.94,20.44,20.94,20.98999,NA,NA,NA,NA,NA,NA,NA,NA,NA,3.22989681047396,12.0252946650177,19.5672151686932,24.3447224482745,NA,NA,NA,NA,NA,NA,NA,NA
2022-06-26 06:40:00,NA,19.13,20.44,20.92001,20.98999,NA,NA,NA,NA,NA,NA,NA,NA,NA,3.22989681047396,12.0192310129037,19.5672151686932,24.3399604361968,NA,NA,NA,NA,NA,NA,NA,NA
2022-06-26 06:50:00,NA,19.39001,20.41,20.87,20.98999,NA,NA,NA,NA,NA,NA,NA,NA,NA,3.23100656660201,12.0800367164707,19.5718486763447,24.3351819338571,NA,NA,NA,NA,NA,NA,NA,NA
2022-06-26 07:00:00,NA,19.60001,20.35999,20.76001,20.98999,NA,NA,NA,NA,NA,NA,NA,NA,NA,3.2321157065346,12.1105244701387,19.5903608386643,24.3351819338571,NA,NA,NA,NA,NA,NA,NA,NA
2022-06-26 07:10:00,NA,19.92001,20.31,20.69,20.89001,NA,NA,NA,NA,NA,NA,NA,NA,NA,3.22878770353863,12.0556864003716,19.5996221737112,24.3542637184758,NA,NA,NA,NA,NA,NA,NA,NA
2022-06-26 07:20:00,NA,20.23999,20.28,20.72,20.85999,NA,NA,NA,NA,NA,NA,NA,NA,NA,3.22435397102511,12.0526459267389,19.5903608386643,24.3590262960295,NA,NA,NA,NA,NA,NA,NA,NA
2022-06-26 07:30:00,NA,20.39001,20.25,20.69,20.89001,NA,NA,NA,NA,NA,NA,NA,NA,NA,3.22989681047396,12.0617750532246,19.5903608386643,24.349492988909,NA,NA,NA,NA,NA,NA,NA,NA
2022-06-26 07:40:00,NA,20.60001,20.23001,20.70999,20.82999,NA,NA,NA,NA,NA,NA,NA,NA,NA,3.23544702191001,12.0648159055277,19.581100343166,24.3638057443508,NA,NA,NA,NA,NA,NA,NA,NA
2022-06-26 07:50:00,NA,20.75,20.25,20.70999,20.82999,NA,NA,NA,NA,NA,NA,NA,NA,NA,3.22878770353863,12.0678568839346,19.5718486763447,24.3590262960295,NA,NA,NA,NA,NA,NA,NA,NA
2022-06-26 08:00:00,NA,21.10001,20.29999,20.69,20.85999,NA,NA,NA,NA,NA,NA,NA,NA,NA,3.22324621158621,12.0830856551984,19.5718486763447,24.3447224482745,NA,NA,NA,NA,NA,NA,NA,NA
2022-06-26 08:10:00,NA,21.34,20.29999,20.62,20.82999,NA,NA,NA,NA,NA,NA,NA,NA,NA,3.22657017174983,12.0769952331325,19.5857264909259,24.3542637184758,NA,NA,NA,NA,NA,NA,NA,NA
2022-06-26 08:20:00,NA,21.78,20.25,20.56,20.82999,NA,NA,NA,NA,NA,NA,NA,NA,NA,3.21881786788397,12.0891839126157,19.5903608386643,24.349492988909,NA,NA,NA,NA,NA,NA,NA,NA
2022-06-26 08:30:00,NA,22,20.29999,20.51001,20.81,NA,NA,NA,NA,NA,NA,NA,NA,NA,3.22324621158621,12.0800367164707,19.5996221737112,24.3542637184758,NA,NA,NA,NA,NA,NA,NA,NA
2022-06-26 08:40:00,NA,22.37,20.41,20.51001,20.82999,NA,NA,NA,NA,NA,NA,NA,NA,NA,3.21771145535435,12.0648159055277,19.594987405854,24.349492988909,NA,NA,NA,NA,NA,NA,NA,NA
2022-06-26 08:50:00,NA,22.67001,20.41,20.53,20.81,NA,NA,NA,NA,NA,NA,NA,NA,NA,3.21992429670402,12.0678568839346,19.5857264909259,24.349492988909,NA,NA,NA,NA,NA,NA,NA,NA
2022-06-26 09:00:00,NA,22.78,20.44,20.48001,20.78,NA,NA,NA,NA,NA,NA,NA,NA,NA,3.21660505910284,12.0678568839346,19.594987405854,24.349492988909,NA,NA,NA,NA,NA,NA,NA,NA
2022-06-26 09:10:00,NA,22.98001,20.44,20.51999,20.78,NA,NA,NA,NA,NA,NA,NA,NA,NA,3.209973980547,12.0708979884362,19.581100343166,24.349492988909,NA,NA,NA,NA,NA,NA,NA,NA
2022-06-26 09:20:00,NA,23.17999,20.45999,20.48001,20.76001,NA,NA,NA,NA,NA,NA,NA,NA,NA,3.21328849811534,12.0708979884362,19.5857264909259,24.349492988909,NA,NA,NA,NA,NA,NA,NA,NA
2022-06-26 09:30:00,NA,23.48001,20.57001,20.48001,20.76001,NA,NA,NA,NA,NA,NA,NA,NA,NA,3.21218279936199,12.0769952331325,19.581100343166,24.349492988909,NA,NA,NA,NA,NA,NA,NA,NA
2022-06-26 09:40:00,NA,23.84,20.62,20.5,20.69,NA,NA,NA,NA,NA,NA,NA,NA,NA,3.209973980547,12.0617750532246,19.5764664156171,24.3590262960295,NA,NA,NA,NA,NA,NA,NA,NA
2022-06-26 09:50:00,NA,24.45001,20.64999,20.45001,20.64001,NA,NA,NA,NA,NA,NA,NA,NA,NA,3.19564099377555,12.0891839126157,19.581100343166,24.3685770406317,NA,NA,NA,NA,NA,NA,NA,NA
2022-06-26 10:00:00,NA,24.94,20.64999,20.42999,20.63,NA,NA,NA,NA,NA,NA,NA,NA,NA,3.19124019123427,12.0648159055277,19.581100343166,24.3685770406317,NA,NA,NA,NA,NA,NA,NA,NA
2022-06-26 10:10:00,NA,25.48999,20.82999,20.48999,20.63,NA,NA,NA,NA,NA,NA,NA,NA,NA,3.18354967000494,12.0496055792465,19.5672151686932,24.3638057443508,NA,NA,NA,NA,NA,NA,NA,NA
2022-06-26 10:20:00,NA,25.95001,20.85999,20.39999,20.60999,NA,NA,NA,NA,NA,NA,NA,NA,NA,3.17916030921709,12.0496055792465,19.5903608386643,24.3638057443508,NA,NA,NA,NA,NA,NA,NA,NA
2022-06-26 10:30:00,NA,26.32999,20.85999,20.45001,20.66,NA,NA,NA,NA,NA,NA,NA,NA,NA,3.17149122364491,12.0617750532246,19.5718486763447,24.3542637184758,NA,NA,NA,NA,NA,NA,NA,NA
2022-06-26 10:40:00,NA,26.92999,20.98999,20.45999,20.63,NA,NA,NA,NA,NA,NA,NA,NA,NA,3.16274319488575,12.0526459267389,19.5718486763447,24.3590262960295,NA,NA,NA,NA,NA,NA,NA,NA
2022-06-26 10:50:00,NA,27.73001,21.07001,20.54001,20.67999,NA,NA,NA,NA,NA,NA,NA,NA,NA,3.14312279116556,12.0526459267389,19.5533398704503,24.3447224482745,NA,NA,NA,NA,NA,NA,NA,NA
2022-06-26 11:00:00,NA,28.44,21.12,20.39001,20.63,NA,NA,NA,NA,NA,NA,NA,NA,NA,3.12792382733738,12.0556864003716,19.581100343166,24.3542637184758,NA,NA,NA,NA,NA,NA,NA,NA
2022-06-26 11:10:00,NA,29.06,21.25,20.45001,20.63,NA,NA,NA,NA,NA,NA,NA,NA,NA,3.11601981614247,12.0496055792465,19.5672151686932,24.349492988909,NA,NA,NA,NA,NA,NA,NA,NA
2022-06-26 11:20:00,NA,29.60001,21.28,20.47,20.63,NA,NA,NA,NA,NA,NA,NA,NA,NA,3.10414850596398,12.0830856551984,19.5672151686932,24.349492988909,NA,NA,NA,NA,NA,NA,NA,NA
2022-06-26 11:30:00,NA,29.94,21.48999,20.45001,20.63,NA,NA,NA,NA,NA,NA,NA,NA,NA,3.09231112896346,12.0587270001357,19.5718486763447,24.3447224482745,NA,NA,NA,NA,NA,NA,NA,NA
2022-06-26 11:40:00,NA,30.10001,21.57001,20.48001,20.60999,NA,NA,NA,NA,NA,NA,NA,NA,NA,3.0890882157243,12.0617750532246,19.5672151686932,24.349492988909,NA,NA,NA,NA,NA,NA,NA,NA
2022-06-26 11:50:00,NA,30.14999,21.70001,20.48001,20.63,NA,NA,NA,NA,NA,NA,NA,NA,NA,3.08479498215868,12.0617750532246,19.5718486763447,24.3447224482745,NA,NA,NA,NA,NA,NA,NA,NA
2022-06-26 12:00:00,NA,30.38998,21.85999,20.51999,20.57999,NA,NA,NA,NA,NA,NA,NA,NA,NA,3.07729214391105,12.0526459267389,19.5625898596423,24.3590262960295,NA,NA,NA,NA,NA,NA,NA,NA
2022-06-26 12:10:00,NA,30.87,21.94,20.59,20.60999,NA,NA,NA,NA,NA,NA,NA,NA,NA,3.06339399495428,12.0587270001357,19.5487151903446,24.3447224482745,NA,NA,NA,NA,NA,NA,NA,NA
2022-06-26 12:20:00,NA,31.19,22.14999,20.53,20.48001,NA,NA,NA,NA,NA,NA,NA,NA,NA,3.04528769903645,12.0465653579038,19.5625898596423,24.3781201998115,NA,NA,NA,NA,NA,NA,NA,NA
2022-06-26 12:30:00,NA,31.07999,22.25,20.48001,20.56,NA,NA,NA,NA,NA,NA,NA,NA,NA,3.04635070140868,12.0496055792465,19.581100343166,24.3590262960295,NA,NA,NA,NA,NA,NA,NA,NA
2022-06-26 12:40:00,NA,31.35001,22.35999,20.5,20.57999,NA,NA,NA,NA,NA,NA,NA,NA,NA,3.03573388897158,12.0496055792465,19.581100343166,24.349492988909,NA,NA,NA,NA,NA,NA,NA,NA
2022-06-26 12:50:00,NA,31.79999,22.54001,20.53,20.57999,NA,NA,NA,NA,NA,NA,NA,NA,NA,3.01985968474013,12.0404852937039,19.5764664156171,24.349492988909,NA,NA,NA,NA,NA,NA,NA,NA
2022-06-26 13:00:00,NA,32.39999,22.57001,20.73001,20.60999,NA,NA,NA,NA,NA,NA,NA,NA,NA,3.00089048485347,12.0496055792465,19.53485039429,24.3447224482745,NA,NA,NA,NA,NA,NA,NA,NA
2022-06-26 13:10:00,NA,32.92999,22.78,20.66,20.57999,NA,NA,NA,NA,NA,NA,NA,NA,NA,2.98619703898544,12.0344057342123,19.5579647602221,24.349492988909,NA,NA,NA,NA,NA,NA,NA,NA
2022-06-26 13:20:00,NA,33.57001,22.82999,20.70999,20.57999,NA,NA,NA,NA,NA,NA,NA,NA,NA,2.96425429772763,12.0435252627199,19.5487151903446,24.3542637184758,NA,NA,NA,NA,NA,NA,NA,NA
2022-06-26 13:30:00,NA,34.20001,22.98999,20.69,20.60999,NA,NA,NA,NA,NA,NA,NA,NA,NA,2.94139360592941,12.0374454508649,19.5579647602221,24.3447224482745,NA,NA,NA,NA,NA,NA,NA,NA
2022-06-26 13:40:00,NA,34.63,23.20001,20.70999,20.60999,NA,NA,NA,NA,NA,NA,NA,NA,NA,2.9227858160949,12.0252946650177,19.5625898596423,24.3447224482745,NA,NA,NA,NA,NA,NA,NA,NA
2022-06-26 13:50:00,NA,34.82001,23.29999,20.69,20.60999,NA,NA,NA,NA,NA,NA,NA,NA,NA,2.91351381071505,12.0283340033608,19.5764664156171,24.3447224482745,NA,NA,NA,NA,NA,NA,NA,NA
2022-06-26 14:00:00,NA,35.04999,23.44,20.92001,20.57999,NA,NA,NA,NA,NA,NA,NA,NA,NA,2.89708361810889,12.0283340033608,19.5302345383911,24.3542637184758,NA,NA,NA,NA,NA,NA,NA,NA
2022-06-26 14:10:00,NA,35.13998,23.64999,20.89001,20.60999,NA,NA,NA,NA,NA,NA,NA,NA,NA,2.88889346132505,12.0161920526483,19.5440987067373,24.349492988909,NA,NA,NA,NA,NA,NA,NA,NA
2022-06-26 14:20:00,NA,35.26999,23.70001,20.94,20.60999,NA,NA,NA,NA,NA,NA,NA,NA,NA,2.87970015774781,12.0283340033608,19.5394744456542,24.3447224482745,NA,NA,NA,NA,NA,NA,NA,NA
2022-06-26 14:30:00,NA,35.35999,23.84,20.95999,20.57999,NA,NA,NA,NA,NA,NA,NA,NA,NA,2.87256485974407,12.0283340033608,19.5440987067373,24.3590262960295,NA,NA,NA,NA,NA,NA,NA,NA
2022-06-26 14:40:00,NA,35.67001,24.07001,20.98001,20.60999,NA,NA,NA,NA,NA,NA,NA,NA,NA,2.85528875544156,12.0131605409831,19.5440987067373,24.349492988909,NA,NA,NA,NA,NA,NA,NA,NA
2022-06-26 14:50:00,NA,35.76999,24.16,21.09,20.63,NA,NA,NA,NA,NA,NA,NA,NA,NA,2.84111823733781,12.0192310129037,19.5302345383911,24.3447224482745,NA,NA,NA,NA,NA,NA,NA,NA
2022-06-26 15:00:00,NA,35.54999,24.29999,21.13,20.63,NA,NA,NA,NA,NA,NA,NA,NA,NA,2.83506127889352,12.0192310129037,19.53485039429,24.349492988909,NA,NA,NA,NA,NA,NA,NA,NA
2022-06-26 15:10:00,NA,34.98999,24.5,21.10999,20.63,NA,NA,NA,NA,NA,NA,NA,NA,NA,2.83607032932928,12.0131605409831,19.5487151903446,24.3447224482745,NA,NA,NA,NA,NA,NA,NA,NA
2022-06-26 15:20:00,NA,34.39999,24.62,21.26999,20.63,NA,NA,NA,NA,NA,NA,NA,NA,NA,2.84111823733781,12.0131605409831,19.5209954686959,24.349492988909,NA,NA,NA,NA,NA,NA,NA,NA
2022-06-26 15:30:00,NA,33.79999,24.70999,21.32001,20.66,NA,NA,NA,NA,NA,NA,NA,NA,NA,2.8512348999875,12.0161920526483,19.5209954686959,24.349492988909,NA,NA,NA,NA,NA,NA,NA,NA
2022-06-26 15:40:00,NA,33.78,24.89001,21.35001,20.66,NA,NA,NA,NA,NA,NA,NA,NA,NA,2.84212860220777,12.0070905728841,19.5209954686959,24.3542637184758,NA,NA,NA,NA,NA,NA,NA,NA
2022-06-26 15:50:00,NA,33.75,24.92001,21.35001,20.67999,NA,NA,NA,NA,NA,NA,NA,NA,NA,2.83405286736431,12.0131605409831,19.53485039429,24.3542637184758,NA,NA,NA,NA,NA,NA,NA,NA
2022-06-26 16:00:00,NA,33.56,25.12,21.53,20.73001,NA,NA,NA,NA,NA,NA,NA,NA,NA,2.82800636600929,11.9949667894782,19.5025278261298,24.3399604361968,NA,NA,NA,NA,NA,NA,NA,NA
2022-06-26 16:10:00,NA,33.14999,25.07001,21.53,20.67999,NA,NA,NA,NA,NA,NA,NA,NA,NA,2.83002120079794,12.0131605409831,19.5117572367095,24.3542637184758,NA,NA,NA,NA,NA,NA,NA,NA
2022-06-26 16:20:00,NA,32.91,25.10999,21.53,20.82999,NA,NA,NA,NA,NA,NA,NA,NA,NA,2.82297541776986,12.0161920526483,19.5209954686959,24.3256421753333,NA,NA,NA,NA,NA,NA,NA,NA
2022-06-26 16:30:00,NA,32.48001,25.20001,21.60999,20.81,NA,NA,NA,NA,NA,NA,NA,NA,NA,2.82498701475326,12.0070905728841,19.5209954686959,24.3351819338571,NA,NA,NA,NA,NA,NA,NA,NA
2022-06-26 16:40:00,NA,32.03,25.26999,21.72,20.82999,NA,NA,NA,NA,NA,NA,NA,NA,NA,2.82901346402491,12.0040594385049,19.5025278261298,24.3351819338571,NA,NA,NA,NA,NA,NA,NA,NA
2022-06-26 16:50:00,NA,31.60999,25.23001,21.73999,20.79999,NA,NA,NA,NA,NA,NA,NA,NA,NA,2.83002120079794,12.0131605409831,19.5071424268606,24.3447224482745,NA,NA,NA,NA,NA,NA,NA,NA
2022-06-26 17:00:00,NA,31.07999,25.28,21.76001,20.82999,NA,NA,NA,NA,NA,NA,NA,NA,NA,2.83808845740012,12.0101218329332,19.5117572367095,24.3399604361968,NA,NA,NA,NA,NA,NA,NA,NA
2022-06-26 17:10:00,NA,30.72,25.20999,21.85001,20.89001,NA,NA,NA,NA,NA,NA,NA,NA,NA,2.83808845740012,12.0192310129037,19.5025278261298,24.3304119601016,NA,NA,NA,NA,NA,NA,NA,NA
2022-06-26 17:20:00,NA,30.31,25.32001,21.97,20.91,NA,NA,NA,NA,NA,NA,NA,NA,NA,2.84516227163225,12.0070905728841,19.4840715147381,24.3304119601016,NA,NA,NA,NA,NA,NA,NA,NA
2022-06-26 17:30:00,NA,30.07999,25.28,21.95001,20.94,NA,NA,NA,NA,NA,NA,NA,NA,NA,2.84516227163225,12.0101218329332,19.4979054513393,24.3256421753333,NA,NA,NA,NA,NA,NA,NA,NA
2022-06-26 17:40:00,NA,29.70001,25.35999,22,20.95001,NA,NA,NA,NA,NA,NA,NA,NA,NA,2.8512348999875,11.9979902259716,19.4932992520924,24.3304119601016,NA,NA,NA,NA,NA,NA,NA,NA
2022-06-26 17:50:00,NA,29.47,25.28,22.03,21.04001,NA,NA,NA,NA,NA,NA,NA,NA,NA,2.8512348999875,12.0070905728841,19.4979054513393,24.3113422927175,NA,NA,NA,NA,NA,NA,NA,NA
2022-06-26 18:00:00,NA,29.25,25.32999,22.06,21.04001,NA,NA,NA,NA,NA,NA,NA,NA,NA,2.85224787728516,11.9919361578699,19.4979054513393,24.3161115107721,NA,NA,NA,NA,NA,NA,NA,NA
2022-06-26 18:10:00,NA,29.04001,25.29999,22.16,21.06,NA,NA,NA,NA,NA,NA,NA,NA,NA,2.85427449000032,11.9949667894782,19.4840715147381,24.3161115107721,NA,NA,NA,NA,NA,NA,NA,NA
2022-06-26 18:20:00,NA,28.98999,25.26999,22.17999,21.09,NA,NA,NA,NA,NA,NA,NA,NA,NA,2.84718560399312,11.9919361578699,19.4840715147381,24.3161115107721,NA,NA,NA,NA,NA,NA,NA,NA
2022-06-26 18:30:00,NA,28.78,25.07001,22.19,21.06,NA,NA,NA,NA,NA,NA,NA,NA,NA,2.84718560399312,12.0161920526483,19.4840715147381,24.3256421753333,NA,NA,NA,NA,NA,NA,NA,NA
2022-06-26 18:40:00,NA,28.48999,25.09,22.16,21.12,NA,NA,NA,NA,NA,NA,NA,NA,NA,2.84920960340636,12.0070905728841,19.5025278261298,24.3161115107721,NA,NA,NA,NA,NA,NA,NA,NA
2022-06-26 18:50:00,NA,28.17001,25.13,22.23999,21.20999,NA,NA,NA,NA,NA,NA,NA,NA,NA,2.85528875544156,11.9979902259716,19.4886852788211,24.3018210976847,NA,NA,NA,NA,NA,NA,NA,NA
2022-06-26 19:00:00,NA,27.95999,25.04001,22.32001,21.23999,NA,NA,NA,NA,NA,NA,NA,NA,NA,2.85630303032841,12.0070905728841,19.4748525955937,24.3018210976847,NA,NA,NA,NA,NA,NA,NA,NA
2022-06-26 19:10:00,NA,27.72,25.04001,22.37,21.23999,NA,NA,NA,NA,NA,NA,NA,NA,NA,2.85833223849913,11.9979902259716,19.4656345119661,24.3065816010033,NA,NA,NA,NA,NA,NA,NA,NA
2022-06-26 19:20:00,NA,27.53,25.03,22.37,21.23999,NA,NA,NA,NA,NA,NA,NA,NA,NA,2.85833223849913,11.9949667894782,19.4702394588192,24.3065816010033,NA,NA,NA,NA,NA,NA,NA,NA
2022-06-26 19:30:00,NA,27.29999,25.04999,22.37,21.17999,NA,NA,NA,NA,NA,NA,NA,NA,NA,2.86036148465904,11.9858752718089,19.4748525955937,24.3256421753333,NA,NA,NA,NA,NA,NA,NA,NA
2022-06-26 19:40:00,NA,27.03,24.92001,22.39999,21.26001,NA,NA,NA,NA,NA,NA,NA,NA,NA,2.86340889055295,11.9979902259716,19.4748525955937,24.3113422927175,NA,NA,NA,NA,NA,NA,NA,NA
2022-06-26 19:50:00,NA,26.79001,24.89001,22.42001,21.26001,NA,NA,NA,NA,NA,NA,NA,NA,NA,2.8644251317107,11.9979902259716,19.4702394588192,24.3161115107721,NA,NA,NA,NA,NA,NA,NA,NA
2022-06-26 20:00:00,NA,26.47,24.89001,22.37,21.34,NA,NA,NA,NA,NA,NA,NA,NA,NA,2.87052782173679,11.9919361578699,19.4840715147381,24.3018210976847,NA,NA,NA,NA,NA,NA,NA,NA
2022-06-26 20:10:00,NA,26.23001,24.82999,22.39999,21.26001,NA,NA,NA,NA,NA,NA,NA,NA,NA,2.87154602081884,11.9919361578699,19.479457959861,24.320872579566,NA,NA,NA,NA,NA,NA,NA,NA
2022-06-26 20:20:00,NA,25.82999,24.78,22.42001,21.31,NA,NA,NA,NA,NA,NA,NA,NA,NA,2.88174115370341,11.9919361578699,19.479457959861,24.3113422927175,NA,NA,NA,NA,NA,NA,NA,NA
2022-06-26 20:30:00,NA,25.57999,24.67999,22.45001,21.39001,NA,NA,NA,NA,NA,NA,NA,NA,NA,2.8837834497745,11.9979902259716,19.4748525955937,24.2970524461367,NA,NA,NA,NA,NA,NA,NA,NA
2022-06-26 20:40:00,NA,25.34,24.73001,22.48001,21.39001,NA,NA,NA,NA,NA,NA,NA,NA,NA,2.88582641599293,11.9798148886827,19.4702394588192,24.2970524461367,NA,NA,NA,NA,NA,NA,NA,NA
2022-06-26 20:50:00,NA,25.14001,24.66,22.53,21.44,NA,NA,NA,NA,NA,NA,NA,NA,NA,2.88684854431183,11.9858752718089,19.4610217933644,24.2923006562885,NA,NA,NA,NA,NA,NA,NA,NA
2022-06-26 21:00:00,NA,24.78,24.56,22.54999,21.44,NA,NA,NA,NA,NA,NA,NA,NA,NA,2.89605886748866,11.9919361578699,19.4564172639958,24.2970524461367,NA,NA,NA,NA,NA,NA,NA,NA
2022-06-26 21:10:00,NA,24.59,24.5,22.57999,21.45999,NA,NA,NA,NA,NA,NA,NA,NA,NA,2.89708361810889,11.9919361578699,19.4472008518232,24.2923006562885,NA,NA,NA,NA,NA,NA,NA,NA
2022-06-26 21:20:00,NA,24.35999,24.45001,22.5,21.44,NA,NA,NA,NA,NA,NA,NA,NA,NA,2.90015856183534,11.9889056519771,19.4656345119661,24.3018210976847,NA,NA,NA,NA,NA,NA,NA,NA
2022-06-26 21:30:00,NA,24.19,24.37,22.54999,21.44,NA,NA,NA,NA,NA,NA,NA,NA,NA,2.90221067671172,11.9919361578699,19.4564172639958,24.3065816010033,NA,NA,NA,NA,NA,NA,NA,NA
2022-06-26 21:40:00,NA,23.98001,24.28,22.53,21.45999,NA,NA,NA,NA,NA,NA,NA,NA,NA,2.90529018732035,11.9949667894782,19.4610217933644,24.3065816010033,NA,NA,NA,NA,NA,NA,NA,NA
2022-06-26 21:50:00,NA,23.81,24.20001,22.54999,21.45999,NA,NA,NA,NA,NA,NA,NA,NA,NA,2.90734429691975,11.9979902259716,19.4564172639958,24.3065816010033,NA,NA,NA,NA,NA,NA,NA,NA
2022-06-26 22:00:00,NA,23.54001,24.20001,22.5,21.54001,NA,NA,NA,NA,NA,NA,NA,NA,NA,2.91351381071505,11.9858752718089,19.4656345119661,24.2923006562885,NA,NA,NA,NA,NA,NA,NA,NA
2022-06-26 22:10:00,NA,23.39001,24.04999,22.48001,21.56,NA,NA,NA,NA,NA,NA,NA,NA,NA,2.91557250082777,12.0010284298048,19.4702394588192,24.2827726329903,NA,NA,NA,NA,NA,NA,NA,NA
2022-06-26 22:20:00,NA,23.26001,24.07001,22.5,21.54001,NA,NA,NA,NA,NA,NA,NA,NA,NA,2.91557250082777,11.9889056519771,19.4610217933644,24.2923006562885,NA,NA,NA,NA,NA,NA,NA,NA
2022-06-26 22:30:00,NA,23.01001,23.97,22.57999,21.62,NA,NA,NA,NA,NA,NA,NA,NA,NA,2.92175386949839,11.9919361578699,19.442596948632,24.2732536998565,NA,NA,NA,NA,NA,NA,NA,NA
2022-06-26 22:40:00,NA,22.82999,23.85999,22.45001,21.60001,NA,NA,NA,NA,NA,NA,NA,NA,NA,2.92691371033806,11.9979902259716,19.4748525955937,24.2827726329903,NA,NA,NA,NA,NA,NA,NA,NA
2022-06-26 22:50:00,NA,22.73001,23.88,22.42001,21.64001,NA,NA,NA,NA,NA,NA,NA,NA,NA,2.92588109015742,11.9889056519771,19.4748525955937,24.2732536998565,NA,NA,NA,NA,NA,NA,NA,NA
2022-06-26 23:00:00,NA,22.54001,23.85999,22.39999,21.64001,NA,NA,NA,NA,NA,NA,NA,NA,NA,2.93001163599588,11.9798148886827,19.479457959861,24.2780047368669,NA,NA,NA,NA,NA,NA,NA,NA
2022-06-26 23:10:00,NA,22.41,23.64999,22.42001,21.60001,NA,NA,NA,NA,NA,NA,NA,NA,NA,2.93311281192652,12.0010284298048,19.4702394588192,24.2875323822601,NA,NA,NA,NA,NA,NA,NA,NA
2022-06-26 23:20:00,NA,22.28,23.64999,22.39999,21.64001,NA,NA,NA,NA,NA,NA,NA,NA,NA,2.9351819985444,11.9889056519771,19.4748525955937,24.2827726329903,NA,NA,NA,NA,NA,NA,NA,NA
2022-06-26 23:30:00,NA,22.12,23.45999,22.39999,21.64001,NA,NA,NA,NA,NA,NA,NA,NA,NA,2.93828712198935,12.0070905728841,19.4702394588192,24.2780047368669,NA,NA,NA,NA,NA,NA,NA,NA
2022-06-26 23:40:00,NA,21.91,23.42001,22.39999,21.66,NA,NA,NA,NA,NA,NA,NA,NA,NA,2.94450397300826,12.0040594385049,19.4702394588192,24.2780047368669,NA,NA,NA,NA,NA,NA,NA,NA
2022-06-26 23:50:00,NA,21.82999,23.41,22.37,21.64001,NA,NA,NA,NA,NA,NA,NA,NA,NA,2.94554120472563,11.9979902259716,19.4702394588192,24.2827726329903,NA,NA,NA,NA,NA,NA,NA,NA
2022-06-27 00:00:00,NA,21.70001,23.38,22.39999,21.60001,NA,NA,NA,NA,NA,NA,NA,NA,NA,2.94761633232474,11.9919361578699,19.4610217933644,24.2923006562885,NA,NA,NA,NA,NA,NA,NA,NA
2022-06-27 00:10:00,NA,21.56,23.20999,22.39999,21.62,NA,NA,NA,NA,NA,NA,NA,NA,NA,2.95176924477643,12.0101218329332,19.4564172639958,24.2875323822601,NA,NA,NA,NA,NA,NA,NA,NA
2022-06-27 00:20:00,NA,21.45999,23.23001,22.37,21.64001,NA,NA,NA,NA,NA,NA,NA,NA,NA,2.95384766056378,11.9979902259716,19.4564172639958,24.2875323822601,NA,NA,NA,NA,NA,NA,NA,NA
2022-06-27 00:30:00,NA,21.29001,23.17001,22.37,21.64001,NA,NA,NA,NA,NA,NA,NA,NA,NA,2.95904768277829,11.9949667894782,19.4564172639958,24.2875323822601,NA,NA,NA,NA,NA,NA,NA,NA
2022-06-27 00:40:00,NA,21.25,23.04001,22.34,21.56,NA,NA,NA,NA,NA,NA,NA,NA,NA,2.95800778162921,12.0070905728841,19.4564172639958,24.3065816010033,NA,NA,NA,NA,NA,NA,NA,NA
2022-06-27 00:50:00,NA,21.06,23.01999,22.32001,21.64001,NA,NA,NA,NA,NA,NA,NA,NA,NA,2.96529679049769,12.0010284298048,19.4610217933644,24.2875323822601,NA,NA,NA,NA,NA,NA,NA,NA
2022-06-27 01:00:00,NA,21.04001,22.98999,22.23999,21.66,NA,NA,NA,NA,NA,NA,NA,NA,NA,2.96425429772763,11.9919361578699,19.4748525955937,24.2827726329903,NA,NA,NA,NA,NA,NA,NA,NA
2022-06-27 01:10:00,NA,20.88,22.88,22.26001,21.66,NA,NA,NA,NA,NA,NA,NA,NA,NA,2.9694681389477,12.0040594385049,19.4656345119661,24.2827726329903,NA,NA,NA,NA,NA,NA,NA,NA
2022-06-27 01:20:00,NA,20.82001,22.78,22.20999,21.64001,NA,NA,NA,NA,NA,NA,NA,NA,NA,2.97051195120096,12.0070905728841,19.4702394588192,24.2875323822601,NA,NA,NA,NA,NA,NA,NA,NA
2022-06-27 01:30:00,NA,20.73999,22.78,22.16,21.66,NA,NA,NA,NA,NA,NA,NA,NA,NA,2.97259961076926,11.9979902259716,19.479457959861,24.2827726329903,NA,NA,NA,NA,NA,NA,NA,NA
2022-06-27 01:40:00,NA,20.67999,22.67001,22.16,21.66,NA,NA,NA,NA,NA,NA,NA,NA,NA,2.97468857864979,12.0070905728841,19.4748525955937,24.2827726329903,NA,NA,NA,NA,NA,NA,NA,NA
2022-06-27 01:50:00,NA,20.60999,22.57001,22.16,21.64001,NA,NA,NA,NA,NA,NA,NA,NA,NA,2.97677885504149,12.0131605409831,19.4702394588192,24.2875323822601,NA,NA,NA,NA,NA,NA,NA,NA
2022-06-27 02:00:00,NA,20.47,22.54001,22.16,21.64001,NA,NA,NA,NA,NA,NA,NA,NA,NA,2.98200853740799,12.0101218329332,19.4656345119661,24.2827726329903,NA,NA,NA,NA,NA,NA,NA,NA
2022-06-27 02:10:00,NA,20.45001,22.51999,22.13,21.66,NA,NA,NA,NA,NA,NA,NA,NA,NA,2.98096207260122,12.0040594385049,19.4656345119661,24.2780047368669,NA,NA,NA,NA,NA,NA,NA,NA
2022-06-27 02:20:00,NA,20.29999,22.44,22.07999,21.66,NA,NA,NA,NA,NA,NA,NA,NA,NA,2.98724482508127,12.0070905728841,19.4748525955937,24.2780047368669,NA,NA,NA,NA,NA,NA,NA,NA
2022-06-27 02:30:00,NA,20.22,22.35999,22.06,21.64001,NA,NA,NA,NA,NA,NA,NA,NA,NA,2.99038951708012,12.0131605409831,19.4748525955937,24.2827726329903,NA,NA,NA,NA,NA,NA,NA,NA
2022-06-27 02:40:00,NA,20.29999,22.35999,22,21.64001,NA,NA,NA,NA,NA,NA,NA,NA,NA,2.98514926487072,12.0040594385049,19.479457959861,24.2827726329903,NA,NA,NA,NA,NA,NA,NA,NA
2022-06-27 02:50:00,NA,20.23001,22.25,22,21.64001,NA,NA,NA,NA,NA,NA,NA,NA,NA,2.98829325399961,12.0101218329332,19.4702394588192,24.2780047368669,NA,NA,NA,NA,NA,NA,NA,NA
2022-06-27 03:00:00,NA,20.03,22.14999,21.95001,21.64001,NA,NA,NA,NA,NA,NA,NA,NA,NA,2.99878893211634,12.0192310129037,19.479457959861,24.2780047368669,NA,NA,NA,NA,NA,NA,NA,NA
2022-06-27 03:10:00,NA,19.98001,22.14999,21.95001,21.64001,NA,NA,NA,NA,NA,NA,NA,NA,NA,3.00089048485347,12.0101218329332,19.4748525955937,24.2780047368669,NA,NA,NA,NA,NA,NA,NA,NA
2022-06-27 03:20:00,NA,20.01999,22.14999,21.95001,21.62,NA,NA,NA,NA,NA,NA,NA,NA,NA,2.99878893211634,12.0040594385049,19.4748525955937,24.2780047368669,NA,NA,NA,NA,NA,NA,NA,NA
2022-06-27 03:30:00,NA,19.98001,21.94,21.95001,21.57001,NA,NA,NA,NA,NA,NA,NA,NA,NA,3.00089048485347,12.0252946650177,19.4656345119661,24.2875323822601,NA,NA,NA,NA,NA,NA,NA,NA
2022-06-27 03:40:00,NA,19.95001,21.94,21.87,21.64001,NA,NA,NA,NA,NA,NA,NA,NA,NA,3.00194222596351,12.0192310129037,19.479457959861,24.2732536998565,NA,NA,NA,NA,NA,NA,NA,NA
2022-06-27 03:50:00,NA,19.94,21.94,21.79001,21.57999,NA,NA,NA,NA,NA,NA,NA,NA,NA,3.00299397935311,12.0101218329332,19.4932992520924,24.2875323822601,NA,NA,NA,NA,NA,NA,NA,NA
2022-06-27 04:00:00,NA,19.84,21.82999,21.73999,21.60001,NA,NA,NA,NA,NA,NA,NA,NA,NA,3.00825734774906,12.0222627761485,19.4979054513393,24.2780047368669,NA,NA,NA,NA,NA,NA,NA,NA
2022-06-27 04:10:00,NA,19.79001,21.78,21.73999,21.60999,NA,NA,NA,NA,NA,NA,NA,NA,NA,3.01036416985716,12.0222627761485,19.4932992520924,24.2780047368669,NA,NA,NA,NA,NA,NA,NA,NA
2022-06-27 04:20:00,NA,19.89999,21.73001,21.73999,21.57001,NA,NA,NA,NA,NA,NA,NA,NA,NA,3.00615120619414,12.0252946650177,19.4840715147381,24.2827726329903,NA,NA,NA,NA,NA,NA,NA,NA
2022-06-27 04:30:00,NA,19.81,21.73001,21.73999,21.47,NA,NA,NA,NA,NA,NA,NA,NA,NA,3.01036416985716,12.0192310129037,19.479457959861,24.3018210976847,NA,NA,NA,NA,NA,NA,NA,NA
2022-06-27 04:40:00,NA,19.79001,21.70001,21.72,21.51001,NA,NA,NA,NA,NA,NA,NA,NA,NA,3.01352670477899,12.0161920526483,19.479457959861,24.2923006562885,NA,NA,NA,NA,NA,NA,NA,NA
2022-06-27 04:50:00,NA,19.75,21.59,21.76001,21.48999,NA,NA,NA,NA,NA,NA,NA,NA,NA,3.01985968474013,12.0252946650177,19.4656345119661,24.2970524461367,NA,NA,NA,NA,NA,NA,NA,NA
2022-06-27 05:00:00,NA,19.81,21.57001,21.69,21.45999,NA,NA,NA,NA,NA,NA,NA,NA,NA,3.01880394631237,12.0192310129037,19.4748525955937,24.3065816010033,NA,NA,NA,NA,NA,NA,NA,NA
2022-06-27 05:10:00,NA,19.88,21.51999,21.57999,21.39999,NA,NA,NA,NA,NA,NA,NA,NA,NA,3.0209160668298,12.0222627761485,19.4979054513393,24.3161115107721,NA,NA,NA,NA,NA,NA,NA,NA
2022-06-27 05:20:00,NA,20.01001,21.48999,21.54999,21.45999,NA,NA,NA,NA,NA,NA,NA,NA,NA,3.01880394631237,12.0192310129037,19.4932992520924,24.3018210976847,NA,NA,NA,NA,NA,NA,NA,NA
2022-06-27 05:30:00,NA,20.10999,21.44,21.53,21.45999,NA,NA,NA,NA,NA,NA,NA,NA,NA,3.01774758944249,12.0222627761485,19.4932992520924,24.2970524461367,NA,NA,NA,NA,NA,NA,NA,NA
2022-06-27 05:40:00,NA,20.22,21.45999,21.53,21.44,NA,NA,NA,NA,NA,NA,NA,NA,NA,3.01563680652373,12.0131605409831,19.4886852788211,24.3018210976847,NA,NA,NA,NA,NA,NA,NA,NA
2022-06-27 05:50:00,NA,20.32001,21.35999,21.54999,21.44,NA,NA,NA,NA,NA,NA,NA,NA,NA,3.01669250721803,12.0252946650177,19.479457959861,24.2970524461367,NA,NA,NA,NA,NA,NA,NA,NA
2022-06-27 06:00:00,NA,20.39001,21.32999,21.53,21.44,NA,NA,NA,NA,NA,NA,NA,NA,NA,3.01880394631237,12.0222627761485,19.479457959861,24.2970524461367,NA,NA,NA,NA,NA,NA,NA,NA
2022-06-27 06:10:00,NA,20.47,21.28,21.42999,21.44,NA,NA,NA,NA,NA,NA,NA,NA,NA,3.01985968474013,12.0283340033608,19.4932992520924,24.2923006562885,NA,NA,NA,NA,NA,NA,NA,NA
2022-06-27 06:20:00,NA,20.63,21.28,21.45001,21.45999,NA,NA,NA,NA,NA,NA,NA,NA,NA,3.01774758944249,12.0222627761485,19.4886852788211,24.2875323822601,NA,NA,NA,NA,NA,NA,NA,NA
2022-06-27 06:30:00,NA,20.73001,21.28,21.32001,21.45999,NA,NA,NA,NA,NA,NA,NA,NA,NA,3.01774758944249,12.0192310129037,19.5117572367095,24.2827726329903,NA,NA,NA,NA,NA,NA,NA,NA
2022-06-27 06:40:00,NA,20.87,21.28,21.35999,21.45999,NA,NA,NA,NA,NA,NA,NA,NA,NA,3.01669250721803,12.0161920526483,19.4979054513393,24.2827726329903,NA,NA,NA,NA,NA,NA,NA,NA
2022-06-27 06:50:00,NA,20.92001,21.28,21.32001,21.44,NA,NA,NA,NA,NA,NA,NA,NA,NA,3.01669250721803,12.0131605409831,19.5025278261298,24.2827726329903,NA,NA,NA,NA,NA,NA,NA,NA
2022-06-27 07:00:00,NA,21.10001,21.28,21.32001,21.35001,NA,NA,NA,NA,NA,NA,NA,NA,NA,3.0124723036708,12.0101218329332,19.4979054513393,24.3018210976847,NA,NA,NA,NA,NA,NA,NA,NA
2022-06-27 07:10:00,NA,21.07999,21.28,21.29999,21.34,NA,NA,NA,NA,NA,NA,NA,NA,NA,3.01880394631237,12.0070905728841,19.4979054513393,24.3018210976847,NA,NA,NA,NA,NA,NA,NA,NA
2022-06-27 07:20:00,NA,21.26999,21.23001,21.32001,21.29001,NA,NA,NA,NA,NA,NA,NA,NA,NA,3.01669250721803,12.0101218329332,19.4886852788211,24.3113422927175,NA,NA,NA,NA,NA,NA,NA,NA
2022-06-27 07:30:00,NA,21.48001,21.20001,21.32001,21.29001,NA,NA,NA,NA,NA,NA,NA,NA,NA,3.01352670477899,12.0101218329332,19.4840715147381,24.3113422927175,NA,NA,NA,NA,NA,NA,NA,NA
2022-06-27 07:40:00,NA,21.56,21.14999,21.26999,21.22,NA,NA,NA,NA,NA,NA,NA,NA,NA,3.01774758944249,12.0161920526483,19.4886852788211,24.3256421753333,NA,NA,NA,NA,NA,NA,NA,NA
2022-06-27 07:50:00,NA,21.82001,21.12,21.14001,21.26001,NA,NA,NA,NA,NA,NA,NA,NA,NA,3.01352670477899,12.0192310129037,19.5117572367095,24.3161115107721,NA,NA,NA,NA,NA,NA,NA,NA
2022-06-27 08:00:00,NA,22.16,21.09,21.17001,21.26001,NA,NA,NA,NA,NA,NA,NA,NA,NA,3.00931043710897,12.0222627761485,19.5025278261298,24.3113422927175,NA,NA,NA,NA,NA,NA,NA,NA
2022-06-27 08:10:00,NA,22.48001,21.14999,21.10999,21.26001,NA,NA,NA,NA,NA,NA,NA,NA,NA,3.00509878491552,12.0131605409831,19.5117572367095,24.3113422927175,NA,NA,NA,NA,NA,NA,NA,NA
2022-06-27 08:20:00,NA,22.75,21.20001,21.10999,21.23999,NA,NA,NA,NA,NA,NA,NA,NA,NA,3.00404637597316,12.0010284298048,19.5071424268606,24.3113422927175,NA,NA,NA,NA,NA,NA,NA,NA
2022-06-27 08:30:00,NA,23.19,21.20001,21.14999,21.26001,NA,NA,NA,NA,NA,NA,NA,NA,NA,2.99563701003078,12.0010284298048,19.4932992520924,24.3065816010033,NA,NA,NA,NA,NA,NA,NA,NA
2022-06-27 08:40:00,NA,23.60001,21.25,21.10999,21.26001,NA,NA,NA,NA,NA,NA,NA,NA,NA,2.98934043327277,11.9979902259716,19.4979054513393,24.3018210976847,NA,NA,NA,NA,NA,NA,NA,NA
2022-06-27 08:50:00,NA,23.97,21.28,21.10999,21.23999,NA,NA,NA,NA,NA,NA,NA,NA,NA,2.98410213352141,11.9949667894782,19.4932992520924,24.3018210976847,NA,NA,NA,NA,NA,NA,NA,NA
2022-06-27 09:00:00,NA,24.23001,21.28,21.13,21.20999,NA,NA,NA,NA,NA,NA,NA,NA,NA,2.98200853740799,11.9979902259716,19.4886852788211,24.3065816010033,NA,NA,NA,NA,NA,NA,NA,NA
2022-06-27 09:10:00,NA,24.45001,21.28,21.10999,21.19,NA,NA,NA,NA,NA,NA,NA,NA,NA,2.97782401092466,12.0010284298048,19.4886852788211,24.3113422927175,NA,NA,NA,NA,NA,NA,NA,NA
2022-06-27 09:20:00,NA,24.63,21.28,21.10999,21.23999,NA,NA,NA,NA,NA,NA,NA,NA,NA,2.97364408883982,12.0070905728841,19.4840715147381,24.2970524461367,NA,NA,NA,NA,NA,NA,NA,NA
2022-06-27 09:30:00,NA,24.70999,21.29999,21.07999,21.20999,NA,NA,NA,NA,NA,NA,NA,NA,NA,2.97677885504149,12.0070905728841,19.4840715147381,24.3018210976847,NA,NA,NA,NA,NA,NA,NA,NA
2022-06-27 09:40:00,NA,25.09,21.45999,21.04999,21.16,NA,NA,NA,NA,NA,NA,NA,NA,NA,2.96738244148559,11.9858752718089,19.4932992520924,24.3113422927175,NA,NA,NA,NA,NA,NA,NA,NA
2022-06-27 09:50:00,NA,25.42001,21.48999,21.04999,21.19,NA,NA,NA,NA,NA,NA,NA,NA,NA,2.96008822600432,11.9858752718089,19.4886852788211,24.3018210976847,NA,NA,NA,NA,NA,NA,NA,NA
2022-06-27 10:00:00,NA,25.70999,21.48999,21.01001,21.06,NA,NA,NA,NA,NA,NA,NA,NA,NA,2.95488688548357,11.9919361578699,19.4979054513393,24.3304119601016,NA,NA,NA,NA,NA,NA,NA,NA
2022-06-27 10:10:00,NA,26.14001,21.48999,21.03,21.14001,NA,NA,NA,NA,NA,NA,NA,NA,NA,2.94761633232474,11.9979902259716,19.4932992520924,24.3065816010033,NA,NA,NA,NA,NA,NA,NA,NA
2022-06-27 10:20:00,NA,26.76001,21.62,21.06,21.16,NA,NA,NA,NA,NA,NA,NA,NA,NA,2.9351819985444,11.9858752718089,19.479457959861,24.2970524461367,NA,NA,NA,NA,NA,NA,NA,NA
2022-06-27 10:30:00,NA,27.38,21.70001,21.01001,21.06,NA,NA,NA,NA,NA,NA,NA,NA,NA,2.9238171430637,11.9798148886827,19.4932992520924,24.320872579566,NA,NA,NA,NA,NA,NA,NA,NA
2022-06-27 10:40:00,NA,27.98001,21.70001,21.01999,21.06,NA,NA,NA,NA,NA,NA,NA,NA,NA,2.91351381071505,11.9889056519771,19.4886852788211,24.320872579566,NA,NA,NA,NA,NA,NA,NA,NA
2022-06-27 10:50:00,NA,28.60999,21.79999,20.95001,21.06,NA,NA,NA,NA,NA,NA,NA,NA,NA,2.90015856183534,11.9798148886827,19.5025278261298,24.3161115107721,NA,NA,NA,NA,NA,NA,NA,NA
2022-06-27 11:00:00,NA,29.25,21.94,20.98001,21.06,NA,NA,NA,NA,NA,NA,NA,NA,NA,2.88582641599293,11.9707398933335,19.4932992520924,24.3161115107721,NA,NA,NA,NA,NA,NA,NA,NA
2022-06-27 11:10:00,NA,29.88998,21.94,21,21.06,NA,NA,NA,NA,NA,NA,NA,NA,NA,2.87052782173679,11.9828450173744,19.4886852788211,24.3113422927175,NA,NA,NA,NA,NA,NA,NA,NA
2022-06-27 11:20:00,NA,30.37,22.09,21.01001,21.04001,NA,NA,NA,NA,NA,NA,NA,NA,NA,2.86137706704828,11.9737623269566,19.4886852788211,24.3161115107721,NA,NA,NA,NA,NA,NA,NA,NA
2022-06-27 11:30:00,NA,30.97,22.14999,21,21.06,NA,NA,NA,NA,NA,NA,NA,NA,NA,2.84415061932812,11.9798148886827,19.4932992520924,24.3113422927175,NA,NA,NA,NA,NA,NA,NA,NA
2022-06-27 11:40:00,NA,31.42001,22.32999,21.09,21.06,NA,NA,NA,NA,NA,NA,NA,NA,NA,2.83304446485415,11.9677102670965,19.4748525955937,24.3113422927175,NA,NA,NA,NA,NA,NA,NA,NA
2022-06-27 11:50:00,NA,31.87,22.41,21.06,21.01001,NA,NA,NA,NA,NA,NA,NA,NA,NA,2.81995997763179,11.9737623269566,19.479457959861,24.320872579566,NA,NA,NA,NA,NA,NA,NA,NA
2022-06-27 12:00:00,NA,32.26999,22.57001,21.10999,21.04001,NA,NA,NA,NA,NA,NA,NA,NA,NA,2.80691916299601,11.9677102670965,19.4702394588192,24.3113422927175,NA,NA,NA,NA,NA,NA,NA,NA
2022-06-27 12:10:00,NA,32.51001,22.75,21.10999,21.06,NA,NA,NA,NA,NA,NA,NA,NA,NA,2.7999157052064,11.958636776902,19.4748525955937,24.3065816010033,NA,NA,NA,NA,NA,NA,NA,NA
2022-06-27 12:20:00,NA,32.88,22.85999,21.10999,21.04001,NA,NA,NA,NA,NA,NA,NA,NA,NA,2.78694193591021,11.9616660263544,19.479457959861,24.3065816010033,NA,NA,NA,NA,NA,NA,NA,NA
2022-06-27 12:30:00,NA,33.14999,22.98999,21.10999,21.04001,NA,NA,NA,NA,NA,NA,NA,NA,NA,2.77997488752415,11.958636776902,19.479457959861,24.3065816010033,NA,NA,NA,NA,NA,NA,NA,NA
2022-06-27 12:40:00,NA,33.35999,23.20001,21.10999,21.04001,NA,NA,NA,NA,NA,NA,NA,NA,NA,2.77004376995244,11.9465502999856,19.4840715147381,24.3065816010033,NA,NA,NA,NA,NA,NA,NA,NA
2022-06-27 12:50:00,NA,33.54999,23.28,21.13,21.04001,NA,NA,NA,NA,NA,NA,NA,NA,NA,2.76112751559947,11.9525932879905,19.4886852788211,24.3065816010033,NA,NA,NA,NA,NA,NA,NA,NA
2022-06-27 13:00:00,NA,33.75,23.44,21.17001,21.01001,NA,NA,NA,NA,NA,NA,NA,NA,NA,2.75223264645484,11.9495717313702,19.4840715147381,24.3161115107721,NA,NA,NA,NA,NA,NA,NA,NA
2022-06-27 13:10:00,NA,33.91,23.60001,21.26001,21.04001,NA,NA,NA,NA,NA,NA,NA,NA,NA,2.74434289389014,11.9465502999856,19.4656345119661,24.3065816010033,NA,NA,NA,NA,NA,NA,NA,NA
2022-06-27 13:20:00,NA,33.98999,23.73001,21.32001,21.04001,NA,NA,NA,NA,NA,NA,NA,NA,NA,2.73843736986187,11.9465502999856,19.4610217933644,24.3018210976847,NA,NA,NA,NA,NA,NA,NA,NA
2022-06-27 13:30:00,NA,34.19,23.85999,21.32001,21.04001,NA,NA,NA,NA,NA,NA,NA,NA,NA,2.72469320520388,11.9465502999856,19.4656345119661,24.3065816010033,NA,NA,NA,NA,NA,NA,NA,NA
2022-06-27 13:40:00,NA,34.07001,24.07001,21.34,21.04001,NA,NA,NA,NA,NA,NA,NA,NA,NA,2.72273354956969,11.9344658269857,19.4702394588192,24.3065816010033,NA,NA,NA,NA,NA,NA,NA,NA
2022-06-27 13:50:00,NA,33.98999,24.07999,21.38,21.04001,NA,NA,NA,NA,NA,NA,NA,NA,NA,2.71588314821432,11.9465502999856,19.4656345119661,24.3065816010033,NA,NA,NA,NA,NA,NA,NA,NA
2022-06-27 14:00:00,NA,33.76001,24.29999,21.47,21.04001,NA,NA,NA,NA,NA,NA,NA,NA,NA,2.71490589461967,11.9314450219156,19.4518049636372,24.3065816010033,NA,NA,NA,NA,NA,NA,NA,NA
2022-06-27 14:10:00,NA,33.5,24.31,21.51001,21.04001,NA,NA,NA,NA,NA,NA,NA,NA,NA,2.7168610377178,11.9465502999856,19.4472008518232,24.3065816010033,NA,NA,NA,NA,NA,NA,NA,NA
2022-06-27 14:20:00,NA,33.37,24.51001,21.53,21.06,NA,NA,NA,NA,NA,NA,NA,NA,NA,2.71588314821432,11.9314450219156,19.4518049636372,24.3018210976847,NA,NA,NA,NA,NA,NA,NA,NA
2022-06-27 14:30:00,NA,33.34,24.62,21.54999,21.06,NA,NA,NA,NA,NA,NA,NA,NA,NA,2.71002224255629,11.9284316559789,19.4564172639958,24.3065816010033,NA,NA,NA,NA,NA,NA,NA,NA
2022-06-27 14:40:00,NA,33.22,24.73001,21.56,21.06,NA,NA,NA,NA,NA,NA,NA,NA,NA,2.70807033770753,11.9223979849557,19.4610217933644,24.3065816010033,NA,NA,NA,NA,NA,NA,NA,NA
2022-06-27 14:50:00,NA,33.14999,24.73001,21.66,21.09,NA,NA,NA,NA,NA,NA,NA,NA,NA,2.70807033770753,11.9344658269857,19.4472008518232,24.3018210976847,NA,NA,NA,NA,NA,NA,NA,NA
2022-06-27 15:00:00,NA,33.35999,24.89001,21.73999,21.10999,NA,NA,NA,NA,NA,NA,NA,NA,NA,2.69832692969905,11.9223979849557,19.4379932540812,24.3018210976847,NA,NA,NA,NA,NA,NA,NA,NA
2022-06-27 15:10:00,NA,33.57001,24.94,21.73999,21.10999,NA,NA,NA,NA,NA,NA,NA,NA,NA,2.68666901439439,11.9223979849557,19.4472008518232,24.3018210976847,NA,NA,NA,NA,NA,NA,NA,NA
2022-06-27 15:20:00,NA,33.73999,24.95999,21.87,21.19,NA,NA,NA,NA,NA,NA,NA,NA,NA,2.67794927180616,11.9314450219156,19.4287864909708,24.2875323822601,NA,NA,NA,NA,NA,NA,NA,NA
2022-06-27 15:30:00,NA,33.79001,25.07001,21.95001,21.14001,NA,NA,NA,NA,NA,NA,NA,NA,NA,2.67408090415245,11.9254111011946,19.4195805626324,24.3018210976847,NA,NA,NA,NA,NA,NA,NA,NA
2022-06-27 15:40:00,NA,33.97,25.17001,21.95001,21.23999,NA,NA,NA,NA,NA,NA,NA,NA,NA,2.66249899793069,11.9163575013573,19.4287864909708,24.2827726329903,NA,NA,NA,NA,NA,NA,NA,NA
2022-06-27 15:50:00,NA,33.89999,25.09,21.95001,21.20999,NA,NA,NA,NA,NA,NA,NA,NA,NA,2.65864671927212,11.9374867573368,19.4333897681883,24.2923006562885,NA,NA,NA,NA,NA,NA,NA,NA
2022-06-27 16:00:00,NA,33.78,25.25,21.98001,21.23999,NA,NA,NA,NA,NA,NA,NA,NA,NA,2.65383715493282,11.9223979849557,19.4333897681883,24.2875323822601,NA,NA,NA,NA,NA,NA,NA,NA
2022-06-27 16:10:00,NA,33.45999,25.23999,22.13,21.22,NA,NA,NA,NA,NA,NA,NA,NA,NA,2.65191487650157,11.9344658269857,19.4103834455288,24.2970524461367,NA,NA,NA,NA,NA,NA,NA,NA
2022-06-27 16:20:00,NA,33.09,25.29999,22.16,21.26001,NA,NA,NA,NA,NA,NA,NA,NA,NA,2.65479830217346,11.9344658269857,19.4149858882309,24.2923006562885,NA,NA,NA,NA,NA,NA,NA,NA
2022-06-27 16:30:00,NA,32.70001,25.48999,22.16,21.26001,NA,NA,NA,NA,NA,NA,NA,NA,NA,2.65864671927212,11.910332143149,19.4195805626324,24.2970524461367,NA,NA,NA,NA,NA,NA,NA,NA
2022-06-27 16:40:00,NA,32.29999,25.53,22.16,21.26001,NA,NA,NA,NA,NA,NA,NA,NA,NA,2.66442705756507,11.910332143149,19.4287864909708,24.3018210976847,NA,NA,NA,NA,NA,NA,NA,NA
2022-06-27 16:50:00,NA,32.03,25.53,22.20999,21.26001,NA,NA,NA,NA,NA,NA,NA,NA,NA,2.6663557685761,11.9133447598841,19.4241834224463,24.3018210976847,NA,NA,NA,NA,NA,NA,NA,NA
2022-06-27 17:00:00,NA,31.85001,25.53,22.37,21.35999,NA,NA,NA,NA,NA,NA,NA,NA,NA,2.6663557685761,11.9193776804933,19.3965933205476,24.2827726329903,NA,NA,NA,NA,NA,NA,NA,NA
2022-06-27 17:10:00,NA,31.63998,25.47,22.37,21.41,NA,NA,NA,NA,NA,NA,NA,NA,NA,2.66828513112287,11.9284316559789,19.4011871620312,24.2732536998565,NA,NA,NA,NA,NA,NA,NA,NA
2022-06-27 17:20:00,NA,31.42001,25.66,22.39999,21.41,NA,NA,NA,NA,NA,NA,NA,NA,NA,2.66828513112287,11.9042999725101,19.4103834455288,24.2780047368669,NA,NA,NA,NA,NA,NA,NA,NA
2022-06-27 17:30:00,NA,31.20999,25.60999,22.42001,21.44,NA,NA,NA,NA,NA,NA,NA,NA,NA,2.66732013249574,11.9133447598841,19.4103834455288,24.2732536998565,NA,NA,NA,NA,NA,NA,NA,NA
2022-06-27 17:40:00,NA,30.79001,25.76001,22.54999,21.45999,NA,NA,NA,NA,NA,NA,NA,NA,NA,2.67311461310764,11.8892400095221,19.38739828736,24.2732536998565,NA,NA,NA,NA,NA,NA,NA,NA
2022-06-27 17:50:00,NA,30.34,25.64999,22.57999,21.44,NA,NA,NA,NA,NA,NA,NA,NA,NA,2.68085328270638,11.910332143149,19.38739828736,24.2827726329903,NA,NA,NA,NA,NA,NA,NA,NA
2022-06-27 18:00:00,NA,29.92001,25.67999,22.60999,21.44,NA,NA,NA,NA,NA,NA,NA,NA,NA,2.68763853373425,11.9012877303462,19.3919917122796,24.2875323822601,NA,NA,NA,NA,NA,NA,NA,NA
2022-06-27 18:10:00,NA,29.48999,25.67999,22.60999,21.45001,NA,NA,NA,NA,NA,NA,NA,NA,NA,2.69443666468188,11.9012877303462,19.3965933205476,24.2827726329903,NA,NA,NA,NA,NA,NA,NA,NA
2022-06-27 18:20:00,NA,29.23001,25.62,22.66,21.54001,NA,NA,NA,NA,NA,NA,NA,NA,NA,2.696382099305,11.9042999725101,19.38739828736,24.2684945160199,NA,NA,NA,NA,NA,NA,NA,NA
2022-06-27 18:30:00,NA,28.98999,25.60001,22.66,21.57001,NA,NA,NA,NA,NA,NA,NA,NA,NA,2.69832692969905,11.9042999725101,19.3919917122796,24.2637271863611,NA,NA,NA,NA,NA,NA,NA,NA
2022-06-27 18:40:00,NA,28.59,25.54999,22.69,21.64001,NA,NA,NA,NA,NA,NA,NA,NA,NA,2.70709439501742,11.9042999725101,19.3919917122796,24.2542097619287,NA,NA,NA,NA,NA,NA,NA,NA
2022-06-27 18:50:00,NA,28.38,25.51001,22.79001,21.66,NA,NA,NA,NA,NA,NA,NA,NA,NA,2.70807033770753,11.9073123394391,19.3782040881287,24.2542097619287,NA,NA,NA,NA,NA,NA,NA,NA
2022-06-27 19:00:00,NA,28.06,25.48999,22.82001,21.64001,NA,NA,NA,NA,NA,NA,NA,NA,NA,2.71490589461967,11.9042999725101,19.3736192614366,24.2589683798786,NA,NA,NA,NA,NA,NA,NA,NA
2022-06-27 19:10:00,NA,27.79999,25.48999,22.82001,21.60001,NA,NA,NA,NA,NA,NA,NA,NA,NA,2.71783893388061,11.8982756129564,19.3827970964143,24.2732536998565,NA,NA,NA,NA,NA,NA,NA,NA
2022-06-27 19:20:00,NA,27.51001,25.51001,22.84,21.54001,NA,NA,NA,NA,NA,NA,NA,NA,NA,2.72469320520388,11.8892400095221,19.3827970964143,24.2923006562885,NA,NA,NA,NA,NA,NA,NA,NA
2022-06-27 19:30:00,NA,27.32001,25.38,22.84,21.66,NA,NA,NA,NA,NA,NA,NA,NA,NA,2.72567241392588,11.9042999725101,19.38739828736,24.2684945160199,NA,NA,NA,NA,NA,NA,NA,NA
2022-06-27 19:40:00,NA,27.14999,25.29999,22.79001,21.66,NA,NA,NA,NA,NA,NA,NA,NA,NA,2.72567241392588,11.9073123394391,19.3965933205476,24.2732536998565,NA,NA,NA,NA,NA,NA,NA,NA
2022-06-27 19:50:00,NA,26.87,25.29999,22.79001,21.63,NA,NA,NA,NA,NA,NA,NA,NA,NA,2.73254091260247,11.9012877303462,19.4011871620312,24.2875323822601,NA,NA,NA,NA,NA,NA,NA,NA
2022-06-27 20:00:00,NA,26.67999,25.25,22.92001,21.70999,NA,NA,NA,NA,NA,NA,NA,NA,NA,2.73450511151331,11.9012877303462,19.3736192614366,24.2732536998565,NA,NA,NA,NA,NA,NA,NA,NA
2022-06-27 20:10:00,NA,26.44,25.26001,22.92001,21.67999,NA,NA,NA,NA,NA,NA,NA,NA,NA,2.73942108151667,11.8922517525354,19.3782040881287,24.2780047368669,NA,NA,NA,NA,NA,NA,NA,NA
2022-06-27 20:20:00,NA,26.25,25.17999,22.97,21.70999,NA,NA,NA,NA,NA,NA,NA,NA,NA,2.74335914645679,11.8952636203498,19.3644342850255,24.2780047368669,NA,NA,NA,NA,NA,NA,NA,NA
2022-06-27 20:30:00,NA,26.07999,25.10999,23,21.85999,NA,NA,NA,NA,NA,NA,NA,NA,NA,2.74631355741588,11.8982756129564,19.3598421091337,24.244701424688,NA,NA,NA,NA,NA,NA,NA,NA
2022-06-27 20:40:00,NA,25.82999,25.07999,23,21.84,NA,NA,NA,NA,NA,NA,NA,NA,NA,2.75420720363301,11.8922517525354,19.3644342850255,24.2494513325251,NA,NA,NA,NA,NA,NA,NA,NA
2022-06-27 20:50:00,NA,25.73999,25.07999,23.03,21.82001,NA,NA,NA,NA,NA,NA,NA,NA,NA,2.74434289389014,11.8862283913189,19.3552501414745,24.2589683798786,NA,NA,NA,NA,NA,NA,NA,NA
2022-06-27 21:00:00,NA,25.47,24.88,23,21.82001,NA,NA,NA,NA,NA,NA,NA,NA,NA,2.75618304937831,11.9073123394391,19.3644342850255,24.2637271863611,NA,NA,NA,NA,NA,NA,NA,NA
2022-06-27 21:10:00,NA,25.17001,24.88,23.03,21.84,NA,NA,NA,NA,NA,NA,NA,NA,NA,2.76310661381142,11.9012877303462,19.3552501414745,24.2589683798786,NA,NA,NA,NA,NA,NA,NA,NA
2022-06-27 21:20:00,NA,24.89999,24.81,23.03,21.84,NA,NA,NA,NA,NA,NA,NA,NA,NA,2.76905227493494,11.9042999725101,19.3552501414745,24.2637271863611,NA,NA,NA,NA,NA,NA,NA,NA
2022-06-27 21:30:00,NA,24.64001,24.84,23.03,21.89001,NA,NA,NA,NA,NA,NA,NA,NA,NA,2.77500576822307,11.8892400095221,19.3552501414745,24.2542097619287,NA,NA,NA,NA,NA,NA,NA,NA
2022-06-27 21:40:00,NA,24.42999,24.70999,23.03,21.85999,NA,NA,NA,NA,NA,NA,NA,NA,NA,2.7789807960384,11.9012877303462,19.3552501414745,24.2637271863611,NA,NA,NA,NA,NA,NA,NA,NA
2022-06-27 21:50:00,NA,24.20999,24.67999,23,21.82999,NA,NA,NA,NA,NA,NA,NA,NA,NA,2.7849498714866,11.8982756129564,19.3644342850255,24.2732536998565,NA,NA,NA,NA,NA,NA,NA,NA
2022-06-27 22:00:00,NA,24.01999,24.70999,23.03,21.94,NA,NA,NA,NA,NA,NA,NA,NA,NA,2.78893529187982,11.883216897935,19.3552501414745,24.244701424688,NA,NA,NA,NA,NA,NA,NA,NA
2022-06-27 22:10:00,NA,23.70999,24.51999,23.03,21.84,NA,NA,NA,NA,NA,NA,NA,NA,NA,2.79891578449903,11.9042999725101,19.3506663536894,24.2732536998565,NA,NA,NA,NA,NA,NA,NA,NA
2022-06-27 22:20:00,NA,23.60999,24.5,22.97,21.89001,NA,NA,NA,NA,NA,NA,NA,NA,NA,2.79891578449903,11.8982756129564,19.3644342850255,24.2637271863611,NA,NA,NA,NA,NA,NA,NA,NA
2022-06-27 22:30:00,NA,23.57001,24.44,23,22.04001,NA,NA,NA,NA,NA,NA,NA,NA,NA,2.79691785703766,11.8982756129564,19.3598421091337,24.2304361646803,NA,NA,NA,NA,NA,NA,NA,NA
2022-06-27 22:40:00,NA,23.37,24.39001,22.95001,22.04001,NA,NA,NA,NA,NA,NA,NA,NA,NA,2.80291488777425,11.8952636203498,19.3690186960628,24.235193840422,NA,NA,NA,NA,NA,NA,NA,NA
2022-06-27 22:50:00,NA,23.23999,24.29999,23,22,NA,NA,NA,NA,NA,NA,NA,NA,NA,2.80691916299601,11.8982756129564,19.3552501414745,24.244701424688,NA,NA,NA,NA,NA,NA,NA,NA
2022-06-27 23:00:00,NA,23.16,24.14999,22.95001,22,NA,NA,NA,NA,NA,NA,NA,NA,NA,2.80892229597622,11.9133447598841,19.3644342850255,24.244701424688,NA,NA,NA,NA,NA,NA,NA,NA
2022-06-27 23:10:00,NA,22.95999,24.14999,22.95001,22.01999,NA,NA,NA,NA,NA,NA,NA,NA,NA,2.82599345630535,11.9042999725101,19.3598421091337,24.2494513325251,NA,NA,NA,NA,NA,NA,NA,NA
2022-06-27 23:20:00,NA,22.81,24.07001,22.89001,22.04001,NA,NA,NA,NA,NA,NA,NA,NA,NA,2.83707938882633,11.9042999725101,19.3736192614366,24.244701424688,NA,NA,NA,NA,NA,NA,NA,NA
2022-06-27 23:30:00,NA,22.75,24.07001,22.89001,22.04001,NA,NA,NA,NA,NA,NA,NA,NA,NA,2.83707938882633,11.8952636203498,19.3690186960628,24.244701424688,NA,NA,NA,NA,NA,NA,NA,NA
2022-06-27 23:40:00,NA,22.54001,23.92001,22.82001,22.01999,NA,NA,NA,NA,NA,NA,NA,NA,NA,2.84617330325299,11.9073123394391,19.3827970964143,24.2494513325251,NA,NA,NA,NA,NA,NA,NA,NA
2022-06-27 23:50:00,NA,22.51999,23.91,22.82001,22.01999,NA,NA,NA,NA,NA,NA,NA,NA,NA,2.84516227163225,11.9012877303462,19.3827970964143,24.2494513325251,NA,NA,NA,NA,NA,NA,NA,NA
2022-06-28 00:00:00,NA,22.35999,23.85999,22.82001,22,NA,NA,NA,NA,NA,NA,NA,NA,NA,2.85224787728516,11.8982756129564,19.3782040881287,24.2542097619287,NA,NA,NA,NA,NA,NA,NA,NA
2022-06-28 00:10:00,NA,22.28,23.84,22.82001,22.01999,NA,NA,NA,NA,NA,NA,NA,NA,NA,2.85528875544156,11.8952636203498,19.3736192614366,24.2494513325251,NA,NA,NA,NA,NA,NA,NA,NA
2022-06-28 00:20:00,NA,22.14999,23.64999,22.82001,22.04001,NA,NA,NA,NA,NA,NA,NA,NA,NA,2.86137706704828,11.9133447598841,19.3690186960628,24.2494513325251,NA,NA,NA,NA,NA,NA,NA,NA
2022-06-28 00:30:00,NA,22.09,23.64999,22.79001,22.06,NA,NA,NA,NA,NA,NA,NA,NA,NA,2.86340889055295,11.9042999725101,19.3690186960628,24.244701424688,NA,NA,NA,NA,NA,NA,NA,NA
2022-06-28 00:40:00,NA,22,23.64999,22.82001,22.06,NA,NA,NA,NA,NA,NA,NA,NA,NA,2.86645827294283,11.8952636203498,19.3644342850255,24.244701424688,NA,NA,NA,NA,NA,NA,NA,NA
2022-06-28 00:50:00,NA,21.91,23.44,22.76001,22.04001,NA,NA,NA,NA,NA,NA,NA,NA,NA,2.87052782173679,11.9193776804933,19.3644342850255,24.2494513325251,NA,NA,NA,NA,NA,NA,NA,NA
2022-06-28 01:00:00,NA,21.88,23.44,22.79001,22,NA,NA,NA,NA,NA,NA,NA,NA,NA,2.87052782173679,11.910332143149,19.3598421091337,24.2542097619287,NA,NA,NA,NA,NA,NA,NA,NA
2022-06-28 01:10:00,NA,21.73001,23.44,22.67999,22.01999,NA,NA,NA,NA,NA,NA,NA,NA,NA,2.87867998972287,11.9012877303462,19.3736192614366,24.2542097619287,NA,NA,NA,NA,NA,NA,NA,NA
2022-06-28 01:20:00,NA,21.70001,23.35999,22.63,22,NA,NA,NA,NA,NA,NA,NA,NA,NA,2.87867998972287,11.9042999725101,19.38739828736,24.2542097619287,NA,NA,NA,NA,NA,NA,NA,NA
2022-06-28 01:30:00,NA,21.59,23.23001,22.60999,22,NA,NA,NA,NA,NA,NA,NA,NA,NA,2.88276198167644,11.9193776804933,19.38739828736,24.2542097619287,NA,NA,NA,NA,NA,NA,NA,NA
2022-06-28 01:40:00,NA,21.5,23.23001,22.60999,22.04001,NA,NA,NA,NA,NA,NA,NA,NA,NA,2.88684854431183,11.910332143149,19.3827970964143,24.2494513325251,NA,NA,NA,NA,NA,NA,NA,NA
2022-06-28 01:50:00,NA,21.45999,23.23001,22.60999,22.04001,NA,NA,NA,NA,NA,NA,NA,NA,NA,2.88889346132505,11.9042999725101,19.3782040881287,24.244701424688,NA,NA,NA,NA,NA,NA,NA,NA
2022-06-28 02:00:00,NA,21.45999,23.14999,22.60001,22,NA,NA,NA,NA,NA,NA,NA,NA,NA,2.88889346132505,11.9042999725101,19.3736192614366,24.2494513325251,NA,NA,NA,NA,NA,NA,NA,NA
2022-06-28 02:10:00,NA,21.35001,23.01999,22.54999,22.01999,NA,NA,NA,NA,NA,NA,NA,NA,NA,2.8940100271788,11.9193776804933,19.3827970964143,24.2494513325251,NA,NA,NA,NA,NA,NA,NA,NA
2022-06-28 02:20:00,NA,21.29001,22.98999,22.57999,22,NA,NA,NA,NA,NA,NA,NA,NA,NA,2.89913315014232,11.9133447598841,19.3690186960628,24.2494513325251,NA,NA,NA,NA,NA,NA,NA,NA
2022-06-28 02:30:00,NA,21.25,22.98999,22.48001,22.07001,NA,NA,NA,NA,NA,NA,NA,NA,NA,2.93725122916108,11.9073123394391,19.38739828736,24.235193840422,NA,NA,NA,NA,NA,NA,NA,NA
2022-06-28 02:40:00,NA,21.06,22.94,22.45001,22,NA,NA,NA,NA,NA,NA,NA,NA,NA,2.94969213542934,11.910332143149,19.3919917122796,24.2494513325251,NA,NA,NA,NA,NA,NA,NA,NA
2022-06-28 02:50:00,NA,21.06,22.88,22.39999,22.06,NA,NA,NA,NA,NA,NA,NA,NA,NA,2.94969213542934,11.910332143149,19.3965933205476,24.2399517047649,NA,NA,NA,NA,NA,NA,NA,NA
2022-06-28 03:00:00,NA,21,22.78,22.42001,22.04001,NA,NA,NA,NA,NA,NA,NA,NA,NA,2.95280844699954,11.9163575013573,19.38739828736,24.2399517047649,NA,NA,NA,NA,NA,NA,NA,NA
2022-06-28 03:10:00,NA,20.85001,22.75,22.39999,22.04001,NA,NA,NA,NA,NA,NA,NA,NA,NA,2.96112941134247,11.9163575013573,19.38739828736,24.2399517047649,NA,NA,NA,NA,NA,NA,NA,NA
2022-06-28 03:20:00,NA,20.73999,22.73001,22.39999,22.04001,NA,NA,NA,NA,NA,NA,NA,NA,NA,2.96529679049769,11.910332143149,19.3827970964143,24.2399517047649,NA,NA,NA,NA,NA,NA,NA,NA
2022-06-28 03:30:00,NA,20.60999,22.57001,22.37,22.06,NA,NA,NA,NA,NA,NA,NA,NA,NA,2.9694681389477,11.9284316559789,19.3827970964143,24.235193840422,NA,NA,NA,NA,NA,NA,NA,NA
2022-06-28 03:40:00,NA,20.60001,22.57001,22.34,21.94,NA,NA,NA,NA,NA,NA,NA,NA,NA,2.96842496905437,11.9223979849557,19.38739828736,24.2542097619287,NA,NA,NA,NA,NA,NA,NA,NA
2022-06-28 03:50:00,NA,20.44,22.57001,22.34,22.01999,NA,NA,NA,NA,NA,NA,NA,NA,NA,2.97468857864979,11.9133447598841,19.3827970964143,24.2399517047649,NA,NA,NA,NA,NA,NA,NA,NA
2022-06-28 04:00:00,NA,20.26001,22.57001,22.32001,22.01999,NA,NA,NA,NA,NA,NA,NA,NA,NA,2.97991561967605,11.9073123394391,19.3782040881287,24.235193840422,NA,NA,NA,NA,NA,NA,NA,NA
2022-06-28 04:10:00,NA,20.17001,22.45999,22.20999,21.85999,NA,NA,NA,NA,NA,NA,NA,NA,NA,2.98305501411053,11.9163575013573,19.3965933205476,24.2684945160199,NA,NA,NA,NA,NA,NA,NA,NA
2022-06-28 04:20:00,NA,20,22.35999,22.20999,21.95001,NA,NA,NA,NA,NA,NA,NA,NA,NA,2.98829325399961,11.9223979849557,19.3965933205476,24.244701424688,NA,NA,NA,NA,NA,NA,NA,NA
2022-06-28 04:30:00,NA,19.97,22.35999,22.19,21.89001,NA,NA,NA,NA,NA,NA,NA,NA,NA,2.98724482508127,11.9163575013573,19.3919917122796,24.2589683798786,NA,NA,NA,NA,NA,NA,NA,NA
2022-06-28 04:40:00,NA,19.82999,22.35999,22.16,21.89001,NA,NA,NA,NA,NA,NA,NA,NA,NA,2.99248772090849,11.910332143149,19.3965933205476,24.2589683798786,NA,NA,NA,NA,NA,NA,NA,NA
2022-06-28 04:50:00,NA,19.81,22.17001,22.16,21.85001,NA,NA,NA,NA,NA,NA,NA,NA,NA,2.99248772090849,11.9284316559789,19.3919917122796,24.2637271863611,NA,NA,NA,NA,NA,NA,NA,NA
2022-06-28 05:00:00,NA,19.60001,22.14999,22.16,21.85001,NA,NA,NA,NA,NA,NA,NA,NA,NA,3.00194222596351,11.9254111011946,19.38739828736,24.2637271863611,NA,NA,NA,NA,NA,NA,NA,NA
2022-06-28 05:10:00,NA,19.5,22.14999,22.14001,21.82999,NA,NA,NA,NA,NA,NA,NA,NA,NA,3.00615120619414,11.9193776804933,19.38739828736,24.2684945160199,NA,NA,NA,NA,NA,NA,NA,NA
2022-06-28 05:20:00,NA,19.41,22.12,22.07999,21.79999,NA,NA,NA,NA,NA,NA,NA,NA,NA,3.01141791504102,11.9163575013573,19.3965933205476,24.2684945160199,NA,NA,NA,NA,NA,NA,NA,NA
2022-06-28 05:30:00,NA,19.45001,21.95999,22,21.78,NA,NA,NA,NA,NA,NA,NA,NA,NA,3.00931043710897,11.9314450219156,19.4057812115899,24.2732536998565,NA,NA,NA,NA,NA,NA,NA,NA
2022-06-28 05:40:00,NA,19.38,21.91,22,21.79999,NA,NA,NA,NA,NA,NA,NA,NA,NA,3.01352670477899,11.9344658269857,19.4011871620312,24.2637271863611,NA,NA,NA,NA,NA,NA,NA,NA
2022-06-28 05:50:00,NA,19.38,21.91,21.95001,21.79999,NA,NA,NA,NA,NA,NA,NA,NA,NA,3.01563680652373,11.9254111011946,19.4103834455288,24.2637271863611,NA,NA,NA,NA,NA,NA,NA,NA
2022-06-28 06:00:00,NA,19.34,21.88,21.95001,21.79999,NA,NA,NA,NA,NA,NA,NA,NA,NA,3.0219724615539,11.9223979849557,19.4011871620312,24.2637271863611,NA,NA,NA,NA,NA,NA,NA,NA
2022-06-28 06:10:00,NA,19.39001,21.75,21.97,21.84,NA,NA,NA,NA,NA,NA,NA,NA,NA,3.02514487710422,11.9374867573368,19.3919917122796,24.2494513325251,NA,NA,NA,NA,NA,NA,NA,NA
2022-06-28 06:20:00,NA,19.51999,21.73001,21.97,21.78,NA,NA,NA,NA,NA,NA,NA,NA,NA,3.02620258473053,11.9314450219156,19.38739828736,24.2637271863611,NA,NA,NA,NA,NA,NA,NA,NA
2022-06-28 06:30:00,NA,19.69,21.73001,21.85001,21.82001,NA,NA,NA,NA,NA,NA,NA,NA,NA,3.02408655111882,11.9254111011946,19.4103834455288,24.2494513325251,NA,NA,NA,NA,NA,NA,NA,NA
2022-06-28 06:40:00,NA,19.70001,21.70001,21.91,21.85999,NA,NA,NA,NA,NA,NA,NA,NA,NA,3.02937767741859,11.9223979849557,19.3919917122796,24.2399517047649,NA,NA,NA,NA,NA,NA,NA,NA
2022-06-28 06:50:00,NA,19.81,21.54001,21.76999,21.73001,NA,NA,NA,NA,NA,NA,NA,NA,NA,3.02831866930777,11.9374867573368,19.4149858882309,24.2684945160199,NA,NA,NA,NA,NA,NA,NA,NA
2022-06-28 07:00:00,NA,19.89999,21.51999,21.76999,21.82001,NA,NA,NA,NA,NA,NA,NA,NA,NA,3.02937767741859,11.9374867573368,19.4103834455288,24.2399517047649,NA,NA,NA,NA,NA,NA,NA,NA
2022-06-28 07:10:00,NA,20.01999,21.51999,21.76001,21.76001,NA,NA,NA,NA,NA,NA,NA,NA,NA,3.03149510093841,11.9314450219156,19.4057812115899,24.2542097619287,NA,NA,NA,NA,NA,NA,NA,NA
2022-06-28 07:20:00,NA,20.13,21.48999,21.73999,21.73999,NA,NA,NA,NA,NA,NA,NA,NA,NA,3.03467417264256,11.9284316559789,19.4057812115899,24.2542097619287,NA,NA,NA,NA,NA,NA,NA,NA
2022-06-28 07:30:00,NA,20.26001,21.45999,21.73999,21.70001,NA,NA,NA,NA,NA,NA,NA,NA,NA,3.03679488054545,11.9284316559789,19.3965933205476,24.2637271863611,NA,NA,NA,NA,NA,NA,NA,NA
2022-06-28 07:40:00,NA,20.39999,21.45999,21.69,21.70001,NA,NA,NA,NA,NA,NA,NA,NA,NA,3.03891690255038,11.9254111011946,19.4057812115899,24.2589683798786,NA,NA,NA,NA,NA,NA,NA,NA
2022-06-28 07:50:00,NA,20.63,21.41,21.66,21.70999,NA,NA,NA,NA,NA,NA,NA,NA,NA,3.03573388897158,11.9254111011946,19.4057812115899,24.2589683798786,NA,NA,NA,NA,NA,NA,NA,NA
2022-06-28 08:00:00,NA,20.91,21.32999,21.56,21.64999,NA,NA,NA,NA,NA,NA,NA,NA,NA,3.03255414749967,11.9344658269857,19.4241834224463,24.2684945160199,NA,NA,NA,NA,NA,NA,NA,NA
2022-06-28 08:10:00,NA,21.06,21.32999,21.57001,21.62,NA,NA,NA,NA,NA,NA,NA,NA,NA,3.03997730181495,11.9284316559789,19.4149858882309,24.2732536998565,NA,NA,NA,NA,NA,NA,NA,NA
2022-06-28 08:20:00,NA,21.5,21.28,21.53,21.64999,NA,NA,NA,NA,NA,NA,NA,NA,NA,3.03361446920318,11.9344658269857,19.4195805626324,24.2637271863611,NA,NA,NA,NA,NA,NA,NA,NA
2022-06-28 08:30:00,NA,21.89999,21.28,21.53,21.64001,NA,NA,NA,NA,NA,NA,NA,NA,NA,3.0272609361925,11.9344658269857,19.4103834455288,24.2637271863611,NA,NA,NA,NA,NA,NA,NA,NA
2022-06-28 08:40:00,NA,22.17001,21.28,21.53,21.57999,NA,NA,NA,NA,NA,NA,NA,NA,NA,3.02620258473053,11.9314450219156,19.4057812115899,24.2732536998565,NA,NA,NA,NA,NA,NA,NA,NA
2022-06-28 08:50:00,NA,22.32999,21.28,21.53,21.66,NA,NA,NA,NA,NA,NA,NA,NA,NA,3.02620258473053,11.9314450219156,19.4011871620312,24.2494513325251,NA,NA,NA,NA,NA,NA,NA,NA
2022-06-28 09:00:00,NA,22.56,21.32999,21.53,21.64001,NA,NA,NA,NA,NA,NA,NA,NA,NA,3.0219724615539,11.9223979849557,19.3965933205476,24.2542097619287,NA,NA,NA,NA,NA,NA,NA,NA
2022-06-28 09:10:00,NA,22.56,21.29999,21.53,21.66,NA,NA,NA,NA,NA,NA,NA,NA,NA,3.02408655111882,11.9284316559789,19.3919917122796,24.244701424688,NA,NA,NA,NA,NA,NA,NA,NA
2022-06-28 09:20:00,NA,22.51999,21.29999,21.42001,21.64001,NA,NA,NA,NA,NA,NA,NA,NA,NA,3.02831866930777,11.9284316559789,19.4149858882309,24.2494513325251,NA,NA,NA,NA,NA,NA,NA,NA
2022-06-28 09:30:00,NA,22.54001,21.35999,21.42999,21.54001,NA,NA,NA,NA,NA,NA,NA,NA,NA,3.03255414749967,11.9193776804933,19.4057812115899,24.2684945160199,NA,NA,NA,NA,NA,NA,NA,NA
2022-06-28 09:40:00,NA,22.62,21.35999,21.32001,21.60001,NA,NA,NA,NA,NA,NA,NA,NA,NA,3.03361446920318,11.9223979849557,19.4287864909708,24.2542097619287,NA,NA,NA,NA,NA,NA,NA,NA
2022-06-28 09:50:00,NA,22.82999,21.48999,21.35001,21.56,NA,NA,NA,NA,NA,NA,NA,NA,NA,3.03149510093841,11.9012877303462,19.4149858882309,24.2589683798786,NA,NA,NA,NA,NA,NA,NA,NA
2022-06-28 10:00:00,NA,23.17999,21.48999,21.35001,21.54001,NA,NA,NA,NA,NA,NA,NA,NA,NA,3.0272609361925,11.9042999725101,19.4149858882309,24.2589683798786,NA,NA,NA,NA,NA,NA,NA,NA
2022-06-28 10:10:00,NA,23.39001,21.45999,21.32001,21.48001,NA,NA,NA,NA,NA,NA,NA,NA,NA,3.02514487710422,11.9133447598841,19.4195805626324,24.2732536998565,NA,NA,NA,NA,NA,NA,NA,NA
2022-06-28 10:20:00,NA,23.60001,21.48999,21.32001,21.48999,NA,NA,NA,NA,NA,NA,NA,NA,NA,3.02302949999776,11.910332143149,19.4149858882309,24.2637271863611,NA,NA,NA,NA,NA,NA,NA,NA
2022-06-28 10:30:00,NA,24.10001,21.51999,21.32001,21.44,NA,NA,NA,NA,NA,NA,NA,NA,NA,3.0209160668298,11.9073123394391,19.4149858882309,24.2780047368669,NA,NA,NA,NA,NA,NA,NA,NA
2022-06-28 10:40:00,NA,24.42999,21.59,21.32001,21.42001,NA,NA,NA,NA,NA,NA,NA,NA,NA,3.01774758944249,11.8982756129564,19.4103834455288,24.2780047368669,NA,NA,NA,NA,NA,NA,NA,NA
2022-06-28 10:50:00,NA,24.88,21.62,21.32001,21.42001,NA,NA,NA,NA,NA,NA,NA,NA,NA,3.0124723036708,11.9012877303462,19.4057812115899,24.2732536998565,NA,NA,NA,NA,NA,NA,NA,NA
2022-06-28 11:00:00,NA,25.51001,21.67001,21.34,21.42001,NA,NA,NA,NA,NA,NA,NA,NA,NA,3.00615120619414,11.8952636203498,19.4011871620312,24.2732536998565,NA,NA,NA,NA,NA,NA,NA,NA
2022-06-28 11:10:00,NA,25.92999,21.70001,21.32001,21.45999,NA,NA,NA,NA,NA,NA,NA,NA,NA,2.99983875600898,11.8952636203498,19.4011871620312,24.2589683798786,NA,NA,NA,NA,NA,NA,NA,NA
2022-06-28 11:20:00,NA,26.17001,21.73001,21.34,21.44,NA,NA,NA,NA,NA,NA,NA,NA,NA,2.99668742824115,11.8982756129564,19.3965933205476,24.2637271863611,NA,NA,NA,NA,NA,NA,NA,NA
2022-06-28 11:30:00,NA,26.72,21.75,21.29999,21.41,NA,NA,NA,NA,NA,NA,NA,NA,NA,2.99038951708012,11.9042999725101,19.4057812115899,24.2684945160199,NA,NA,NA,NA,NA,NA,NA,NA
2022-06-28 11:40:00,NA,27.34,21.88,21.29999,21.39999,NA,NA,NA,NA,NA,NA,NA,NA,NA,2.98619703898544,11.8892400095221,19.3965933205476,24.2684945160199,NA,NA,NA,NA,NA,NA,NA,NA
2022-06-28 11:50:00,NA,28.06,21.94,21.32001,21.38,NA,NA,NA,NA,NA,NA,NA,NA,NA,2.9694681389477,11.8892400095221,19.3965933205476,24.2732536998565,NA,NA,NA,NA,NA,NA,NA,NA
2022-06-28 12:00:00,NA,28.42001,22.04001,21.32001,21.39999,NA,NA,NA,NA,NA,NA,NA,NA,NA,2.96633929485068,11.8862283913189,19.3919917122796,24.2637271863611,NA,NA,NA,NA,NA,NA,NA,NA
2022-06-28 12:10:00,NA,28.73999,22.12,21.32001,21.32999,NA,NA,NA,NA,NA,NA,NA,NA,NA,2.96321244718282,11.883216897935,19.3919917122796,24.2780047368669,NA,NA,NA,NA,NA,NA,NA,NA
2022-06-28 12:20:00,NA,29.12,22.17001,21.32001,21.44,NA,NA,NA,NA,NA,NA,NA,NA,NA,2.95696726129207,11.8862283913189,19.3919917122796,24.2494513325251,NA,NA,NA,NA,NA,NA,NA,NA
2022-06-28 12:30:00,NA,29.47,22.35999,21.32001,21.39001,NA,NA,NA,NA,NA,NA,NA,NA,NA,2.95073068445361,11.8711794808575,19.3919917122796,24.2589683798786,NA,NA,NA,NA,NA,NA,NA,NA
2022-06-28 12:40:00,NA,29.67999,22.35999,21.32001,21.35999,NA,NA,NA,NA,NA,NA,NA,NA,NA,2.94969213542934,11.8862283913189,19.3965933205476,24.2684945160199,NA,NA,NA,NA,NA,NA,NA,NA
2022-06-28 12:50:00,NA,30.13,22.54001,21.32001,21.41,NA,NA,NA,NA,NA,NA,NA,NA,NA,2.9393217648904,11.8711794808575,19.3919917122796,24.2494513325251,NA,NA,NA,NA,NA,NA,NA,NA
2022-06-28 13:00:00,NA,30.54999,22.70001,21.32001,21.29999,NA,NA,NA,NA,NA,NA,NA,NA,NA,2.93207886553245,11.8621618614748,19.3965933205476,24.2780047368669,NA,NA,NA,NA,NA,NA,NA,NA
2022-06-28 13:10:00,NA,30.97,22.78,21.35999,21.22,NA,NA,NA,NA,NA,NA,NA,NA,NA,2.9227858160949,11.8621618614748,19.38739828736,24.2970524461367,NA,NA,NA,NA,NA,NA,NA,NA
2022-06-28 13:20:00,NA,31.39999,22.91,21.32001,21.29001,NA,NA,NA,NA,NA,NA,NA,NA,NA,2.91248511187236,11.8621618614748,19.4011871620312,24.2732536998565,NA,NA,NA,NA,NA,NA,NA,NA
2022-06-28 13:30:00,NA,31.63998,22.98999,21.35001,21.25,NA,NA,NA,NA,NA,NA,NA,NA,NA,2.90631755204541,11.8651651742997,19.3919917122796,24.2827726329903,NA,NA,NA,NA,NA,NA,NA,NA
2022-06-28 13:40:00,NA,31.79999,23.17999,21.35001,21.35999,NA,NA,NA,NA,NA,NA,NA,NA,NA,2.89810837898848,11.8531453624779,19.3965933205476,24.2589683798786,NA,NA,NA,NA,NA,NA,NA,NA
2022-06-28 13:50:00,NA,31.73999,23.23001,21.42999,21.29999,NA,NA,NA,NA,NA,NA,NA,NA,NA,2.89913315014232,11.8621618614748,19.3827970964143,24.2732536998565,NA,NA,NA,NA,NA,NA,NA,NA
2022-06-28 14:00:00,NA,31.85001,23.41,21.51001,21.35001,NA,NA,NA,NA,NA,NA,NA,NA,NA,2.89196248810141,11.8501425471517,19.3644342850255,24.2589683798786,NA,NA,NA,NA,NA,NA,NA,NA
2022-06-28 14:10:00,NA,31.89999,23.48999,21.53,21.32001,NA,NA,NA,NA,NA,NA,NA,NA,NA,2.89298593744674,11.8561556086907,19.3690186960628,24.2684945160199,NA,NA,NA,NA,NA,NA,NA,NA
2022-06-28 14:20:00,NA,32.19,23.64999,21.53,21.26999,NA,NA,NA,NA,NA,NA,NA,NA,NA,2.88276198167644,11.8471398561469,19.3690186960628,24.2732536998565,NA,NA,NA,NA,NA,NA,NA,NA
2022-06-28 14:30:00,NA,32.45999,23.73001,21.57001,21.32999,NA,NA,NA,NA,NA,NA,NA,NA,NA,2.86849334296927,11.8531453624779,19.3690186960628,24.2589683798786,NA,NA,NA,NA,NA,NA,NA,NA
2022-06-28 14:40:00,NA,32.39999,23.84,21.56,21.39001,NA,NA,NA,NA,NA,NA,NA,NA,NA,2.86645827294283,11.8501425471517,19.3782040881287,24.244701424688,NA,NA,NA,NA,NA,NA,NA,NA
2022-06-28 14:50:00,NA,32.29999,23.98999,21.53,21.26999,NA,NA,NA,NA,NA,NA,NA,NA,NA,2.86544138248671,11.8381325291509,19.38739828736,24.2732536998565,NA,NA,NA,NA,NA,NA,NA,NA
2022-06-28 15:00:00,NA,32.26999,24.09,21.69,21.31,NA,NA,NA,NA,NA,NA,NA,NA,NA,2.86137706704828,11.8411348471375,19.3598421091337,24.2684945160199,NA,NA,NA,NA,NA,NA,NA,NA
2022-06-28 15:10:00,NA,32.25,24.17999,21.76001,21.39001,NA,NA,NA,NA,NA,NA,NA,NA,NA,2.85528875544156,11.8381325291509,19.3506663536894,24.2494513325251,NA,NA,NA,NA,NA,NA,NA,NA
2022-06-28 15:20:00,NA,32.06,24.29999,21.73999,21.32001,NA,NA,NA,NA,NA,NA,NA,NA,NA,2.85427449000032,11.8351303355214,19.3598421091337,24.2684945160199,NA,NA,NA,NA,NA,NA,NA,NA
2022-06-28 15:30:00,NA,31.89999,24.28,21.73999,21.44,NA,NA,NA,NA,NA,NA,NA,NA,NA,2.85224787728516,11.8471398561469,19.3644342850255,24.2399517047649,NA,NA,NA,NA,NA,NA,NA,NA
2022-06-28 15:40:00,NA,31.79999,24.51001,21.79001,21.41,NA,NA,NA,NA,NA,NA,NA,NA,NA,2.84617330325299,11.8261318044149,19.3644342850255,24.244701424688,NA,NA,NA,NA,NA,NA,NA,NA
2022-06-28 15:50:00,NA,31.63998,24.51001,21.82001,21.39001,NA,NA,NA,NA,NA,NA,NA,NA,NA,2.84718560399312,11.8411348471375,19.3598421091337,24.2542097619287,NA,NA,NA,NA,NA,NA,NA,NA
2022-06-28 16:00:00,NA,31.63998,24.60001,21.95001,21.34,NA,NA,NA,NA,NA,NA,NA,NA,NA,2.84111823733781,11.8411348471375,19.341483458968,24.2684945160199,NA,NA,NA,NA,NA,NA,NA,NA
2022-06-28 16:10:00,NA,31.63998,24.70999,21.95001,21.41,NA,NA,NA,NA,NA,NA,NA,NA,NA,2.83002120079794,11.8231301080014,19.3506663536894,24.2542097619287,NA,NA,NA,NA,NA,NA,NA,NA
2022-06-28 16:20:00,NA,31.35001,24.66,21.95001,21.44,NA,NA,NA,NA,NA,NA,NA,NA,NA,2.83203607134758,11.8381325291509,19.3552501414745,24.2494513325251,NA,NA,NA,NA,NA,NA,NA,NA
2022-06-28 16:30:00,NA,31.07999,24.70999,21.98001,21.45999,NA,NA,NA,NA,NA,NA,NA,NA,NA,2.83203607134758,11.8351303355214,19.3506663536894,24.244701424688,NA,NA,NA,NA,NA,NA,NA,NA
2022-06-28 16:40:00,NA,30.84,24.84,22,21.41,NA,NA,NA,NA,NA,NA,NA,NA,NA,2.83002120079794,11.82012853599,19.3552501414745,24.2589683798786,NA,NA,NA,NA,NA,NA,NA,NA
2022-06-28 16:50:00,NA,30.54999,24.85999,22.10999,21.44,NA,NA,NA,NA,NA,NA,NA,NA,NA,2.83102831667295,11.8231301080014,19.341483458968,24.2542097619287,NA,NA,NA,NA,NA,NA,NA,NA
2022-06-28 17:00:00,NA,30.34,24.89001,22.16,21.44,NA,NA,NA,NA,NA,NA,NA,NA,NA,2.83102831667295,11.8231301080014,19.3369002945922,24.2589683798786,NA,NA,NA,NA,NA,NA,NA,NA
2022-06-28 17:10:00,NA,30.14999,24.89001,22.16,21.45999,NA,NA,NA,NA,NA,NA,NA,NA,NA,2.83002120079794,11.8261318044149,19.3460748021861,24.2542097619287,NA,NA,NA,NA,NA,NA,NA,NA
2022-06-28 17:20:00,NA,30.10001,24.95999,22.16,21.48999,NA,NA,NA,NA,NA,NA,NA,NA,NA,2.82196963249141,11.8141403698868,19.3506663536894,24.2494513325251,NA,NA,NA,NA,NA,NA,NA,NA
2022-06-28 17:30:00,NA,29.85999,24.92001,22.20999,21.51001,NA,NA,NA,NA,NA,NA,NA,NA,NA,2.81995997763179,11.8231301080014,19.3460748021861,24.244701424688,NA,NA,NA,NA,NA,NA,NA,NA
2022-06-28 17:40:00,NA,29.47,24.92999,22.34,21.64001,NA,NA,NA,NA,NA,NA,NA,NA,NA,2.82398121185195,11.8231301080014,19.3185617441417,24.2209380417683,NA,NA,NA,NA,NA,NA,NA,NA
2022-06-28 17:50:00,NA,29.25,24.97,22.37,21.60999,NA,NA,NA,NA,NA,NA,NA,NA,NA,2.82096385600099,11.8171343910308,19.3185617441417,24.2304361646803,NA,NA,NA,NA,NA,NA,NA,NA
2022-06-28 18:00:00,NA,29.01999,25.01001,22.35001,21.60001,NA,NA,NA,NA,NA,NA,NA,NA,NA,2.82196963249141,11.8111391705296,19.3277266188325,24.235193840422,NA,NA,NA,NA,NA,NA,NA,NA
2022-06-28 18:10:00,NA,28.82999,25.13,22.39999,21.64001,NA,NA,NA,NA,NA,NA,NA,NA,NA,2.82196963249141,11.7931710890032,19.3231440776623,24.2304361646803,NA,NA,NA,NA,NA,NA,NA,NA
2022-06-28 18:20:00,NA,28.64999,24.92999,22.39999,21.66,NA,NA,NA,NA,NA,NA,NA,NA,NA,2.82297541776986,11.82012853599,19.3277266188325,24.22568700924,NA,NA,NA,NA,NA,NA,NA,NA
2022-06-28 18:30:00,NA,28.57001,24.97,22.39999,21.62,NA,NA,NA,NA,NA,NA,NA,NA,NA,2.81795098750559,11.8111391705296,19.3323093676351,24.2399517047649,NA,NA,NA,NA,NA,NA,NA,NA
2022-06-28 18:40:00,NA,28.38,24.94,22.48001,21.62,NA,NA,NA,NA,NA,NA,NA,NA,NA,2.81895547820905,11.8111391705296,19.3185617441417,24.2399517047649,NA,NA,NA,NA,NA,NA,NA,NA
2022-06-28 18:50:00,NA,28.20001,24.88,22.54999,21.62,NA,NA,NA,NA,NA,NA,NA,NA,NA,2.81895547820905,11.8171343910308,19.3093897317471,24.2399517047649,NA,NA,NA,NA,NA,NA,NA,NA
2022-06-28 19:00:00,NA,28.01001,24.94,22.54999,21.64001,NA,NA,NA,NA,NA,NA,NA,NA,NA,2.81895547820905,11.8051444465694,19.3139716495547,24.2399517047649,NA,NA,NA,NA,NA,NA,NA,NA
2022-06-28 19:10:00,NA,27.76999,24.92001,22.60999,21.64999,NA,NA,NA,NA,NA,NA,NA,NA,NA,2.81795098750559,11.8081453973448,19.3048159896527,24.244701424688,NA,NA,NA,NA,NA,NA,NA,NA
2022-06-28 19:20:00,NA,27.53,24.92001,22.60999,21.69,NA,NA,NA,NA,NA,NA,NA,NA,NA,2.81995997763179,11.8021509213794,19.3093897317471,24.235193840422,NA,NA,NA,NA,NA,NA,NA,NA
2022-06-28 19:30:00,NA,27.29999,24.89001,22.60999,21.72,NA,NA,NA,NA,NA,NA,NA,NA,NA,2.81995997763179,11.8081453973448,19.3139716495547,24.22568700924,NA,NA,NA,NA,NA,NA,NA,NA
2022-06-28 19:40:00,NA,26.94,24.87,22.60999,21.76001,NA,NA,NA,NA,NA,NA,NA,NA,NA,2.82699990671884,11.8051444465694,19.3139716495547,24.2209380417683,NA,NA,NA,NA,NA,NA,NA,NA
2022-06-28 19:50:00,NA,26.70001,24.85001,22.60999,21.76001,NA,NA,NA,NA,NA,NA,NA,NA,NA,2.82699990671884,11.8051444465694,19.3185617441417,24.22568700924,NA,NA,NA,NA,NA,NA,NA,NA
2022-06-28 20:00:00,NA,26.42001,24.88,22.60999,21.85999,NA,NA,NA,NA,NA,NA,NA,NA,NA,2.83002120079794,11.7931710890032,19.3231440776623,24.2019357218023,NA,NA,NA,NA,NA,NA,NA,NA
2022-06-28 20:10:00,NA,26.20001,24.89001,22.60999,21.76999,NA,NA,NA,NA,NA,NA,NA,NA,NA,2.83102831667295,11.7931710890032,19.3231440776623,24.2304361646803,NA,NA,NA,NA,NA,NA,NA,NA
2022-06-28 20:20:00,NA,25.85999,24.73999,22.67999,21.85999,NA,NA,NA,NA,NA,NA,NA,NA,NA,2.83707938882633,11.8081453973448,19.3093897317471,24.2066839369335,NA,NA,NA,NA,NA,NA,NA,NA
2022-06-28 20:30:00,NA,25.66,24.70999,22.73999,21.85999,NA,NA,NA,NA,NA,NA,NA,NA,NA,2.83707938882633,11.8021509213794,19.2956531918952,24.2114406707849,NA,NA,NA,NA,NA,NA,NA,NA
2022-06-28 20:40:00,NA,25.47,24.73001,22.76001,21.82001,NA,NA,NA,NA,NA,NA,NA,NA,NA,2.83607032932928,11.7961642425874,19.2956531918952,24.2209380417683,NA,NA,NA,NA,NA,NA,NA,NA
2022-06-28 20:50:00,NA,25.19,24.73001,22.73999,21.79999,NA,NA,NA,NA,NA,NA,NA,NA,NA,2.84010788162905,11.7901780593055,19.3002344869055,24.2304361646803,NA,NA,NA,NA,NA,NA,NA,NA
2022-06-28 21:00:00,NA,25.04001,24.64999,22.79001,21.82001,NA,NA,NA,NA,NA,NA,NA,NA,NA,2.83808845740012,11.7961642425874,19.2910721046394,24.2304361646803,NA,NA,NA,NA,NA,NA,NA,NA
2022-06-28 21:10:00,NA,24.70001,24.57001,22.79001,21.84,NA,NA,NA,NA,NA,NA,NA,NA,NA,2.84718560399312,11.8021509213794,19.2956531918952,24.22568700924,NA,NA,NA,NA,NA,NA,NA,NA
2022-06-28 21:20:00,NA,24.54001,24.51001,22.82001,21.85999,NA,NA,NA,NA,NA,NA,NA,NA,NA,2.84718560399312,11.8021509213794,19.2910721046394,24.2209380417683,NA,NA,NA,NA,NA,NA,NA,NA
2022-06-28 21:30:00,NA,24.34,24.5,22.82001,21.79999,NA,NA,NA,NA,NA,NA,NA,NA,NA,2.84920960340636,11.799157520049,19.2910721046394,24.2399517047649,NA,NA,NA,NA,NA,NA,NA,NA
2022-06-28 21:40:00,NA,24.23001,24.37,22.79001,21.85999,NA,NA,NA,NA,NA,NA,NA,NA,NA,2.84819728408059,11.8081453973448,19.2956531918952,24.2304361646803,NA,NA,NA,NA,NA,NA,NA,NA
2022-06-28 21:50:00,NA,24.01999,24.31,22.82001,21.85999,NA,NA,NA,NA,NA,NA,NA,NA,NA,2.85224787728516,11.8111391705296,19.2910721046394,24.2304361646803,NA,NA,NA,NA,NA,NA,NA,NA
2022-06-28 22:00:00,NA,23.79999,24.28,22.79001,21.85999,NA,NA,NA,NA,NA,NA,NA,NA,NA,2.86137706704828,11.8051444465694,19.2956531918952,24.2304361646803,NA,NA,NA,NA,NA,NA,NA,NA
2022-06-28 22:10:00,NA,23.76001,24.26001,22.76001,21.87,NA,NA,NA,NA,NA,NA,NA,NA,NA,2.85833223849913,11.8021509213794,19.2956531918952,24.235193840422,NA,NA,NA,NA,NA,NA,NA,NA
2022-06-28 22:20:00,NA,23.60001,24.17001,22.79001,21.92001,NA,NA,NA,NA,NA,NA,NA,NA,NA,2.86239265899826,11.8081453973448,19.2956531918952,24.2209380417683,NA,NA,NA,NA,NA,NA,NA,NA
2022-06-28 22:30:00,NA,23.60001,24.04999,22.79001,21.95999,NA,NA,NA,NA,NA,NA,NA,NA,NA,2.859347,11.81713,19.29107,24.21618,NA,NA,NA,NA,NA,NA,NA,NA
2022-06-28 22:40:00,NA,23.39001,24.04999,22.79001,21.97,NA,NA,NA,NA,NA,NA,NA,NA,NA,2.867475,11.81114,19.29107,24.21618,NA,NA,NA,NA,NA,NA,NA,NA
2022-06-28 22:50:00,NA,23.35001,24,22.79001,22,NA,NA,NA,NA,NA,NA,NA,NA,NA,2.866458,11.80815,19.29107,24.20668,NA,NA,NA,NA,NA,NA,NA,NA
2022-06-28 23:00:00,NA,23.32001,23.94,22.76001,22.04001,NA,NA,NA,NA,NA,NA,NA,NA,NA,2.864425,11.81114,19.29107,24.20194,NA,NA,NA,NA,NA,NA,NA,NA
2022-06-28 23:10:00,NA,23.20001,23.85999,22.76001,22,NA,NA,NA,NA,NA,NA,NA,NA,NA,2.86951,11.81414,19.29107,24.21144,NA,NA,NA,NA,NA,NA,NA,NA
2022-06-28 23:20:00,NA,23.16,23.84,22.67999,22.04001,NA,NA,NA,NA,NA,NA,NA,NA,NA,2.868493,11.80815,19.30482,24.20668,NA,NA,NA,NA,NA,NA,NA,NA
2022-06-28 23:30:00,NA,22.95001,23.81,22.73999,22.06,NA,NA,NA,NA,NA,NA,NA,NA,NA,2.875621,11.80514,19.29107,24.20194,NA,NA,NA,NA,NA,NA,NA,NA
2022-06-28 23:40:00,NA,22.95999,23.64999,22.67999,22.01999,NA,NA,NA,NA,NA,NA,NA,NA,NA,2.871546,11.82313,19.30023,24.21144,NA,NA,NA,NA,NA,NA,NA,NA
2022-06-28 23:50:00,NA,22.76001,23.64999,22.67999,22,NA,NA,NA,NA,NA,NA,NA,NA,NA,2.87868,11.81713,19.29565,24.21144,NA,NA,NA,NA,NA,NA,NA,NA
2022-06-29 00:00:00,NA,22.76999,23.62,22.63,22,NA,NA,NA,NA,NA,NA,NA,NA,NA,2.875621,11.81414,19.30939,24.21618,NA,NA,NA,NA,NA,NA,NA,NA
2022-06-29 00:10:00,NA,22.64999,23.54999,22.63,22.06,NA,NA,NA,NA,NA,NA,NA,NA,NA,2.87868,11.81713,19.30482,24.20668,NA,NA,NA,NA,NA,NA,NA,NA
2022-06-29 00:20:00,NA,22.54001,23.44,22.60999,22.04001,NA,NA,NA,NA,NA,NA,NA,NA,NA,2.88072,11.82613,19.30939,24.21144,NA,NA,NA,NA,NA,NA,NA,NA
2022-06-29 00:30:00,NA,22.48999,23.44,22.60999,22,NA,NA,NA,NA,NA,NA,NA,NA,NA,2.88072,11.81713,19.30482,24.21144,NA,NA,NA,NA,NA,NA,NA,NA
2022-06-29 00:40:00,NA,22.35999,23.44,22.60999,22.06,NA,NA,NA,NA,NA,NA,NA,NA,NA,2.882762,11.81114,19.30023,24.20194,NA,NA,NA,NA,NA,NA,NA,NA
2022-06-29 00:50:00,NA,22.14999,23.41,22.60999,22.06,NA,NA,NA,NA,NA,NA,NA,NA,NA,2.889916,11.81114,19.29565,24.20668,NA,NA,NA,NA,NA,NA,NA,NA
2022-06-29 01:00:00,NA,22.12,23.25,22.57999,22.06,NA,NA,NA,NA,NA,NA,NA,NA,NA,2.888893,11.82613,19.30023,24.20668,NA,NA,NA,NA,NA,NA,NA,NA
2022-06-29 01:10:00,NA,21.98999,23.20001,22.60999,22.04001,NA,NA,NA,NA,NA,NA,NA,NA,NA,2.89401,11.82613,19.29107,24.21144,NA,NA,NA,NA,NA,NA,NA,NA
2022-06-29 01:20:00,NA,21.89001,23.20001,22.57999,21.98001,NA,NA,NA,NA,NA,NA,NA,NA,NA,2.897084,11.82013,19.29107,24.22094,NA,NA,NA,NA,NA,NA,NA,NA
2022-06-29 01:30:00,NA,21.91,23.17001,22.57999,21.98001,NA,NA,NA,NA,NA,NA,NA,NA,NA,2.89401,11.81713,19.28649,24.22094,NA,NA,NA,NA,NA,NA,NA,NA
2022-06-29 01:40:00,NA,21.82001,23.09,22.48001,22.01999,NA,NA,NA,NA,NA,NA,NA,NA,NA,2.897084,11.82013,19.30939,24.21144,NA,NA,NA,NA,NA,NA,NA,NA
2022-06-29 01:50:00,NA,21.72,23.01999,22.53,22.04001,NA,NA,NA,NA,NA,NA,NA,NA,NA,2.901185,11.82613,19.29565,24.20668,NA,NA,NA,NA,NA,NA,NA,NA
2022-06-29 02:00:00,NA,21.70001,22.98999,22.39999,22.01999,NA,NA,NA,NA,NA,NA,NA,NA,NA,2.901185,11.82313,19.31856,24.21144,NA,NA,NA,NA,NA,NA,NA,NA
2022-06-29 02:10:00,NA,21.70001,22.98999,22.39999,22.06,NA,NA,NA,NA,NA,NA,NA,NA,NA,2.900159,11.81713,19.31397,24.20194,NA,NA,NA,NA,NA,NA,NA,NA
2022-06-29 02:20:00,NA,21.60999,22.98999,22.39999,22.04001,NA,NA,NA,NA,NA,NA,NA,NA,NA,2.903237,11.81114,19.30939,24.20668,NA,NA,NA,NA,NA,NA,NA,NA
2022-06-29 02:30:00,NA,21.54001,22.82999,22.39999,22.04001,NA,NA,NA,NA,NA,NA,NA,NA,NA,2.90529,11.82913,19.30939,24.20668,NA,NA,NA,NA,NA,NA,NA,NA
2022-06-29 02:40:00,NA,21.51001,22.79999,22.39999,22.06,NA,NA,NA,NA,NA,NA,NA,NA,NA,2.90529,11.82613,19.30482,24.20194,NA,NA,NA,NA,NA,NA,NA,NA
2022-06-29 02:50:00,NA,21.5,22.78,22.37,22.01999,NA,NA,NA,NA,NA,NA,NA,NA,NA,2.90529,11.82313,19.30482,24.20668,NA,NA,NA,NA,NA,NA,NA,NA
2022-06-29 03:00:00,NA,21.45999,22.78,22.37,22.01999,NA,NA,NA,NA,NA,NA,NA,NA,NA,2.906318,11.81713,19.30023,24.20668,NA,NA,NA,NA,NA,NA,NA,NA
2022-06-29 03:10:00,NA,21.29999,22.73001,22.34,21.97,NA,NA,NA,NA,NA,NA,NA,NA,NA,2.913514,11.82013,19.30482,24.21618,NA,NA,NA,NA,NA,NA,NA,NA
2022-06-29 03:20:00,NA,21.25,22.57001,22.32001,21.97,NA,NA,NA,NA,NA,NA,NA,NA,NA,2.914543,11.83813,19.30482,24.21618,NA,NA,NA,NA,NA,NA,NA,NA
2022-06-29 03:30:00,NA,21.26999,22.57001,22.29001,22,NA,NA,NA,NA,NA,NA,NA,NA,NA,2.912485,11.83213,19.30482,24.20194,NA,NA,NA,NA,NA,NA,NA,NA
2022-06-29 03:40:00,NA,21.22,22.57001,22.19,22.01999,NA,NA,NA,NA,NA,NA,NA,NA,NA,2.914543,11.82613,19.32773,24.20194,NA,NA,NA,NA,NA,NA,NA,NA
2022-06-29 03:50:00,NA,21.14001,22.57001,22.19,22.04001,NA,NA,NA,NA,NA,NA,NA,NA,NA,2.915573,11.82013,19.31856,24.19718,NA,NA,NA,NA,NA,NA,NA,NA
2022-06-29 04:00:00,NA,21.04001,22.44,22.19,21.98001,NA,NA,NA,NA,NA,NA,NA,NA,NA,2.919693,11.83213,19.31856,24.20668,NA,NA,NA,NA,NA,NA,NA,NA
2022-06-29 04:10:00,NA,21.04001,22.38,22.19,22.01999,NA,NA,NA,NA,NA,NA,NA,NA,NA,2.918663,11.83813,19.31397,24.19718,NA,NA,NA,NA,NA,NA,NA,NA
2022-06-29 04:20:00,NA,20.98001,22.35999,22.16,22.01001,NA,NA,NA,NA,NA,NA,NA,NA,NA,2.920723,11.83513,19.31856,24.19718,NA,NA,NA,NA,NA,NA,NA,NA
2022-06-29 04:30:00,NA,20.92001,22.35999,22.16,21.91,NA,NA,NA,NA,NA,NA,NA,NA,NA,2.923817,11.82613,19.31397,24.21618,NA,NA,NA,NA,NA,NA,NA,NA
2022-06-29 04:40:00,NA,20.89001,22.35999,22.16,21.78,NA,NA,NA,NA,NA,NA,NA,NA,NA,2.924849,11.82313,19.30939,24.2447,NA,NA,NA,NA,NA,NA,NA,NA
2022-06-29 04:50:00,NA,20.87,22.32999,22.13,21.92001,NA,NA,NA,NA,NA,NA,NA,NA,NA,2.925881,11.82013,19.30939,24.21144,NA,NA,NA,NA,NA,NA,NA,NA
2022-06-29 05:00:00,NA,20.87,22.17001,22.16,21.91,NA,NA,NA,NA,NA,NA,NA,NA,NA,2.925881,11.84113,19.30023,24.21144,NA,NA,NA,NA,NA,NA,NA,NA
2022-06-29 05:10:00,NA,20.82001,22.17001,21.98001,21.84,NA,NA,NA,NA,NA,NA,NA,NA,NA,2.927946,11.83513,19.33231,24.22569,NA,NA,NA,NA,NA,NA,NA,NA
2022-06-29 05:20:00,NA,20.79999,22.14999,21.98001,21.84,NA,NA,NA,NA,NA,NA,NA,NA,NA,2.931046,11.82913,19.32773,24.22094,NA,NA,NA,NA,NA,NA,NA,NA
2022-06-29 05:30:00,NA,20.84,22.12,21.98001,21.85999,NA,NA,NA,NA,NA,NA,NA,NA,NA,2.930012,11.83213,19.32314,24.21618,NA,NA,NA,NA,NA,NA,NA,NA
2022-06-29 05:40:00,NA,20.82001,22.12,21.98001,21.79999,NA,NA,NA,NA,NA,NA,NA,NA,NA,2.933113,11.82613,19.31856,24.23044,NA,NA,NA,NA,NA,NA,NA,NA
2022-06-29 05:50:00,NA,20.87,22.12,21.95001,21.84,NA,NA,NA,NA,NA,NA,NA,NA,NA,2.934147,11.82313,19.32314,24.22094,NA,NA,NA,NA,NA,NA,NA,NA
2022-06-29 06:00:00,NA,20.87,21.95999,21.95001,21.79999,NA,NA,NA,NA,NA,NA,NA,NA,NA,2.936217,11.84113,19.31856,24.22569,NA,NA,NA,NA,NA,NA,NA,NA
2022-06-29 06:10:00,NA,20.91,21.94,21.95001,21.79999,NA,NA,NA,NA,NA,NA,NA,NA,NA,2.937251,11.83813,19.31397,24.22569,NA,NA,NA,NA,NA,NA,NA,NA
2022-06-29 06:20:00,NA,20.98001,21.94,21.95001,21.85999,NA,NA,NA,NA,NA,NA,NA,NA,NA,2.937251,11.83213,19.30939,24.20668,NA,NA,NA,NA,NA,NA,NA,NA
2022-06-29 06:30:00,NA,21.07999,21.91,21.92999,21.85999,NA,NA,NA,NA,NA,NA,NA,NA,NA,2.934147,11.83213,19.30939,24.20668,NA,NA,NA,NA,NA,NA,NA,NA
2022-06-29 06:40:00,NA,21.07999,21.91,21.85001,21.84,NA,NA,NA,NA,NA,NA,NA,NA,NA,2.938287,11.82913,19.32314,24.21144,NA,NA,NA,NA,NA,NA,NA,NA
2022-06-29 06:50:00,NA,21.09,21.88,21.87,21.85999,NA,NA,NA,NA,NA,NA,NA,NA,NA,2.94243,11.82913,19.31397,24.20194,NA,NA,NA,NA,NA,NA,NA,NA
2022-06-29 07:00:00,NA,21.29001,21.85999,21.79001,21.79999,NA,NA,NA,NA,NA,NA,NA,NA,NA,2.934147,11.82913,19.32773,24.21618,NA,NA,NA,NA,NA,NA,NA,NA
2022-06-29 07:10:00,NA,21.29001,21.88,21.73999,21.78,NA,NA,NA,NA,NA,NA,NA,NA,NA,2.937251,11.82313,19.33231,24.21618,NA,NA,NA,NA,NA,NA,NA,NA
2022-06-29 07:20:00,NA,21.29001,21.78,21.73999,21.76001,NA,NA,NA,NA,NA,NA,NA,NA,NA,2.938287,11.83513,19.32773,24.22094,NA,NA,NA,NA,NA,NA,NA,NA
2022-06-29 07:30:00,NA,21.29001,21.70001,21.73999,21.79999,NA,NA,NA,NA,NA,NA,NA,NA,NA,2.94243,11.84113,19.32773,24.20668,NA,NA,NA,NA,NA,NA,NA,NA
2022-06-29 07:40:00,NA,21.45999,21.75,21.73999,21.79999,NA,NA,NA,NA,NA,NA,NA,NA,NA,2.938287,11.83513,19.32314,24.20668,NA,NA,NA,NA,NA,NA,NA,NA
2022-06-29 07:50:00,NA,21.48001,21.73001,21.73999,21.70999,NA,NA,NA,NA,NA,NA,NA,NA,NA,2.94243,11.83213,19.31856,24.22569,NA,NA,NA,NA,NA,NA,NA,NA
2022-06-29 08:00:00,NA,21.67001,21.70001,21.69,21.73999,NA,NA,NA,NA,NA,NA,NA,NA,NA,2.939322,11.83213,19.32773,24.21618,NA,NA,NA,NA,NA,NA,NA,NA
2022-06-29 08:10:00,NA,21.79999,21.70001,21.70999,21.73001,NA,NA,NA,NA,NA,NA,NA,NA,NA,2.940358,11.82913,19.31856,24.21618,NA,NA,NA,NA,NA,NA,NA,NA
2022-06-29 08:20:00,NA,22.17999,21.70001,21.63,21.66,NA,NA,NA,NA,NA,NA,NA,NA,NA,2.931046,11.82613,19.33231,24.23044,NA,NA,NA,NA,NA,NA,NA,NA
2022-06-29 08:30:00,NA,22.37,21.70001,21.63,21.73999,NA,NA,NA,NA,NA,NA,NA,NA,NA,2.930012,11.82613,19.32773,24.21144,NA,NA,NA,NA,NA,NA,NA,NA
2022-06-29 08:40:00,NA,22.54001,21.70001,21.53,21.63,NA,NA,NA,NA,NA,NA,NA,NA,NA,2.928979,11.82313,19.34148,24.23519,NA,NA,NA,NA,NA,NA,NA,NA
2022-06-29 08:50:00,NA,22.73999,21.70001,21.53,21.63,NA,NA,NA,NA,NA,NA,NA,NA,NA,2.924849,11.82313,19.3369,24.23044,NA,NA,NA,NA,NA,NA,NA,NA
2022-06-29 09:00:00,NA,22.85001,21.67001,21.56,21.62,NA,NA,NA,NA,NA,NA,NA,NA,NA,2.925881,11.82913,19.33231,24.23044,NA,NA,NA,NA,NA,NA,NA,NA
2022-06-29 09:10:00,NA,22.95999,21.70001,21.54999,21.60001,NA,NA,NA,NA,NA,NA,NA,NA,NA,2.928979,11.82013,19.32773,24.23519,NA,NA,NA,NA,NA,NA,NA,NA
2022-06-29 09:20:00,NA,23.23001,21.70001,21.54999,21.60001,NA,NA,NA,NA,NA,NA,NA,NA,NA,2.923817,11.82013,19.32314,24.23044,NA,NA,NA,NA,NA,NA,NA,NA
2022-06-29 09:30:00,NA,23.41,21.70001,21.54999,21.64001,NA,NA,NA,NA,NA,NA,NA,NA,NA,2.921754,11.82013,19.32314,24.22094,NA,NA,NA,NA,NA,NA,NA,NA
2022-06-29 09:40:00,NA,23.60001,21.73001,21.53,21.66,NA,NA,NA,NA,NA,NA,NA,NA,NA,2.917632,11.82013,19.32314,24.21144,NA,NA,NA,NA,NA,NA,NA,NA
2022-06-29 09:50:00,NA,23.63,21.73001,21.53,21.66,NA,NA,NA,NA,NA,NA,NA,NA,NA,2.918663,11.82313,19.31856,24.21144,NA,NA,NA,NA,NA,NA,NA,NA
2022-06-29 10:00:00,NA,23.64999,21.73001,21.53,21.64001,NA,NA,NA,NA,NA,NA,NA,NA,NA,2.920723,11.82313,19.31856,24.21144,NA,NA,NA,NA,NA,NA,NA,NA
2022-06-29 10:10:00,NA,23.81,21.79999,21.53,21.56,NA,NA,NA,NA,NA,NA,NA,NA,NA,2.916602,11.81414,19.31397,24.23044,NA,NA,NA,NA,NA,NA,NA,NA
2022-06-29 10:20:00,NA,24.01999,21.75,21.51001,21.57999,NA,NA,NA,NA,NA,NA,NA,NA,NA,2.915573,11.82313,19.31397,24.22094,NA,NA,NA,NA,NA,NA,NA,NA
2022-06-29 10:30:00,NA,24.37,21.75,21.53,21.57001,NA,NA,NA,NA,NA,NA,NA,NA,NA,2.908372,11.82613,19.30939,24.22094,NA,NA,NA,NA,NA,NA,NA,NA
2022-06-29 10:40:00,NA,24.47,21.91,21.53,21.64001,NA,NA,NA,NA,NA,NA,NA,NA,NA,2.907344,11.80514,19.30482,24.20194,NA,NA,NA,NA,NA,NA,NA,NA
2022-06-29 10:50:00,NA,24.47,21.91,21.53,21.5,NA,NA,NA,NA,NA,NA,NA,NA,NA,2.908372,11.80815,19.30482,24.23519,NA,NA,NA,NA,NA,NA,NA,NA
2022-06-29 11:00:00,NA,24.51999,21.94,21.53,21.59,NA,NA,NA,NA,NA,NA,NA,NA,NA,2.907344,11.80514,19.30023,24.20668,NA,NA,NA,NA,NA,NA,NA,NA
2022-06-29 11:10:00,NA,24.57999,21.94,21.5,21.54001,NA,NA,NA,NA,NA,NA,NA,NA,NA,2.906318,11.80815,19.30939,24.22094,NA,NA,NA,NA,NA,NA,NA,NA
2022-06-29 11:20:00,NA,24.66,21.94,21.51001,21.48999,NA,NA,NA,NA,NA,NA,NA,NA,NA,2.90529,11.81114,19.30482,24.23044,NA,NA,NA,NA,NA,NA,NA,NA
2022-06-29 11:30:00,NA,24.87,21.98999,21.44,21.54001,NA,NA,NA,NA,NA,NA,NA,NA,NA,2.900159,11.80815,19.32314,24.22094,NA,NA,NA,NA,NA,NA,NA,NA
2022-06-29 11:40:00,NA,25.10999,22.07001,21.45001,21.54001,NA,NA,NA,NA,NA,NA,NA,NA,NA,2.897084,11.79916,19.31397,24.22094,NA,NA,NA,NA,NA,NA,NA,NA
2022-06-29 11:50:00,NA,25.51001,22.12,21.45001,21.45999,NA,NA,NA,NA,NA,NA,NA,NA,NA,2.889916,11.79317,19.31397,24.23519,NA,NA,NA,NA,NA,NA,NA,NA
2022-06-29 12:00:00,NA,25.95001,22.14999,21.42999,21.48999,NA,NA,NA,NA,NA,NA,NA,NA,NA,2.88072,11.79317,19.31856,24.22094,NA,NA,NA,NA,NA,NA,NA,NA
2022-06-29 12:10:00,NA,26.29999,22.14999,21.39999,21.44,NA,NA,NA,NA,NA,NA,NA,NA,NA,2.873583,11.79616,19.32773,24.23519,NA,NA,NA,NA,NA,NA,NA,NA
2022-06-29 12:20:00,NA,26.35999,22.14999,21.45001,21.45001,NA,NA,NA,NA,NA,NA,NA,NA,NA,2.875621,11.79916,19.30939,24.23044,NA,NA,NA,NA,NA,NA,NA,NA
2022-06-29 12:30:00,NA,26.56,22.17001,21.48001,21.45999,NA,NA,NA,NA,NA,NA,NA,NA,NA,2.871546,11.80215,19.30482,24.23044,NA,NA,NA,NA,NA,NA,NA,NA
2022-06-29 12:40:00,NA,26.95999,22.32999,21.48001,21.45999,NA,NA,NA,NA,NA,NA,NA,NA,NA,2.864425,11.7812,19.30482,24.22569,NA,NA,NA,NA,NA,NA,NA,NA
2022-06-29 12:50:00,NA,27.32001,22.35999,21.48001,21.48999,NA,NA,NA,NA,NA,NA,NA,NA,NA,2.856303,11.7812,19.30482,24.21618,NA,NA,NA,NA,NA,NA,NA,NA
2022-06-29 13:00:00,NA,27.60999,22.35999,21.45001,21.45999,NA,NA,NA,NA,NA,NA,NA,NA,NA,2.852248,11.79018,19.30939,24.22569,NA,NA,NA,NA,NA,NA,NA,NA
2022-06-29 13:10:00,NA,28.01999,22.44,21.51001,21.42001,NA,NA,NA,NA,NA,NA,NA,NA,NA,2.841118,11.78419,19.29565,24.23519,NA,NA,NA,NA,NA,NA,NA,NA
2022-06-29 13:20:00,NA,28.38,22.57001,21.48001,21.45999,NA,NA,NA,NA,NA,NA,NA,NA,NA,2.831028,11.77223,19.30482,24.22094,NA,NA,NA,NA,NA,NA,NA,NA
2022-06-29 13:30:00,NA,28.54001,22.57001,21.53,21.45999,NA,NA,NA,NA,NA,NA,NA,NA,NA,2.828006,11.7812,19.29107,24.22094,NA,NA,NA,NA,NA,NA,NA,NA
2022-06-29 13:40:00,NA,28.63998,22.59,21.53,21.45999,NA,NA,NA,NA,NA,NA,NA,NA,NA,2.825993,11.78419,19.29107,24.22094,NA,NA,NA,NA,NA,NA,NA,NA
2022-06-29 13:50:00,NA,28.73999,22.75,21.51001,21.44,NA,NA,NA,NA,NA,NA,NA,NA,NA,2.82197,11.77223,19.29565,24.22569,NA,NA,NA,NA,NA,NA,NA,NA
2022-06-29 14:00:00,NA,28.82999,22.78,21.53,21.45999,NA,NA,NA,NA,NA,NA,NA,NA,NA,2.81996,11.77522,19.29565,24.22094,NA,NA,NA,NA,NA,NA,NA,NA
2022-06-29 14:10:00,NA,29.01999,22.82999,21.53,21.45999,NA,NA,NA,NA,NA,NA,NA,NA,NA,2.810926,11.77522,19.29565,24.22094,NA,NA,NA,NA,NA,NA,NA,NA
2022-06-29 14:20:00,NA,29.01999,22.98999,21.51001,21.39999,NA,NA,NA,NA,NA,NA,NA,NA,NA,2.80792,11.76028,19.30482,24.23044,NA,NA,NA,NA,NA,NA,NA,NA
2022-06-29 14:30:00,NA,28.82999,23.01999,21.53,21.41,NA,NA,NA,NA,NA,NA,NA,NA,NA,2.810926,11.76625,19.30023,24.22569,NA,NA,NA,NA,NA,NA,NA,NA
2022-06-29 14:40:00,NA,28.62,23.12,21.53,21.42001,NA,NA,NA,NA,NA,NA,NA,NA,NA,2.811929,11.76028,19.30482,24.22094,NA,NA,NA,NA,NA,NA,NA,NA
2022-06-29 14:50:00,NA,28.38,23.20001,21.53,21.45999,NA,NA,NA,NA,NA,NA,NA,NA,NA,2.813935,11.75729,19.30482,24.21144,NA,NA,NA,NA,NA,NA,NA,NA
2022-06-29 15:00:00,NA,28.35001,23.23001,21.53,21.44,NA,NA,NA,NA,NA,NA,NA,NA,NA,2.80792,11.76327,19.30939,24.21618,NA,NA,NA,NA,NA,NA,NA,NA
2022-06-29 15:10:00,NA,28.17001,23.41,21.56,21.45999,NA,NA,NA,NA,NA,NA,NA,NA,NA,2.809924,11.74236,19.30939,24.21144,NA,NA,NA,NA,NA,NA,NA,NA
2022-06-29 15:20:00,NA,28,23.37,21.73999,21.44,NA,NA,NA,NA,NA,NA,NA,NA,NA,2.810926,11.75431,19.26819,24.21618,NA,NA,NA,NA,NA,NA,NA,NA
2022-06-29 15:30:00,NA,27.87,23.44,21.69,21.44,NA,NA,NA,NA,NA,NA,NA,NA,NA,2.809924,11.74833,19.28649,24.21618,NA,NA,NA,NA,NA,NA,NA,NA
2022-06-29 15:40:00,NA,27.72,23.44,21.73999,21.42001,NA,NA,NA,NA,NA,NA,NA,NA,NA,2.813935,11.75132,19.27734,24.22094,NA,NA,NA,NA,NA,NA,NA,NA
2022-06-29 15:50:00,NA,27.81,23.45999,21.66,21.45999,NA,NA,NA,NA,NA,NA,NA,NA,NA,2.804916,11.75431,19.29565,24.21144,NA,NA,NA,NA,NA,NA,NA,NA
2022-06-29 16:00:00,NA,27.72,23.51999,21.73999,21.39999,NA,NA,NA,NA,NA,NA,NA,NA,NA,2.805917,11.74833,19.28192,24.23044,NA,NA,NA,NA,NA,NA,NA,NA
2022-06-29 16:10:00,NA,27.69,23.63,21.73999,21.45999,NA,NA,NA,NA,NA,NA,NA,NA,NA,2.801915,11.73341,19.28649,24.21618,NA,NA,NA,NA,NA,NA,NA,NA
2022-06-29 16:20:00,NA,27.51001,23.62,21.73999,21.45999,NA,NA,NA,NA,NA,NA,NA,NA,NA,2.804916,11.73938,19.29107,24.21618,NA,NA,NA,NA,NA,NA,NA,NA
2022-06-29 16:30:00,NA,27.51001,23.62,21.76001,21.45999,NA,NA,NA,NA,NA,NA,NA,NA,NA,2.799916,11.73938,19.28649,24.21618,NA,NA,NA,NA,NA,NA,NA,NA
2022-06-29 16:40:00,NA,27.37,23.63,21.73999,21.44,NA,NA,NA,NA,NA,NA,NA,NA,NA,2.801915,11.73938,19.29565,24.22094,NA,NA,NA,NA,NA,NA,NA,NA
2022-06-29 16:50:00,NA,27.32001,23.57999,21.85001,21.42001,NA,NA,NA,NA,NA,NA,NA,NA,NA,2.800915,11.74833,19.27734,24.22569,NA,NA,NA,NA,NA,NA,NA,NA
2022-06-29 17:00:00,NA,27.29999,23.64999,21.82001,21.44,NA,NA,NA,NA,NA,NA,NA,NA,NA,2.799916,11.73938,19.28649,24.22569,NA,NA,NA,NA,NA,NA,NA,NA
2022-06-29 17:10:00,NA,27.34,23.64999,21.92999,21.45001,NA,NA,NA,NA,NA,NA,NA,NA,NA,2.796918,11.73938,19.26361,24.22094,NA,NA,NA,NA,NA,NA,NA,NA
2022-06-29 17:20:00,NA,27.34,23.64999,21.95001,21.45999,NA,NA,NA,NA,NA,NA,NA,NA,NA,2.792924,11.73938,19.26361,24.22094,NA,NA,NA,NA,NA,NA,NA,NA
2022-06-29 17:30:00,NA,27.31,23.64999,21.97,21.45001,NA,NA,NA,NA,NA,NA,NA,NA,NA,2.788935,11.74236,19.25904,24.22094,NA,NA,NA,NA,NA,NA,NA,NA
2022-06-29 17:40:00,NA,27.13,23.67001,21.97,21.48999,NA,NA,NA,NA,NA,NA,NA,NA,NA,2.792924,11.73938,19.26361,24.21144,NA,NA,NA,NA,NA,NA,NA,NA
2022-06-29 17:50:00,NA,27.01001,23.64999,21.95001,21.45999,NA,NA,NA,NA,NA,NA,NA,NA,NA,2.79492,11.74236,19.27277,24.22094,NA,NA,NA,NA,NA,NA,NA,NA
2022-06-29 18:00:00,NA,26.98001,23.67999,21.95001,21.48999,NA,NA,NA,NA,NA,NA,NA,NA,NA,2.79492,11.73938,19.27277,24.21618,NA,NA,NA,NA,NA,NA,NA,NA
2022-06-29 18:10:00,NA,27.17001,23.67001,21.95001,21.51001,NA,NA,NA,NA,NA,NA,NA,NA,NA,2.785946,11.7364,19.27277,24.21144,NA,NA,NA,NA,NA,NA,NA,NA
2022-06-29 18:20:00,NA,27.14999,23.78,21.95001,21.51001,NA,NA,NA,NA,NA,NA,NA,NA,NA,2.785946,11.72149,19.27734,24.21144,NA,NA,NA,NA,NA,NA,NA,NA
2022-06-29 18:30:00,NA,27.14999,23.70001,21.95001,21.59,NA,NA,NA,NA,NA,NA,NA,NA,NA,2.781964,11.7364,19.27734,24.19718,NA,NA,NA,NA,NA,NA,NA,NA
2022-06-29 18:40:00,NA,27.04001,23.78,22.03,21.59,NA,NA,NA,NA,NA,NA,NA,NA,NA,2.781964,11.72149,19.26361,24.19243,NA,NA,NA,NA,NA,NA,NA,NA
2022-06-29 18:50:00,NA,26.95001,23.73001,22,21.62,NA,NA,NA,NA,NA,NA,NA,NA,NA,2.778981,11.72745,19.26819,24.19243,NA,NA,NA,NA,NA,NA,NA,NA
2022-06-29 19:00:00,NA,26.62,23.64999,22.06,21.57001,NA,NA,NA,NA,NA,NA,NA,NA,NA,2.785946,11.73938,19.26361,24.20194,NA,NA,NA,NA,NA,NA,NA,NA
2022-06-29 19:10:00,NA,26.44,23.78,22.13,21.66,NA,NA,NA,NA,NA,NA,NA,NA,NA,2.785946,11.72149,19.24533,24.18294,NA,NA,NA,NA,NA,NA,NA,NA
2022-06-29 19:20:00,NA,26.26999,23.73001,22.16,21.64001,NA,NA,NA,NA,NA,NA,NA,NA,NA,2.785946,11.72447,19.24533,24.18768,NA,NA,NA,NA,NA,NA,NA,NA
2022-06-29 19:30:00,NA,25.95999,23.70001,22.13,21.64001,NA,NA,NA,NA,NA,NA,NA,NA,NA,2.791926,11.73043,19.2499,24.18768,NA,NA,NA,NA,NA,NA,NA,NA
2022-06-29 19:40:00,NA,25.66,23.70001,22.16,21.62,NA,NA,NA,NA,NA,NA,NA,NA,NA,2.797917,11.72745,19.24533,24.19718,NA,NA,NA,NA,NA,NA,NA,NA
2022-06-29 19:50:00,NA,25.5,23.70001,22.16,21.64001,NA,NA,NA,NA,NA,NA,NA,NA,NA,2.797917,11.72745,19.2499,24.19243,NA,NA,NA,NA,NA,NA,NA,NA
2022-06-29 20:00:00,NA,25.28,23.64999,22.16,21.66,NA,NA,NA,NA,NA,NA,NA,NA,NA,2.800915,11.73043,19.2499,24.18768,NA,NA,NA,NA,NA,NA,NA,NA
2022-06-29 20:10:00,NA,25.09,23.67001,22.16,21.66,NA,NA,NA,NA,NA,NA,NA,NA,NA,2.801915,11.72745,19.2499,24.18768,NA,NA,NA,NA,NA,NA,NA,NA
2022-06-29 20:20:00,NA,24.89001,23.64999,22.16,21.64001,NA,NA,NA,NA,NA,NA,NA,NA,NA,2.803915,11.72745,19.25446,24.19243,NA,NA,NA,NA,NA,NA,NA,NA
2022-06-29 20:30:00,NA,24.67999,23.64999,22.16,21.64001,NA,NA,NA,NA,NA,NA,NA,NA,NA,2.806919,11.72447,19.25446,24.19718,NA,NA,NA,NA,NA,NA,NA,NA
2022-06-29 20:40:00,NA,24.48001,23.64999,22.16,21.57999,NA,NA,NA,NA,NA,NA,NA,NA,NA,2.808922,11.72149,19.25446,24.21144,NA,NA,NA,NA,NA,NA,NA,NA
2022-06-29 20:50:00,NA,24.32001,23.62,22.19,21.62,NA,NA,NA,NA,NA,NA,NA,NA,NA,2.808922,11.72447,19.2499,24.20194,NA,NA,NA,NA,NA,NA,NA,NA
2022-06-29 21:00:00,NA,24.19,23.64999,22.19,21.66,NA,NA,NA,NA,NA,NA,NA,NA,NA,2.809924,11.71256,19.2499,24.19243,NA,NA,NA,NA,NA,NA,NA,NA
2022-06-29 21:10:00,NA,23.95999,23.45001,22.16,21.56,NA,NA,NA,NA,NA,NA,NA,NA,NA,2.814938,11.73938,19.26361,24.21618,NA,NA,NA,NA,NA,NA,NA,NA
2022-06-29 21:20:00,NA,23.81,23.44,22.19,21.64001,NA,NA,NA,NA,NA,NA,NA,NA,NA,2.816947,11.7364,19.2499,24.20194,NA,NA,NA,NA,NA,NA,NA,NA
2022-06-29 21:30:00,NA,23.63,23.44,22.16,21.63,NA,NA,NA,NA,NA,NA,NA,NA,NA,2.82197,11.73043,19.25904,24.20668,NA,NA,NA,NA,NA,NA,NA,NA
2022-06-29 21:40:00,NA,23.57999,23.41,22.16,21.64001,NA,NA,NA,NA,NA,NA,NA,NA,NA,2.81996,11.73043,19.25904,24.20194,NA,NA,NA,NA,NA,NA,NA,NA
2022-06-29 21:50:00,NA,23.39001,23.41,22.16,21.69,NA,NA,NA,NA,NA,NA,NA,NA,NA,2.823981,11.72447,19.25446,24.19243,NA,NA,NA,NA,NA,NA,NA,NA
2022-06-29 22:00:00,NA,23.31,23.38,22.16,21.73999,NA,NA,NA,NA,NA,NA,NA,NA,NA,2.822975,11.72149,19.25446,24.1782,NA,NA,NA,NA,NA,NA,NA,NA
2022-06-29 22:10:00,NA,23.17999,23.25,22.19,21.69,NA,NA,NA,NA,NA,NA,NA,NA,NA,2.824987,11.7364,19.24533,24.19718,NA,NA,NA,NA,NA,NA,NA,NA
2022-06-29 22:20:00,NA,22.95001,23.23001,22.16,21.70999,NA,NA,NA,NA,NA,NA,NA,NA,NA,2.833044,11.73341,19.25446,24.19243,NA,NA,NA,NA,NA,NA,NA,NA
2022-06-29 22:30:00,NA,22.95999,23.20001,22.16,21.66,NA,NA,NA,NA,NA,NA,NA,NA,NA,2.831028,11.73341,19.25446,24.20194,NA,NA,NA,NA,NA,NA,NA,NA
2022-06-29 22:40:00,NA,22.89001,23.17001,22.16,21.66,NA,NA,NA,NA,NA,NA,NA,NA,NA,2.832036,11.73043,19.25446,24.20194,NA,NA,NA,NA,NA,NA,NA,NA
2022-06-29 22:50:00,NA,22.75,23.12,22.16,21.69,NA,NA,NA,NA,NA,NA,NA,NA,NA,2.838088,11.73341,19.2499,24.19718,NA,NA,NA,NA,NA,NA,NA,NA
2022-06-29 23:00:00,NA,22.70999,23,22.16,21.70999,NA,NA,NA,NA,NA,NA,NA,NA,NA,2.838088,11.74535,19.2499,24.19243,NA,NA,NA,NA,NA,NA,NA,NA
2022-06-29 23:10:00,NA,22.54001,22.97,22.17999,21.76001,NA,NA,NA,NA,NA,NA,NA,NA,NA,2.842129,11.74535,19.24533,24.1782,NA,NA,NA,NA,NA,NA,NA,NA
2022-06-29 23:20:00,NA,22.51999,22.98999,22.16,21.69,NA,NA,NA,NA,NA,NA,NA,NA,NA,2.841118,11.7364,19.24533,24.19718,NA,NA,NA,NA,NA,NA,NA,NA
2022-06-29 23:30:00,NA,22.38,22.98999,22.16,21.81,NA,NA,NA,NA,NA,NA,NA,NA,NA,2.845162,11.73043,19.24533,24.17344,NA,NA,NA,NA,NA,NA,NA,NA
2022-06-29 23:40:00,NA,22.32999,22.88,22.14999,21.69,NA,NA,NA,NA,NA,NA,NA,NA,NA,2.845162,11.74236,19.24533,24.20194,NA,NA,NA,NA,NA,NA,NA,NA
2022-06-29 23:50:00,NA,22.17001,22.85999,22.10999,21.73999,NA,NA,NA,NA,NA,NA,NA,NA,NA,2.84921,11.73938,19.2499,24.18294,NA,NA,NA,NA,NA,NA,NA,NA
2022-06-30 00:00:00,NA,22.09,22.78,22.07999,21.73999,NA,NA,NA,NA,NA,NA,NA,NA,NA,2.851235,11.74535,19.25446,24.18294,NA,NA,NA,NA,NA,NA,NA,NA
2022-06-30 00:10:00,NA,21.92999,22.78,22.03,21.79001,NA,NA,NA,NA,NA,NA,NA,NA,NA,2.857317,11.7364,19.26361,24.17344,NA,NA,NA,NA,NA,NA,NA,NA
2022-06-30 00:20:00,NA,21.89999,22.78,22.03,21.79001,NA,NA,NA,NA,NA,NA,NA,NA,NA,2.857317,11.73043,19.26361,24.1782,NA,NA,NA,NA,NA,NA,NA,NA
2022-06-30 00:30:00,NA,21.85001,22.67001,22.03,21.76001,NA,NA,NA,NA,NA,NA,NA,NA,NA,2.857317,11.74535,19.25904,24.1782,NA,NA,NA,NA,NA,NA,NA,NA
2022-06-30 00:40:00,NA,21.70001,22.59,22,21.76001,NA,NA,NA,NA,NA,NA,NA,NA,NA,2.861377,11.75132,19.25904,24.1782,NA,NA,NA,NA,NA,NA,NA,NA
2022-06-30 00:50:00,NA,21.63,22.57001,21.98001,21.76001,NA,NA,NA,NA,NA,NA,NA,NA,NA,2.863409,11.74833,19.26361,24.1782,NA,NA,NA,NA,NA,NA,NA,NA
2022-06-30 01:00:00,NA,21.53,22.57001,21.98001,21.67001,NA,NA,NA,NA,NA,NA,NA,NA,NA,2.864425,11.74236,19.25904,24.20194,NA,NA,NA,NA,NA,NA,NA,NA
2022-06-30 01:10:00,NA,21.39999,22.54001,21.98001,21.76001,NA,NA,NA,NA,NA,NA,NA,NA,NA,2.868493,11.73938,19.25904,24.1782,NA,NA,NA,NA,NA,NA,NA,NA
2022-06-30 01:20:00,NA,21.31,22.38,21.95001,21.69,NA,NA,NA,NA,NA,NA,NA,NA,NA,2.86951,11.75729,19.26361,24.19718,NA,NA,NA,NA,NA,NA,NA,NA
2022-06-30 01:30:00,NA,21.14001,22.38,21.95001,21.70999,NA,NA,NA,NA,NA,NA,NA,NA,NA,2.874602,11.75132,19.25904,24.18768,NA,NA,NA,NA,NA,NA,NA,NA
2022-06-30 01:40:00,NA,21.10001,22.35999,21.95001,21.67001,NA,NA,NA,NA,NA,NA,NA,NA,NA,2.874602,11.74833,19.25904,24.19718,NA,NA,NA,NA,NA,NA,NA,NA
2022-06-30 01:50:00,NA,20.91,22.35999,21.95001,21.70001,NA,NA,NA,NA,NA,NA,NA,NA,NA,2.881741,11.74236,19.25446,24.18768,NA,NA,NA,NA,NA,NA,NA,NA
2022-06-30 02:00:00,NA,20.79999,22.32999,21.95001,21.69,NA,NA,NA,NA,NA,NA,NA,NA,NA,2.883783,11.74236,19.2499,24.19243,NA,NA,NA,NA,NA,NA,NA,NA
2022-06-30 02:10:00,NA,20.69,22.23001,21.95001,21.69,NA,NA,NA,NA,NA,NA,NA,NA,NA,2.884805,11.74833,19.24533,24.19243,NA,NA,NA,NA,NA,NA,NA,NA
2022-06-30 02:20:00,NA,20.66,22.20001,21.95001,21.60999,NA,NA,NA,NA,NA,NA,NA,NA,NA,2.884805,11.75132,19.24533,24.20668,NA,NA,NA,NA,NA,NA,NA,NA
2022-06-30 02:30:00,NA,20.60999,22.14999,21.87,21.64999,NA,NA,NA,NA,NA,NA,NA,NA,NA,2.885826,11.74833,19.25904,24.19718,NA,NA,NA,NA,NA,NA,NA,NA
2022-06-30 02:40:00,NA,20.48999,22.14999,21.95001,21.66,NA,NA,NA,NA,NA,NA,NA,NA,NA,2.889916,11.74236,19.23619,24.19243,NA,NA,NA,NA,NA,NA,NA,NA
2022-06-30 02:50:00,NA,20.39999,22.12,21.89999,21.66,NA,NA,NA,NA,NA,NA,NA,NA,NA,2.89401,11.74236,19.24076,24.19243,NA,NA,NA,NA,NA,NA,NA,NA
2022-06-30 03:00:00,NA,20.28,22.01999,21.76999,21.64001,NA,NA,NA,NA,NA,NA,NA,NA,NA,2.897084,11.75431,19.27277,24.19718,NA,NA,NA,NA,NA,NA,NA,NA
2022-06-30 03:10:00,NA,20.26001,21.94,21.76999,21.64001,NA,NA,NA,NA,NA,NA,NA,NA,NA,2.896059,11.75729,19.26819,24.19243,NA,NA,NA,NA,NA,NA,NA,NA
2022-06-30 03:20:00,NA,20.17999,21.94,21.76001,21.66,NA,NA,NA,NA,NA,NA,NA,NA,NA,2.899133,11.75132,19.26361,24.18768,NA,NA,NA,NA,NA,NA,NA,NA
2022-06-30 03:30:00,NA,20.09,21.91,21.73999,21.64001,NA,NA,NA,NA,NA,NA,NA,NA,NA,2.903237,11.74833,19.26361,24.18768,NA,NA,NA,NA,NA,NA,NA,NA
2022-06-30 03:40:00,NA,20.04001,21.88,21.73999,21.66,NA,NA,NA,NA,NA,NA,NA,NA,NA,2.90529,11.74535,19.25904,24.18294,NA,NA,NA,NA,NA,NA,NA,NA
2022-06-30 03:50:00,NA,20.01999,21.73001,21.73999,21.66,NA,NA,NA,NA,NA,NA,NA,NA,NA,2.907344,11.76625,19.25446,24.18294,NA,NA,NA,NA,NA,NA,NA,NA
2022-06-30 04:00:00,NA,20.09,21.73001,21.73999,21.66,NA,NA,NA,NA,NA,NA,NA,NA,NA,2.90529,11.76028,19.2499,24.1782,NA,NA,NA,NA,NA,NA,NA,NA
2022-06-30 04:10:00,NA,20.10999,21.70001,21.69,21.57999,NA,NA,NA,NA,NA,NA,NA,NA,NA,2.906318,11.75729,19.25904,24.19718,NA,NA,NA,NA,NA,NA,NA,NA
2022-06-30 04:20:00,NA,20.13,21.70001,21.69,21.66,NA,NA,NA,NA,NA,NA,NA,NA,NA,2.907344,11.75132,19.25904,24.1782,NA,NA,NA,NA,NA,NA,NA,NA
2022-06-30 04:30:00,NA,20.04999,21.54001,21.57999,21.66,NA,NA,NA,NA,NA,NA,NA,NA,NA,2.914543,11.76924,19.27277,24.1782,NA,NA,NA,NA,NA,NA,NA,NA
2022-06-30 04:40:00,NA,20.10999,21.51999,21.57999,21.66,NA,NA,NA,NA,NA,NA,NA,NA,NA,2.913514,11.76625,19.27277,24.17344,NA,NA,NA,NA,NA,NA,NA,NA
2022-06-30 04:50:00,NA,20.14001,21.51999,21.53,21.60999,NA,NA,NA,NA,NA,NA,NA,NA,NA,2.914543,11.76028,19.27734,24.18768,NA,NA,NA,NA,NA,NA,NA,NA
2022-06-30 05:00:00,NA,20.29999,21.48999,21.53,21.64001,NA,NA,NA,NA,NA,NA,NA,NA,NA,2.910428,11.76028,19.27277,24.1782,NA,NA,NA,NA,NA,NA,NA,NA
2022-06-30 05:10:00,NA,20.34,21.48999,21.53,21.66,NA,NA,NA,NA,NA,NA,NA,NA,NA,2.910428,11.75431,19.26819,24.1687,NA,NA,NA,NA,NA,NA,NA,NA
2022-06-30 05:20:00,NA,20.29999,21.45999,21.54999,21.64001,NA,NA,NA,NA,NA,NA,NA,NA,NA,2.915573,11.75729,19.25904,24.17344,NA,NA,NA,NA,NA,NA,NA,NA
2022-06-30 05:30:00,NA,20.29001,21.35999,21.53,21.60999,NA,NA,NA,NA,NA,NA,NA,NA,NA,2.919693,11.76625,19.25904,24.1782,NA,NA,NA,NA,NA,NA,NA,NA
2022-06-30 05:40:00,NA,20.41,21.28,21.53,21.64001,NA,NA,NA,NA,NA,NA,NA,NA,NA,2.916602,11.77522,19.25446,24.1687,NA,NA,NA,NA,NA,NA,NA,NA
2022-06-30 05:50:00,NA,20.51001,21.29999,21.53,21.54999,NA,NA,NA,NA,NA,NA,NA,NA,NA,2.914543,11.76924,19.2499,24.18294,NA,NA,NA,NA,NA,NA,NA,NA
2022-06-30 06:00:00,NA,20.47,21.28,21.53,21.57001,NA,NA,NA,NA,NA,NA,NA,NA,NA,2.920723,11.76924,19.24533,24.1782,NA,NA,NA,NA,NA,NA,NA,NA
2022-06-30 06:10:00,NA,20.67999,21.28,21.48001,21.54999,NA,NA,NA,NA,NA,NA,NA,NA,NA,2.914543,11.76327,19.25446,24.18294,NA,NA,NA,NA,NA,NA,NA,NA
2022-06-30 06:20:00,NA,20.67999,21.28,21.45001,21.51001,NA,NA,NA,NA,NA,NA,NA,NA,NA,2.917632,11.76028,19.25446,24.19243,NA,NA,NA,NA,NA,NA,NA,NA
2022-06-30 06:30:00,NA,20.70001,21.28,21.38,21.45001,NA,NA,NA,NA,NA,NA,NA,NA,NA,2.920723,11.75729,19.26819,24.20194,NA,NA,NA,NA,NA,NA,NA,NA
2022-06-30 06:40:00,NA,20.78,21.28,21.32001,21.45999,NA,NA,NA,NA,NA,NA,NA,NA,NA,2.919693,11.75729,19.27734,24.19718,NA,NA,NA,NA,NA,NA,NA,NA
2022-06-30 06:50:00,NA,20.87,21.28,21.32001,21.44,NA,NA,NA,NA,NA,NA,NA,NA,NA,2.918663,11.75132,19.27277,24.20194,NA,NA,NA,NA,NA,NA,NA,NA
2022-06-30 07:00:00,NA,20.85001,21.28,21.32001,21.44,NA,NA,NA,NA,NA,NA,NA,NA,NA,2.923817,11.74833,19.27277,24.20194,NA,NA,NA,NA,NA,NA,NA,NA
2022-06-30 07:10:00,NA,20.95001,21.25,21.32001,21.45999,NA,NA,NA,NA,NA,NA,NA,NA,NA,2.923817,11.75132,19.26819,24.19243,NA,NA,NA,NA,NA,NA,NA,NA
2022-06-30 07:20:00,NA,21.19,21.23001,21.29999,21.45999,NA,NA,NA,NA,NA,NA,NA,NA,NA,2.915573,11.75132,19.26819,24.18768,NA,NA,NA,NA,NA,NA,NA,NA
2022-06-30 07:30:00,NA,21.14999,21.20001,21.29999,21.45999,NA,NA,NA,NA,NA,NA,NA,NA,NA,2.921754,11.75132,19.26361,24.18768,NA,NA,NA,NA,NA,NA,NA,NA
2022-06-30 07:40:00,NA,21.17999,21.20001,21.31,21.44,NA,NA,NA,NA,NA,NA,NA,NA,NA,2.923817,11.74833,19.25446,24.19243,NA,NA,NA,NA,NA,NA,NA,NA
2022-06-30 07:50:00,NA,21.39999,21.14999,21.23999,21.44,NA,NA,NA,NA,NA,NA,NA,NA,NA,2.920723,11.75431,19.27277,24.18768,NA,NA,NA,NA,NA,NA,NA,NA
2022-06-30 08:00:00,NA,21.53,21.14999,21.14001,21.39001,NA,NA,NA,NA,NA,NA,NA,NA,NA,2.922786,11.75132,19.28649,24.19718,NA,NA,NA,NA,NA,NA,NA,NA
2022-06-30 08:10:00,NA,21.85001,21.23001,21.19,21.44,NA,NA,NA,NA,NA,NA,NA,NA,NA,2.916602,11.73938,19.27277,24.18768,NA,NA,NA,NA,NA,NA,NA,NA
2022-06-30 08:20:00,NA,22.14001,21.12,21.10999,21.41,NA,NA,NA,NA,NA,NA,NA,NA,NA,2.913514,11.75132,19.28649,24.18768,NA,NA,NA,NA,NA,NA,NA,NA
2022-06-30 08:30:00,NA,22.47,21.17001,21.10999,21.37,NA,NA,NA,NA,NA,NA,NA,NA,NA,2.910428,11.74236,19.28192,24.19718,NA,NA,NA,NA,NA,NA,NA,NA
2022-06-30 08:40:00,NA,22.79999,21.12,21.13,21.41,NA,NA,NA,NA,NA,NA,NA,NA,NA,2.906318,11.74833,19.27277,24.18294,NA,NA,NA,NA,NA,NA,NA,NA
2022-06-30 08:50:00,NA,23.16,21.20001,21.14999,21.34,NA,NA,NA,NA,NA,NA,NA,NA,NA,2.898108,11.7364,19.26819,24.20194,NA,NA,NA,NA,NA,NA,NA,NA
2022-06-30 09:00:00,NA,23.39001,21.25,21.10999,21.29001,NA,NA,NA,NA,NA,NA,NA,NA,NA,2.897084,11.72745,19.27277,24.20668,NA,NA,NA,NA,NA,NA,NA,NA
2022-06-30 09:10:00,NA,23.63,21.25,21.10999,21.29001,NA,NA,NA,NA,NA,NA,NA,NA,NA,2.897084,11.72745,19.26819,24.20668,NA,NA,NA,NA,NA,NA,NA,NA
2022-06-30 09:20:00,NA,24.01999,21.28,21.13,21.29001,NA,NA,NA,NA,NA,NA,NA,NA,NA,2.890939,11.72447,19.25904,24.20668,NA,NA,NA,NA,NA,NA,NA,NA
2022-06-30 09:30:00,NA,24.47,21.28,21.09,21.26001,NA,NA,NA,NA,NA,NA,NA,NA,NA,2.882762,11.72745,19.26819,24.21618,NA,NA,NA,NA,NA,NA,NA,NA
2022-06-30 09:40:00,NA,25.07999,21.28,21.09,21.23999,NA,NA,NA,NA,NA,NA,NA,NA,NA,2.86951,11.73043,19.26361,24.21618,NA,NA,NA,NA,NA,NA,NA,NA
2022-06-30 09:50:00,NA,25.48001,21.28,21.10999,21.29001,NA,NA,NA,NA,NA,NA,NA,NA,NA,2.863409,11.73341,19.25446,24.19718,NA,NA,NA,NA,NA,NA,NA,NA
2022-06-30 10:00:00,NA,25.72,21.41,21.09,21.22,NA,NA,NA,NA,NA,NA,NA,NA,NA,2.859347,11.71553,19.25904,24.21618,NA,NA,NA,NA,NA,NA,NA,NA
2022-06-30 10:10:00,NA,25.91,21.48999,21.09,21.23999,NA,NA,NA,NA,NA,NA,NA,NA,NA,2.858332,11.70957,19.25904,24.20668,NA,NA,NA,NA,NA,NA,NA,NA
2022-06-30 10:20:00,NA,26.10001,21.48999,21.06,21.23999,NA,NA,NA,NA,NA,NA,NA,NA,NA,2.853261,11.71851,19.25904,24.20668,NA,NA,NA,NA,NA,NA,NA,NA
2022-06-30 10:30:00,NA,26.26999,21.54001,21.09,21.26001,NA,NA,NA,NA,NA,NA,NA,NA,NA,2.84921,11.71851,19.25446,24.19718,NA,NA,NA,NA,NA,NA,NA,NA
2022-06-30 10:40:00,NA,26.25,21.64999,21.09,21.23999,NA,NA,NA,NA,NA,NA,NA,NA,NA,2.851235,11.70957,19.25446,24.20194,NA,NA,NA,NA,NA,NA,NA,NA
2022-06-30 10:50:00,NA,26.29001,21.70001,21.06,21.23999,NA,NA,NA,NA,NA,NA,NA,NA,NA,2.847186,11.7066,19.25904,24.19718,NA,NA,NA,NA,NA,NA,NA,NA
2022-06-30 11:00:00,NA,26.35999,21.73001,21.07999,21.23999,NA,NA,NA,NA,NA,NA,NA,NA,NA,2.844151,11.70957,19.2499,24.19718,NA,NA,NA,NA,NA,NA,NA,NA
2022-06-30 11:10:00,NA,26.44,21.75,21.09,21.20001,NA,NA,NA,NA,NA,NA,NA,NA,NA,2.846173,11.71553,19.2499,24.20194,NA,NA,NA,NA,NA,NA,NA,NA
2022-06-30 11:20:00,NA,26.84,21.88,21.10999,21.23999,NA,NA,NA,NA,NA,NA,NA,NA,NA,2.837079,11.70064,19.2499,24.19243,NA,NA,NA,NA,NA,NA,NA,NA
2022-06-30 11:30:00,NA,27.10001,21.91,21.09,21.20999,NA,NA,NA,NA,NA,NA,NA,NA,NA,2.830021,11.70362,19.2499,24.19718,NA,NA,NA,NA,NA,NA,NA,NA
2022-06-30 11:40:00,NA,27.53,21.98999,21.10999,21.20999,NA,NA,NA,NA,NA,NA,NA,NA,NA,2.820964,11.69767,19.2499,24.19718,NA,NA,NA,NA,NA,NA,NA,NA
2022-06-30 11:50:00,NA,27.73999,22.12,21.10999,21.20001,NA,NA,NA,NA,NA,NA,NA,NA,NA,2.815942,11.68874,19.24533,24.19243,NA,NA,NA,NA,NA,NA,NA,NA
2022-06-30 12:00:00,NA,27.81,22.14999,21.13,21.20999,NA,NA,NA,NA,NA,NA,NA,NA,NA,2.814938,11.68577,19.24533,24.19243,NA,NA,NA,NA,NA,NA,NA,NA
2022-06-30 12:10:00,NA,28.25,22.17001,21.09,21.20999,NA,NA,NA,NA,NA,NA,NA,NA,NA,2.804916,11.68874,19.25446,24.19243,NA,NA,NA,NA,NA,NA,NA,NA
2022-06-30 12:20:00,NA,28.85001,22.29999,21.10999,21.16,NA,NA,NA,NA,NA,NA,NA,NA,NA,2.793922,11.67686,19.2499,24.20194,NA,NA,NA,NA,NA,NA,NA,NA
2022-06-30 12:30:00,NA,29.53,22.35999,21.09,21.19,NA,NA,NA,NA,NA,NA,NA,NA,NA,2.775006,11.67686,19.25446,24.19718,NA,NA,NA,NA,NA,NA,NA,NA
2022-06-30 12:40:00,NA,29.64999,22.35999,21.14001,21.17999,NA,NA,NA,NA,NA,NA,NA,NA,NA,2.774013,11.68577,19.24533,24.19243,NA,NA,NA,NA,NA,NA,NA,NA
2022-06-30 12:50:00,NA,29.67999,22.57001,21.13,21.20999,NA,NA,NA,NA,NA,NA,NA,NA,NA,2.767069,11.66794,19.2499,24.18768,NA,NA,NA,NA,NA,NA,NA,NA
2022-06-30 13:00:00,NA,29.47,22.57001,21.13,21.20999,NA,NA,NA,NA,NA,NA,NA,NA,NA,2.770044,11.67686,19.25446,24.18768,NA,NA,NA,NA,NA,NA,NA,NA
2022-06-30 13:10:00,NA,29.25,22.70001,21.14001,21.20999,NA,NA,NA,NA,NA,NA,NA,NA,NA,2.77302,11.66794,19.2499,24.18768,NA,NA,NA,NA,NA,NA,NA,NA
2022-06-30 13:20:00,NA,29.25,22.78,21.19,21.19,NA,NA,NA,NA,NA,NA,NA,NA,NA,2.775006,11.66497,19.24533,24.19243,NA,NA,NA,NA,NA,NA,NA,NA
2022-06-30 13:30:00,NA,29.85999,22.98999,21.26999,21.19,NA,NA,NA,NA,NA,NA,NA,NA,NA,2.754207,11.6442,19.23162,24.19243,NA,NA,NA,NA,NA,NA,NA,NA
2022-06-30 13:40:00,NA,30.10001,22.98999,21.29001,21.20999,NA,NA,NA,NA,NA,NA,NA,NA,NA,2.744343,11.6531,19.22705,24.18768,NA,NA,NA,NA,NA,NA,NA,NA
2022-06-30 13:50:00,NA,30.13,23.04001,21.32001,21.17999,NA,NA,NA,NA,NA,NA,NA,NA,NA,2.742374,11.65606,19.22705,24.19243,NA,NA,NA,NA,NA,NA,NA,NA
2022-06-30 14:00:00,NA,30.13,23.07001,21.34,21.23999,NA,NA,NA,NA,NA,NA,NA,NA,NA,2.737454,11.65606,19.22705,24.18294,NA,NA,NA,NA,NA,NA,NA,NA
2022-06-30 14:10:00,NA,30.04999,23.20001,21.32001,21.19,NA,NA,NA,NA,NA,NA,NA,NA,NA,2.734505,11.65013,19.23619,24.19243,NA,NA,NA,NA,NA,NA,NA,NA
2022-06-30 14:20:00,NA,29.78,23.28,21.32001,21.23999,NA,NA,NA,NA,NA,NA,NA,NA,NA,2.741389,11.6442,19.23619,24.18294,NA,NA,NA,NA,NA,NA,NA,NA
2022-06-30 14:30:00,NA,30.01999,23.41,21.42999,21.20999,NA,NA,NA,NA,NA,NA,NA,NA,NA,2.733523,11.63234,19.21334,24.18768,NA,NA,NA,NA,NA,NA,NA,NA
2022-06-30 14:40:00,NA,30.54999,23.44,21.38,21.23999,NA,NA,NA,NA,NA,NA,NA,NA,NA,2.719796,11.6353,19.23162,24.18768,NA,NA,NA,NA,NA,NA,NA,NA
2022-06-30 14:50:00,NA,31,23.42001,21.51001,21.20999,NA,NA,NA,NA,NA,NA,NA,NA,NA,2.711975,11.64123,19.20421,24.19243,NA,NA,NA,NA,NA,NA,NA,NA
2022-06-30 15:00:00,NA,31.66,23.57001,21.53,21.20001,NA,NA,NA,NA,NA,NA,NA,NA,NA,2.696382,11.62642,19.19966,24.19718,NA,NA,NA,NA,NA,NA,NA,NA
2022-06-30 15:10:00,NA,32.22,23.62,21.53,21.23999,NA,NA,NA,NA,NA,NA,NA,NA,NA,2.677949,11.62938,19.20878,24.18768,NA,NA,NA,NA,NA,NA,NA,NA
2022-06-30 15:20:00,NA,32.32001,23.64999,21.53,21.22,NA,NA,NA,NA,NA,NA,NA,NA,NA,2.670216,11.63234,19.21334,24.19243,NA,NA,NA,NA,NA,NA,NA,NA
2022-06-30 15:30:00,NA,32.06,23.79999,21.57001,21.23999,NA,NA,NA,NA,NA,NA,NA,NA,NA,2.674081,11.62049,19.20878,24.18768,NA,NA,NA,NA,NA,NA,NA,NA
2022-06-30 15:40:00,NA,31.85001,23.84,21.56,21.26001,NA,NA,NA,NA,NA,NA,NA,NA,NA,2.672148,11.62642,19.21791,24.18294,NA,NA,NA,NA,NA,NA,NA,NA
2022-06-30 15:50:00,NA,31.48001,24.01999,21.57999,21.23999,NA,NA,NA,NA,NA,NA,NA,NA,NA,2.676982,11.60865,19.21791,24.19243,NA,NA,NA,NA,NA,NA,NA,NA
2022-06-30 16:00:00,NA,31.20999,24.04999,21.60999,21.26001,NA,NA,NA,NA,NA,NA,NA,NA,NA,2.678917,11.61753,19.21791,24.18768,NA,NA,NA,NA,NA,NA,NA,NA
2022-06-30 16:10:00,NA,31,24.13,21.73999,21.20999,NA,NA,NA,NA,NA,NA,NA,NA,NA,2.678917,11.61457,19.19053,24.20194,NA,NA,NA,NA,NA,NA,NA,NA
2022-06-30 16:20:00,NA,30.87,24.28,21.76001,21.23999,NA,NA,NA,NA,NA,NA,NA,NA,NA,2.676015,11.59977,19.19053,24.19718,NA,NA,NA,NA,NA,NA,NA,NA
2022-06-30 16:30:00,NA,30.73999,24.28,21.73999,21.29001,NA,NA,NA,NA,NA,NA,NA,NA,NA,2.673115,11.60569,19.19966,24.18294,NA,NA,NA,NA,NA,NA,NA,NA
2022-06-30 16:40:00,NA,30.54999,24.26999,21.76999,21.31,NA,NA,NA,NA,NA,NA,NA,NA,NA,2.674081,11.61457,19.20421,24.1782,NA,NA,NA,NA,NA,NA,NA,NA
2022-06-30 16:50:00,NA,30.34,24.42999,21.82001,21.29001,NA,NA,NA,NA,NA,NA,NA,NA,NA,2.674081,11.59386,19.19509,24.18294,NA,NA,NA,NA,NA,NA,NA,NA
2022-06-30 17:00:00,NA,30.13,24.5,21.89999,21.34,NA,NA,NA,NA,NA,NA,NA,NA,NA,2.674081,11.5909,19.18142,24.1782,NA,NA,NA,NA,NA,NA,NA,NA
2022-06-30 17:10:00,NA,29.97,24.51001,21.97,21.34,NA,NA,NA,NA,NA,NA,NA,NA,NA,2.672148,11.5909,19.17685,24.1782,NA,NA,NA,NA,NA,NA,NA,NA
2022-06-30 17:20:00,NA,29.67999,24.5,21.95001,21.34,NA,NA,NA,NA,NA,NA,NA,NA,NA,2.676982,11.59682,19.18597,24.18294,NA,NA,NA,NA,NA,NA,NA,NA
2022-06-30 17:30:00,NA,29.47,24.51001,21.95001,21.35001,NA,NA,NA,NA,NA,NA,NA,NA,NA,2.676015,11.59682,19.19053,24.1782,NA,NA,NA,NA,NA,NA,NA,NA
2022-06-30 17:40:00,NA,29.25,24.51999,22.03,21.44,NA,NA,NA,NA,NA,NA,NA,NA,NA,2.676982,11.59977,19.17685,24.16395,NA,NA,NA,NA,NA,NA,NA,NA
2022-06-30 17:50:00,NA,28.98999,24.59,22.06,21.42001,NA,NA,NA,NA,NA,NA,NA,NA,NA,2.678917,11.58795,19.18142,24.1687,NA,NA,NA,NA,NA,NA,NA,NA
2022-06-30 18:00:00,NA,28.67001,24.57999,22.10999,21.45999,NA,NA,NA,NA,NA,NA,NA,NA,NA,2.681822,11.59386,19.17229,24.16395,NA,NA,NA,NA,NA,NA,NA,NA
2022-06-30 18:10:00,NA,28.38,24.57001,22.16,21.41,NA,NA,NA,NA,NA,NA,NA,NA,NA,2.6857,11.59386,19.16774,24.17344,NA,NA,NA,NA,NA,NA,NA,NA
2022-06-30 18:20:00,NA,28.23001,24.63,22.16,21.45999,NA,NA,NA,NA,NA,NA,NA,NA,NA,2.684729,11.58204,19.17229,24.1687,NA,NA,NA,NA,NA,NA,NA,NA
2022-06-30 18:30:00,NA,27.95999,24.57999,22.16,21.44,NA,NA,NA,NA,NA,NA,NA,NA,NA,2.691522,11.5909,19.17685,24.17344,NA,NA,NA,NA,NA,NA,NA,NA
2022-06-30 18:40:00,NA,27.75,24.5,22.19,21.45999,NA,NA,NA,NA,NA,NA,NA,NA,NA,2.694437,11.59977,19.17229,24.17344,NA,NA,NA,NA,NA,NA,NA,NA
2022-06-30 18:50:00,NA,27.72,24.56,22.20999,21.45999,NA,NA,NA,NA,NA,NA,NA,NA,NA,2.690551,11.58795,19.17229,24.1782,NA,NA,NA,NA,NA,NA,NA,NA
2022-06-30 19:00:00,NA,27.57999,24.48001,22.26999,21.45001,NA,NA,NA,NA,NA,NA,NA,NA,NA,2.691522,11.60273,19.16318,24.1782,NA,NA,NA,NA,NA,NA,NA,NA
2022-06-30 19:10:00,NA,27.57001,24.45001,22.29001,21.51001,NA,NA,NA,NA,NA,NA,NA,NA,NA,2.687639,11.59977,19.15862,24.16395,NA,NA,NA,NA,NA,NA,NA,NA
2022-06-30 19:20:00,NA,27.34,24.5,22.37,21.60999,NA,NA,NA,NA,NA,NA,NA,NA,NA,2.693465,11.58795,19.14496,24.14973,NA,NA,NA,NA,NA,NA,NA,NA
2022-06-30 19:30:00,NA,27.26999,24.5,22.37,21.64001,NA,NA,NA,NA,NA,NA,NA,NA,NA,2.692493,11.58499,19.14951,24.14499,NA,NA,NA,NA,NA,NA,NA,NA
2022-06-30 19:40:00,NA,27.10999,24.41,22.37,21.60999,NA,NA,NA,NA,NA,NA,NA,NA,NA,2.693465,11.59682,19.15407,24.15447,NA,NA,NA,NA,NA,NA,NA,NA
2022-06-30 19:50:00,NA,26.92999,24.45001,22.37,21.64001,NA,NA,NA,NA,NA,NA,NA,NA,NA,2.694437,11.58499,19.15862,24.14499,NA,NA,NA,NA,NA,NA,NA,NA
2022-06-30 20:00:00,NA,26.67999,24.45001,22.37,21.64001,NA,NA,NA,NA,NA,NA,NA,NA,NA,2.698327,11.58204,19.15862,24.14973,NA,NA,NA,NA,NA,NA,NA,NA
2022-06-30 20:10:00,NA,26.47,24.39999,22.37,21.62,NA,NA,NA,NA,NA,NA,NA,NA,NA,2.701248,11.58795,19.16318,24.15447,NA,NA,NA,NA,NA,NA,NA,NA
2022-06-30 20:20:00,NA,26.23001,24.35999,22.37,21.64001,NA,NA,NA,NA,NA,NA,NA,NA,NA,2.70417,11.58795,19.16318,24.15447,NA,NA,NA,NA,NA,NA,NA,NA
2022-06-30 20:30:00,NA,26.07999,24.29999,22.39999,21.64001,NA,NA,NA,NA,NA,NA,NA,NA,NA,2.703196,11.59386,19.16318,24.15447,NA,NA,NA,NA,NA,NA,NA,NA
2022-06-30 20:40:00,NA,25.87,24.38,22.39999,21.64001,NA,NA,NA,NA,NA,NA,NA,NA,NA,2.70417,11.57613,19.16318,24.15922,NA,NA,NA,NA,NA,NA,NA,NA
2022-06-30 20:50:00,NA,25.5,24.26001,22.39999,21.66,NA,NA,NA,NA,NA,NA,NA,NA,NA,2.712951,11.5909,19.16318,24.15447,NA,NA,NA,NA,NA,NA,NA,NA
2022-06-30 21:00:00,NA,25.20999,24.28,22.39999,21.70999,NA,NA,NA,NA,NA,NA,NA,NA,NA,2.718817,11.58499,19.16774,24.14973,NA,NA,NA,NA,NA,NA,NA,NA
2022-06-30 21:10:00,NA,25.03,24.22,22.42001,21.70999,NA,NA,NA,NA,NA,NA,NA,NA,NA,2.720775,11.58795,19.16318,24.14973,NA,NA,NA,NA,NA,NA,NA,NA
2022-06-30 21:20:00,NA,24.88,24.23999,22.39999,21.64999,NA,NA,NA,NA,NA,NA,NA,NA,NA,2.719796,11.57909,19.16774,24.1687,NA,NA,NA,NA,NA,NA,NA,NA
2022-06-30 21:30:00,NA,24.59,24.03,22.45001,21.70999,NA,NA,NA,NA,NA,NA,NA,NA,NA,2.726653,11.60865,19.15862,24.15447,NA,NA,NA,NA,NA,NA,NA,NA
2022-06-30 21:40:00,NA,24.35999,24.04999,22.42001,21.70999,NA,NA,NA,NA,NA,NA,NA,NA,NA,2.730577,11.59977,19.16318,24.15447,NA,NA,NA,NA,NA,NA,NA,NA
2022-06-30 21:50:00,NA,24.13,24.07001,22.45001,21.79001,NA,NA,NA,NA,NA,NA,NA,NA,NA,2.735488,11.58795,19.15862,24.14025,NA,NA,NA,NA,NA,NA,NA,NA
2022-06-30 22:00:00,NA,24.04001,24.04999,22.45001,21.78,NA,NA,NA,NA,NA,NA,NA,NA,NA,2.733523,11.58795,19.15862,24.14025,NA,NA,NA,NA,NA,NA,NA,NA
2022-06-30 22:10:00,NA,23.85001,23.98999,22.45001,21.81,NA,NA,NA,NA,NA,NA,NA,NA,NA,2.737454,11.58795,19.15862,24.13551,NA,NA,NA,NA,NA,NA,NA,NA
2022-06-30 22:20:00,NA,23.67001,23.88,22.42001,21.78,NA,NA,NA,NA,NA,NA,NA,NA,NA,2.741389,11.59977,19.16318,24.14499,NA,NA,NA,NA,NA,NA,NA,NA
2022-06-30 22:30:00,NA,23.60001,23.85999,22.48001,21.81,NA,NA,NA,NA,NA,NA,NA,NA,NA,2.739421,11.59386,19.14951,24.14025,NA,NA,NA,NA,NA,NA,NA,NA
2022-06-30 22:40:00,NA,23.39001,23.84,22.53,21.82001,NA,NA,NA,NA,NA,NA,NA,NA,NA,2.746314,11.5909,19.14041,24.13551,NA,NA,NA,NA,NA,NA,NA,NA
2022-06-30 22:50:00,NA,23.31,23.78,22.39999,21.84,NA,NA,NA,NA,NA,NA,NA,NA,NA,2.746314,11.59386,19.16774,24.13551,NA,NA,NA,NA,NA,NA,NA,NA
2022-06-30 23:00:00,NA,23.17999,23.64999,22.39999,21.84,NA,NA,NA,NA,NA,NA,NA,NA,NA,2.749272,11.60569,19.16318,24.13551,NA,NA,NA,NA,NA,NA,NA,NA
2022-06-30 23:10:00,NA,22.95001,23.64999,22.48001,21.84,NA,NA,NA,NA,NA,NA,NA,NA,NA,2.756183,11.59977,19.14496,24.13551,NA,NA,NA,NA,NA,NA,NA,NA
2022-06-30 23:20:00,NA,22.91,23.54001,22.42001,21.82001,NA,NA,NA,NA,NA,NA,NA,NA,NA,2.755195,11.60865,19.15862,24.14499,NA,NA,NA,NA,NA,NA,NA,NA
2022-06-30 23:30:00,NA,22.75,23.45999,22.42001,21.82001,NA,NA,NA,NA,NA,NA,NA,NA,NA,2.760138,11.61457,19.15407,24.14025,NA,NA,NA,NA,NA,NA,NA,NA
2022-06-30 23:40:00,NA,22.64001,23.44,22.39999,21.82001,NA,NA,NA,NA,NA,NA,NA,NA,NA,2.762117,11.6116,19.15862,24.14499,NA,NA,NA,NA,NA,NA,NA,NA
2022-06-30 23:50:00,NA,22.56,23.44,22.42001,21.85999,NA,NA,NA,NA,NA,NA,NA,NA,NA,2.763107,11.60273,19.14951,24.13551,NA,NA,NA,NA,NA,NA,NA,NA
2022-07-01 00:00:00,NA,22.45999,23.38,22.39999,21.78,NA,NA,NA,NA,NA,NA,NA,NA,NA,2.765088,11.60569,19.15407,24.15447,NA,NA,NA,NA,NA,NA,NA,NA
2022-07-01 00:10:00,NA,22.32999,23.32999,22.39999,21.82001,NA,NA,NA,NA,NA,NA,NA,NA,NA,2.769052,11.60865,19.14951,24.14499,NA,NA,NA,NA,NA,NA,NA,NA
2022-07-01 00:20:00,NA,22.28,23.23001,22.42001,21.78,NA,NA,NA,NA,NA,NA,NA,NA,NA,2.772028,11.61753,19.14496,24.15922,NA,NA,NA,NA,NA,NA,NA,NA
2022-07-01 00:30:00,NA,22.12,23.20001,22.37,21.78,NA,NA,NA,NA,NA,NA,NA,NA,NA,2.778981,11.61457,19.14951,24.15447,NA,NA,NA,NA,NA,NA,NA,NA
2022-07-01 00:40:00,NA,22.14001,23.17001,22.39001,21.78,NA,NA,NA,NA,NA,NA,NA,NA,NA,2.776993,11.6116,19.14041,24.15922,NA,NA,NA,NA,NA,NA,NA,NA
2022-07-01 00:50:00,NA,22.07001,23.09,22.37,21.82001,NA,NA,NA,NA,NA,NA,NA,NA,NA,2.779975,11.61753,19.14496,24.14499,NA,NA,NA,NA,NA,NA,NA,NA
2022-07-01 01:00:00,NA,21.95001,23.04001,22.37,21.84,NA,NA,NA,NA,NA,NA,NA,NA,NA,2.785946,11.62049,19.14041,24.14499,NA,NA,NA,NA,NA,NA,NA,NA
2022-07-01 01:10:00,NA,21.91,22.98999,22.29001,21.85999,NA,NA,NA,NA,NA,NA,NA,NA,NA,2.788935,11.62049,19.15862,24.14025,NA,NA,NA,NA,NA,NA,NA,NA
2022-07-01 01:20:00,NA,21.91,22.97,22.26999,21.85999,NA,NA,NA,NA,NA,NA,NA,NA,NA,2.788935,11.61753,19.15862,24.14025,NA,NA,NA,NA,NA,NA,NA,NA
2022-07-01 01:30:00,NA,21.92999,22.98999,22.34,21.82001,NA,NA,NA,NA,NA,NA,NA,NA,NA,2.789932,11.60865,19.14041,24.14973,NA,NA,NA,NA,NA,NA,NA,NA
2022-07-01 01:40:00,NA,21.92999,22.85999,22.26999,21.85999,NA,NA,NA,NA,NA,NA,NA,NA,NA,2.791926,11.62642,19.14951,24.14025,NA,NA,NA,NA,NA,NA,NA,NA
2022-07-01 01:50:00,NA,21.91,22.78,22.19,21.84,NA,NA,NA,NA,NA,NA,NA,NA,NA,2.793922,11.62938,19.16318,24.14499,NA,NA,NA,NA,NA,NA,NA,NA
2022-07-01 02:00:00,NA,21.92999,22.78,22.19,21.85999,NA,NA,NA,NA,NA,NA,NA,NA,NA,2.792924,11.62642,19.16318,24.13551,NA,NA,NA,NA,NA,NA,NA,NA
2022-07-01 02:10:00,NA,21.91,22.73001,22.16,21.79999,NA,NA,NA,NA,NA,NA,NA,NA,NA,2.793922,11.62938,19.16774,24.14973,NA,NA,NA,NA,NA,NA,NA,NA
2022-07-01 02:20:00,NA,21.85001,22.67001,22.19,21.84,NA,NA,NA,NA,NA,NA,NA,NA,NA,2.796918,11.63234,19.15407,24.14025,NA,NA,NA,NA,NA,NA,NA,NA
2022-07-01 02:30:00,NA,21.75,22.59,22.16,21.82001,NA,NA,NA,NA,NA,NA,NA,NA,NA,2.801915,11.63827,19.15862,24.14499,NA,NA,NA,NA,NA,NA,NA,NA
2022-07-01 02:40:00,NA,21.70001,22.59,22.16,21.78,NA,NA,NA,NA,NA,NA,NA,NA,NA,2.803915,11.63234,19.15862,24.15922,NA,NA,NA,NA,NA,NA,NA,NA
2022-07-01 02:50:00,NA,21.70001,22.57001,22.16,21.82001,NA,NA,NA,NA,NA,NA,NA,NA,NA,2.802915,11.63234,19.15407,24.14499,NA,NA,NA,NA,NA,NA,NA,NA
2022-07-01 03:00:00,NA,21.60999,22.57001,22.10001,21.85999,NA,NA,NA,NA,NA,NA,NA,NA,NA,2.806919,11.62642,19.16318,24.13551,NA,NA,NA,NA,NA,NA,NA,NA
2022-07-01 03:10:00,NA,21.59,22.57001,22.16,21.84,NA,NA,NA,NA,NA,NA,NA,NA,NA,2.80792,11.62049,19.14496,24.13551,NA,NA,NA,NA,NA,NA,NA,NA
2022-07-01 03:20:00,NA,21.48001,22.41,22,21.82001,NA,NA,NA,NA,NA,NA,NA,NA,NA,2.812932,11.63827,19.17229,24.14025,NA,NA,NA,NA,NA,NA,NA,NA
2022-07-01 03:30:00,NA,21.5,22.35999,21.98999,21.79999,NA,NA,NA,NA,NA,NA,NA,NA,NA,2.809924,11.63827,19.17229,24.14499,NA,NA,NA,NA,NA,NA,NA,NA
2022-07-01 03:40:00,NA,21.38,22.35999,22,21.78,NA,NA,NA,NA,NA,NA,NA,NA,NA,2.814938,11.6353,19.16774,24.14973,NA,NA,NA,NA,NA,NA,NA,NA
2022-07-01 03:50:00,NA,21.26999,22.32999,21.97,21.84,NA,NA,NA,NA,NA,NA,NA,NA,NA,2.81996,11.63234,19.17229,24.13076,NA,NA,NA,NA,NA,NA,NA,NA
2022-07-01 04:00:00,NA,21.26001,22.35999,21.98001,21.78,NA,NA,NA,NA,NA,NA,NA,NA,NA,2.820964,11.62642,19.16318,24.14499,NA,NA,NA,NA,NA,NA,NA,NA
2022-07-01 04:10:00,NA,21.13,22.23001,21.97,21.82001,NA,NA,NA,NA,NA,NA,NA,NA,NA,2.825993,11.63827,19.16318,24.13551,NA,NA,NA,NA,NA,NA,NA,NA
2022-07-01 04:20:00,NA,21.06,22.17001,21.95001,21.79999,NA,NA,NA,NA,NA,NA,NA,NA,NA,2.828006,11.64123,19.16318,24.13551,NA,NA,NA,NA,NA,NA,NA,NA
2022-07-01 04:30:00,NA,21.06,22.14999,21.95001,21.79999,NA,NA,NA,NA,NA,NA,NA,NA,NA,2.828006,11.64123,19.15862,24.13551,NA,NA,NA,NA,NA,NA,NA,NA
2022-07-01 04:40:00,NA,21.01001,22.14999,21.95001,21.79999,NA,NA,NA,NA,NA,NA,NA,NA,NA,2.830021,11.6353,19.15862,24.13551,NA,NA,NA,NA,NA,NA,NA,NA
2022-07-01 04:50:00,NA,20.91,22.12,21.95001,21.84,NA,NA,NA,NA,NA,NA,NA,NA,NA,2.834053,11.6353,19.15407,24.12602,NA,NA,NA,NA,NA,NA,NA,NA
2022-07-01 05:00:00,NA,20.89001,22.14999,21.95001,21.81,NA,NA,NA,NA,NA,NA,NA,NA,NA,2.834053,11.62345,19.14951,24.13076,NA,NA,NA,NA,NA,NA,NA,NA
2022-07-01 05:10:00,NA,20.81,22.04001,21.87,21.76001,NA,NA,NA,NA,NA,NA,NA,NA,NA,2.839099,11.63827,19.16318,24.14025,NA,NA,NA,NA,NA,NA,NA,NA
2022-07-01 05:20:00,NA,20.82001,21.95999,21.89001,21.82001,NA,NA,NA,NA,NA,NA,NA,NA,NA,2.839099,11.64123,19.15407,24.12129,NA,NA,NA,NA,NA,NA,NA,NA
2022-07-01 05:30:00,NA,20.84,21.94,21.85001,21.75,NA,NA,NA,NA,NA,NA,NA,NA,NA,2.840108,11.64123,19.15862,24.14025,NA,NA,NA,NA,NA,NA,NA,NA
2022-07-01 05:40:00,NA,20.82001,21.94,21.76999,21.84,NA,NA,NA,NA,NA,NA,NA,NA,NA,2.84314,11.6353,19.17229,24.11655,NA,NA,NA,NA,NA,NA,NA,NA
2022-07-01 05:50:00,NA,20.87,21.91,21.73999,21.70001,NA,NA,NA,NA,NA,NA,NA,NA,NA,2.84314,11.63827,19.17229,24.14499,NA,NA,NA,NA,NA,NA,NA,NA
2022-07-01 06:00:00,NA,20.85001,21.82999,21.76001,21.70999,NA,NA,NA,NA,NA,NA,NA,NA,NA,2.845162,11.6442,19.16774,24.14499,NA,NA,NA,NA,NA,NA,NA,NA
2022-07-01 06:10:00,NA,20.89001,21.88,21.73999,21.59,NA,NA,NA,NA,NA,NA,NA,NA,NA,2.845162,11.63234,19.16318,24.1687,NA,NA,NA,NA,NA,NA,NA,NA
2022-07-01 06:20:00,NA,20.89001,21.82999,21.73999,21.70001,NA,NA,NA,NA,NA,NA,NA,NA,NA,2.846173,11.6353,19.16318,24.14025,NA,NA,NA,NA,NA,NA,NA,NA
2022-07-01 06:30:00,NA,20.85999,21.73001,21.72,21.64001,NA,NA,NA,NA,NA,NA,NA,NA,NA,2.846173,11.64717,19.16318,24.15447,NA,NA,NA,NA,NA,NA,NA,NA
2022-07-01 06:40:00,NA,20.69,21.73001,21.72,21.62,NA,NA,NA,NA,NA,NA,NA,NA,NA,2.853261,11.6442,19.15862,24.15447,NA,NA,NA,NA,NA,NA,NA,NA
2022-07-01 06:50:00,NA,20.70999,21.70001,21.69,21.69,NA,NA,NA,NA,NA,NA,NA,NA,NA,2.852248,11.6442,19.16318,24.14025,NA,NA,NA,NA,NA,NA,NA,NA
2022-07-01 07:00:00,NA,20.67999,21.70001,21.73999,21.64001,NA,NA,NA,NA,NA,NA,NA,NA,NA,2.858332,11.63827,19.14951,24.14973,NA,NA,NA,NA,NA,NA,NA,NA
2022-07-01 07:10:00,NA,20.84,21.70001,21.66,21.62,NA,NA,NA,NA,NA,NA,NA,NA,NA,2.854274,11.63234,19.15862,24.14973,NA,NA,NA,NA,NA,NA,NA,NA
2022-07-01 07:20:00,NA,20.87,21.67001,21.53,21.57999,NA,NA,NA,NA,NA,NA,NA,NA,NA,2.858332,11.6353,19.18142,24.15922,NA,NA,NA,NA,NA,NA,NA,NA
2022-07-01 07:30:00,NA,21.07999,21.67001,21.54999,21.64001,NA,NA,NA,NA,NA,NA,NA,NA,NA,2.850222,11.63234,19.17229,24.14025,NA,NA,NA,NA,NA,NA,NA,NA
2022-07-01 07:40:00,NA,21.07999,21.59,21.53,21.64001,NA,NA,NA,NA,NA,NA,NA,NA,NA,2.853261,11.63827,19.17685,24.14025,NA,NA,NA,NA,NA,NA,NA,NA
2022-07-01 07:50:00,NA,21.07001,21.51999,21.53,21.60001,NA,NA,NA,NA,NA,NA,NA,NA,NA,2.961129,11.64717,19.17229,24.14973,NA,NA,NA,NA,NA,NA,NA,NA
2022-07-01 08:00:00,NA,20.63,21.51999,21.54999,21.64001,NA,NA,NA,NA,NA,NA,NA,NA,NA,3.771534,11.6442,19.16774,24.13551,NA,NA,NA,NA,NA,NA,NA,NA
2022-07-01 08:10:00,NA,20.23001,21.48999,21.53,21.62,NA,NA,NA,NA,NA,NA,NA,NA,NA,3.972822,11.6442,19.16774,24.13551,NA,NA,NA,NA,NA,NA,NA,NA
2022-07-01 08:20:00,NA,20.01999,21.48999,21.54999,21.62,NA,NA,NA,NA,NA,NA,NA,NA,NA,4.224846,11.64123,19.15862,24.13076,NA,NA,NA,NA,NA,NA,NA,NA
2022-07-01 08:30:00,NA,19.70001,21.48999,21.53,21.66,NA,NA,NA,NA,NA,NA,NA,NA,NA,4.426599,11.64123,19.15862,24.12129,NA,NA,NA,NA,NA,NA,NA,NA
2022-07-01 08:40:00,NA,19.64001,21.48999,21.51001,21.66,NA,NA,NA,NA,NA,NA,NA,NA,NA,4.433581,11.63827,19.15862,24.11655,NA,NA,NA,NA,NA,NA,NA,NA
2022-07-01 08:50:00,NA,19.57999,21.45999,21.42999,21.57999,NA,NA,NA,NA,NA,NA,NA,NA,NA,4.416835,11.64123,19.17685,24.13551,NA,NA,NA,NA,NA,NA,NA,NA
2022-07-01 09:00:00,NA,19.42999,21.44,21.45001,21.60999,NA,NA,NA,NA,NA,NA,NA,NA,NA,5.115811,11.64123,19.16774,24.12602,NA,NA,NA,NA,NA,NA,NA,NA
2022-07-01 09:10:00,NA,19.23999,21.32999,21.37,21.54001,NA,NA,NA,NA,NA,NA,NA,NA,NA,5.225236,11.6531,19.18142,24.14025,NA,NA,NA,NA,NA,NA,NA,NA
2022-07-01 09:20:00,NA,19.25,21.32999,21.39999,21.57001,NA,NA,NA,NA,NA,NA,NA,NA,NA,5.271065,11.6531,19.17685,24.12602,NA,NA,NA,NA,NA,NA,NA,NA
2022-07-01 09:30:00,NA,19.37,21.28,21.35999,21.60999,NA,NA,NA,NA,NA,NA,NA,NA,NA,5.214217,11.65606,19.18142,24.11655,NA,NA,NA,NA,NA,NA,NA,NA
2022-07-01 09:40:00,NA,19.47,21.28,21.34,21.51001,NA,NA,NA,NA,NA,NA,NA,NA,NA,5.157818,11.6531,19.18142,24.13551,NA,NA,NA,NA,NA,NA,NA,NA
2022-07-01 09:50:00,NA,19.42999,21.25,21.32001,21.45999,NA,NA,NA,NA,NA,NA,NA,NA,NA,5.118914,11.65013,19.18142,24.14499,NA,NA,NA,NA,NA,NA,NA,NA
2022-07-01 10:00:00,NA,19.45999,21.28,21.32001,21.51999,NA,NA,NA,NA,NA,NA,NA,NA,NA,5.081768,11.6442,19.17685,24.13076,NA,NA,NA,NA,NA,NA,NA,NA
2022-07-01 10:10:00,NA,19.47,21.23001,21.32001,21.45999,NA,NA,NA,NA,NA,NA,NA,NA,NA,5.05865,11.6442,19.17685,24.14025,NA,NA,NA,NA,NA,NA,NA,NA
2022-07-01 10:20:00,NA,19.45001,21.17001,21.34,21.48999,NA,NA,NA,NA,NA,NA,NA,NA,NA,5.054037,11.65013,19.16774,24.13076,NA,NA,NA,NA,NA,NA,NA,NA
2022-07-01 10:30:00,NA,19.34,21.07001,21.29001,21.42001,NA,NA,NA,NA,NA,NA,NA,NA,NA,5.100317,11.65904,19.17229,24.14499,NA,NA,NA,NA,NA,NA,NA,NA
2022-07-01 10:40:00,NA,19.32999,21.07001,21.26999,21.44,NA,NA,NA,NA,NA,NA,NA,NA,NA,5.11116,11.65606,19.17229,24.14025,NA,NA,NA,NA,NA,NA,NA,NA
2022-07-01 10:50:00,NA,19.28,21.04001,21.32001,21.44,NA,NA,NA,NA,NA,NA,NA,NA,NA,5.097221,11.65606,19.15862,24.13551,NA,NA,NA,NA,NA,NA,NA,NA
2022-07-01 11:00:00,NA,19.23999,21.01999,21.26999,21.45999,NA,NA,NA,NA,NA,NA,NA,NA,NA,5.081768,11.65606,19.16774,24.13076,NA,NA,NA,NA,NA,NA,NA,NA
2022-07-01 11:10:00,NA,19.26001,20.91,21.23999,21.45999,NA,NA,NA,NA,NA,NA,NA,NA,NA,5.064809,11.67092,19.17229,24.12602,NA,NA,NA,NA,NA,NA,NA,NA
2022-07-01 11:20:00,NA,19.23001,20.85999,21.17999,21.44,NA,NA,NA,NA,NA,NA,NA,NA,NA,5.050962,11.67092,19.17685,24.13076,NA,NA,NA,NA,NA,NA,NA,NA
2022-07-01 11:30:00,NA,19.10999,20.85999,21.14999,21.41,NA,NA,NA,NA,NA,NA,NA,NA,NA,5.041749,11.66794,19.18142,24.13076,NA,NA,NA,NA,NA,NA,NA,NA
2022-07-01 11:40:00,NA,19.10001,20.85999,21.13,21.41,NA,NA,NA,NA,NA,NA,NA,NA,NA,5.024887,11.662,19.18597,24.13076,NA,NA,NA,NA,NA,NA,NA,NA
2022-07-01 11:50:00,NA,19.01001,20.85999,21.13,21.39001,NA,NA,NA,NA,NA,NA,NA,NA,NA,5.015706,11.65904,19.17685,24.13076,NA,NA,NA,NA,NA,NA,NA,NA
2022-07-01 12:00:00,NA,18.98999,20.82999,21.14999,21.35001,NA,NA,NA,NA,NA,NA,NA,NA,NA,5.005011,11.662,19.16774,24.14025,NA,NA,NA,NA,NA,NA,NA,NA
2022-07-01 12:10:00,NA,18.98999,20.70001,21.14999,21.35999,NA,NA,NA,NA,NA,NA,NA,NA,NA,4.994334,11.67388,19.16774,24.14025,NA,NA,NA,NA,NA,NA,NA,NA
2022-07-01 12:20:00,NA,19.14999,20.72,21.09,21.34,NA,NA,NA,NA,NA,NA,NA,NA,NA,4.974547,11.66794,19.17685,24.14025,NA,NA,NA,NA,NA,NA,NA,NA
2022-07-01 12:30:00,NA,19.14001,20.64999,21.09,21.39001,NA,NA,NA,NA,NA,NA,NA,NA,NA,4.965434,11.67092,19.16774,24.12129,NA,NA,NA,NA,NA,NA,NA,NA
2022-07-01 12:40:00,NA,19.09,20.67001,21,21.26001,NA,NA,NA,NA,NA,NA,NA,NA,NA,4.956333,11.66497,19.18597,24.15447,NA,NA,NA,NA,NA,NA,NA,NA
2022-07-01 12:50:00,NA,19.23001,20.64999,21,21.29999,NA,NA,NA,NA,NA,NA,NA,NA,NA,4.935146,11.66497,19.18142,24.14025,NA,NA,NA,NA,NA,NA,NA,NA
2022-07-01 13:00:00,NA,19.26001,20.64999,20.95001,21.26001,NA,NA,NA,NA,NA,NA,NA,NA,NA,4.923068,11.662,19.19053,24.14499,NA,NA,NA,NA,NA,NA,NA,NA
2022-07-01 13:10:00,NA,19.20999,20.64999,20.92999,21.26001,NA,NA,NA,NA,NA,NA,NA,NA,NA,4.915531,11.65904,19.19053,24.14499,NA,NA,NA,NA,NA,NA,NA,NA
2022-07-01 13:20:00,NA,19.22,20.51999,20.89999,21.26001,NA,NA,NA,NA,NA,NA,NA,NA,NA,4.904991,11.67388,19.19053,24.14025,NA,NA,NA,NA,NA,NA,NA,NA
2022-07-01 13:30:00,NA,19.20001,20.57001,20.92001,21.20999,NA,NA,NA,NA,NA,NA,NA,NA,NA,4.898977,11.662,19.18142,24.14973,NA,NA,NA,NA,NA,NA,NA,NA
2022-07-01 13:40:00,NA,19.26999,20.44,20.89999,21.23999,NA,NA,NA,NA,NA,NA,NA,NA,NA,4.886964,11.6828,19.18597,24.14499,NA,NA,NA,NA,NA,NA,NA,NA
2022-07-01 13:50:00,NA,19.29001,20.51999,20.92001,21.28,NA,NA,NA,NA,NA,NA,NA,NA,NA,4.873474,11.66497,19.17685,24.13076,NA,NA,NA,NA,NA,NA,NA,NA
2022-07-01 14:00:00,NA,19.26001,20.44,20.88,21.20999,NA,NA,NA,NA,NA,NA,NA,NA,NA,4.860013,11.67388,19.18142,24.14025,NA,NA,NA,NA,NA,NA,NA,NA
2022-07-01 14:10:00,NA,19.10001,20.44,20.89999,21.20999,NA,NA,NA,NA,NA,NA,NA,NA,NA,4.858519,11.67092,19.17229,24.14025,NA,NA,NA,NA,NA,NA,NA,NA
2022-07-01 14:20:00,NA,19.01001,20.45999,20.84,21.23999,NA,NA,NA,NA,NA,NA,NA,NA,NA,4.849562,11.66794,19.18142,24.13076,NA,NA,NA,NA,NA,NA,NA,NA
2022-07-01 14:30:00,NA,18.89999,20.44,20.81,21.17999,NA,NA,NA,NA,NA,NA,NA,NA,NA,4.843597,11.66794,19.18597,24.14025,NA,NA,NA,NA,NA,NA,NA,NA
2022-07-01 14:40:00,NA,18.79999,20.48001,20.75,21.19,NA,NA,NA,NA,NA,NA,NA,NA,NA,4.839127,11.65904,19.19053,24.13551,NA,NA,NA,NA,NA,NA,NA,NA
2022-07-01 14:50:00,NA,18.73001,20.44,20.81,21.23999,NA,NA,NA,NA,NA,NA,NA,NA,NA,4.833171,11.662,19.18142,24.12129,NA,NA,NA,NA,NA,NA,NA,NA
2022-07-01 15:00:00,NA,18.59,20.41,20.70999,21.16,NA,NA,NA,NA,NA,NA,NA,NA,NA,4.831682,11.662,19.19509,24.13551,NA,NA,NA,NA,NA,NA,NA,NA
2022-07-01 15:10:00,NA,18.60999,20.35999,20.70999,21.13,NA,NA,NA,NA,NA,NA,NA,NA,NA,4.818306,11.66794,19.19053,24.14499,NA,NA,NA,NA,NA,NA,NA,NA
2022-07-01 15:20:00,NA,18.51001,20.35999,20.70999,21.06,NA,NA,NA,NA,NA,NA,NA,NA,NA,4.815336,11.662,19.18597,24.15447,NA,NA,NA,NA,NA,NA,NA,NA
2022-07-01 15:30:00,NA,18.38,20.23001,20.70999,21.10001,NA,NA,NA,NA,NA,NA,NA,NA,NA,4.813852,11.67982,19.18142,24.14025,NA,NA,NA,NA,NA,NA,NA,NA
2022-07-01 15:40:00,NA,18.32001,20.23001,20.70999,21.06,NA,NA,NA,NA,NA,NA,NA,NA,NA,4.813852,11.67686,19.17685,24.14973,NA,NA,NA,NA,NA,NA,NA,NA
2022-07-01 15:50:00,NA,18.20999,20.23001,20.70999,21.09,NA,NA,NA,NA,NA,NA,NA,NA,NA,4.854038,11.67388,19.17685,24.14025,NA,NA,NA,NA,NA,NA,NA,NA
2022-07-01 16:00:00,NA,18.16,20.23001,20.67001,21.04001,NA,NA,NA,NA,NA,NA,NA,NA,NA,4.880966,11.67092,19.18142,24.14973,NA,NA,NA,NA,NA,NA,NA,NA
2022-07-01 16:10:00,NA,18.04999,20.14999,20.67999,21.06,NA,NA,NA,NA,NA,NA,NA,NA,NA,4.92156,11.67982,19.17685,24.14025,NA,NA,NA,NA,NA,NA,NA,NA
2022-07-01 16:20:00,NA,18.04001,20.12,20.62,21.01001,NA,NA,NA,NA,NA,NA,NA,NA,NA,4.938168,11.67686,19.19053,24.15447,NA,NA,NA,NA,NA,NA,NA,NA
2022-07-01 16:30:00,NA,17.98999,20.12,20.64999,21.04001,NA,NA,NA,NA,NA,NA,NA,NA,NA,4.945731,11.67388,19.17685,24.14025,NA,NA,NA,NA,NA,NA,NA,NA
2022-07-01 16:40:00,NA,17.94,20.01999,20.57999,21,NA,NA,NA,NA,NA,NA,NA,NA,NA,4.951788,11.6828,19.19053,24.14973,NA,NA,NA,NA,NA,NA,NA,NA
2022-07-01 16:50:00,NA,17.89001,20.01999,20.60001,21.04001,NA,NA,NA,NA,NA,NA,NA,NA,NA,4.957849,11.67982,19.18142,24.13551,NA,NA,NA,NA,NA,NA,NA,NA
2022-07-01 17:00:00,NA,17.97,20.01999,20.57001,21.04001,NA,NA,NA,NA,NA,NA,NA,NA,NA,4.951788,11.67686,19.18142,24.13551,NA,NA,NA,NA,NA,NA,NA,NA
2022-07-01 17:10:00,NA,18.01999,20.01001,20.57001,21,NA,NA,NA,NA,NA,NA,NA,NA,NA,4.951788,11.67388,19.18142,24.14025,NA,NA,NA,NA,NA,NA,NA,NA
2022-07-01 17:20:00,NA,18.06,19.85999,20.51999,21,NA,NA,NA,NA,NA,NA,NA,NA,NA,4.947244,11.69172,19.19053,24.13551,NA,NA,NA,NA,NA,NA,NA,NA
2022-07-01 17:30:00,NA,18.12,19.85999,20.48001,20.95001,NA,NA,NA,NA,NA,NA,NA,NA,NA,4.942705,11.68577,19.19509,24.14973,NA,NA,NA,NA,NA,NA,NA,NA
2022-07-01 17:40:00,NA,18.25,19.81,20.45999,21.01001,NA,NA,NA,NA,NA,NA,NA,NA,NA,4.933634,11.68874,19.19509,24.13551,NA,NA,NA,NA,NA,NA,NA,NA
2022-07-01 17:50:00,NA,18.28,19.81,20.45999,21.01001,NA,NA,NA,NA,NA,NA,NA,NA,NA,4.930613,11.68577,19.19053,24.13076,NA,NA,NA,NA,NA,NA,NA,NA
2022-07-01 18:00:00,NA,18.31,19.87,20.48001,20.85001,NA,NA,NA,NA,NA,NA,NA,NA,NA,4.924577,11.67388,19.18142,24.1687,NA,NA,NA,NA,NA,NA,NA,NA
2022-07-01 18:10:00,NA,18.38,19.81,20.45001,20.92001,NA,NA,NA,NA,NA,NA,NA,NA,NA,4.915531,11.67686,19.18142,24.14499,NA,NA,NA,NA,NA,NA,NA,NA
2022-07-01 18:20:00,NA,18.32999,19.81,20.45001,20.89001,NA,NA,NA,NA,NA,NA,NA,NA,NA,4.912516,11.67388,19.17685,24.14973,NA,NA,NA,NA,NA,NA,NA,NA
2022-07-01 18:30:00,NA,18.23001,19.78,20.41,20.91,NA,NA,NA,NA,NA,NA,NA,NA,NA,4.914023,11.67686,19.18597,24.14499,NA,NA,NA,NA,NA,NA,NA,NA
2022-07-01 18:40:00,NA,18.23001,19.82001,20.34,20.85999,NA,NA,NA,NA,NA,NA,NA,NA,NA,4.904991,11.66794,19.19509,24.14973,NA,NA,NA,NA,NA,NA,NA,NA
2022-07-01 18:50:00,NA,18.10001,19.73999,20.32001,20.85999,NA,NA,NA,NA,NA,NA,NA,NA,NA,4.904991,11.67686,19.19509,24.14499,NA,NA,NA,NA,NA,NA,NA,NA
2022-07-01 19:00:00,NA,18.04001,19.70999,20.32001,20.79999,NA,NA,NA,NA,NA,NA,NA,NA,NA,4.898977,11.67982,19.19053,24.15922,NA,NA,NA,NA,NA,NA,NA,NA
2022-07-01 19:10:00,NA,17.89001,19.67001,20.39001,20.85999,NA,NA,NA,NA,NA,NA,NA,NA,NA,4.897475,11.67982,19.17229,24.14025,NA,NA,NA,NA,NA,NA,NA,NA
2022-07-01 19:20:00,NA,17.81,19.59,20.32999,20.79999,NA,NA,NA,NA,NA,NA,NA,NA,NA,4.891467,11.68874,19.18142,24.14973,NA,NA,NA,NA,NA,NA,NA,NA
2022-07-01 19:30:00,NA,17.59,19.62,20.26999,20.82999,NA,NA,NA,NA,NA,NA,NA,NA,NA,4.894469,11.6828,19.19509,24.14499,NA,NA,NA,NA,NA,NA,NA,NA
2022-07-01 19:40:00,NA,17.39999,19.59,20.26999,20.82999,NA,NA,NA,NA,NA,NA,NA,NA,NA,4.897475,11.6828,19.19053,24.14025,NA,NA,NA,NA,NA,NA,NA,NA
2022-07-01 19:50:00,NA,17.32001,19.59,20.26001,20.79999,NA,NA,NA,NA,NA,NA,NA,NA,NA,4.889965,11.67982,19.18597,24.14025,NA,NA,NA,NA,NA,NA,NA,NA
2022-07-01 20:00:00,NA,17.17001,19.64001,20.31,20.82999,NA,NA,NA,NA,NA,NA,NA,NA,NA,4.889965,11.67092,19.17229,24.13551,NA,NA,NA,NA,NA,NA,NA,NA
2022-07-01 20:10:00,NA,17.01999,19.59,20.26001,20.78,NA,NA,NA,NA,NA,NA,NA,NA,NA,4.889965,11.67092,19.18142,24.14025,NA,NA,NA,NA,NA,NA,NA,NA
2022-07-01 20:20:00,NA,16.98001,19.60999,20.26999,20.76999,NA,NA,NA,NA,NA,NA,NA,NA,NA,4.880966,11.66497,19.17685,24.13551,NA,NA,NA,NA,NA,NA,NA,NA
2022-07-01 20:30:00,NA,16.79999,19.48999,20.22,20.76001,NA,NA,NA,NA,NA,NA,NA,NA,NA,4.883964,11.67686,19.18142,24.14025,NA,NA,NA,NA,NA,NA,NA,NA
2022-07-01 20:40:00,NA,16.59,19.45001,20.16,20.78,NA,NA,NA,NA,NA,NA,NA,NA,NA,4.888464,11.67982,19.19053,24.13551,NA,NA,NA,NA,NA,NA,NA,NA
2022-07-01 20:50:00,NA,16.51001,19.41,20.09,20.66,NA,NA,NA,NA,NA,NA,NA,NA,NA,4.885464,11.67982,19.20878,24.15922,NA,NA,NA,NA,NA,NA,NA,NA
2022-07-01 21:00:00,NA,16.35001,19.47,20.07999,20.64001,NA,NA,NA,NA,NA,NA,NA,NA,NA,4.886964,11.66497,19.20421,24.15922,NA,NA,NA,NA,NA,NA,NA,NA
2022-07-01 21:10:00,NA,16.16,19.39999,20.07999,20.66,NA,NA,NA,NA,NA,NA,NA,NA,NA,4.892968,11.67092,19.19966,24.15447,NA,NA,NA,NA,NA,NA,NA,NA
2022-07-01 21:20:00,NA,16.14001,19.23999,20.14001,20.63,NA,NA,NA,NA,NA,NA,NA,NA,NA,4.885464,11.68874,19.18142,24.15447,NA,NA,NA,NA,NA,NA,NA,NA
2022-07-01 21:30:00,NA,15.89999,19.22,20.07999,20.63,NA,NA,NA,NA,NA,NA,NA,NA,NA,4.897475,11.68577,19.19509,24.15447,NA,NA,NA,NA,NA,NA,NA,NA
2022-07-01 21:40:00,NA,15.85001,19.22,20.07999,20.63,NA,NA,NA,NA,NA,NA,NA,NA,NA,4.891467,11.67982,19.18597,24.14973,NA,NA,NA,NA,NA,NA,NA,NA
2022-07-01 21:50:00,NA,15.76001,19.16,20.01001,20.63,NA,NA,NA,NA,NA,NA,NA,NA,NA,4.891467,11.6828,19.20421,24.14973,NA,NA,NA,NA,NA,NA,NA,NA
2022-07-01 22:00:00,NA,15.73999,19.16,19.97,20.66,NA,NA,NA,NA,NA,NA,NA,NA,NA,4.885464,11.67686,19.20421,24.14025,NA,NA,NA,NA,NA,NA,NA,NA
2022-07-01 22:10:00,NA,15.53,19.14001,20.10001,20.60999,NA,NA,NA,NA,NA,NA,NA,NA,NA,4.894469,11.67388,19.17229,24.14499,NA,NA,NA,NA,NA,NA,NA,NA
2022-07-01 22:20:00,NA,15.48001,19.07001,19.89001,20.60999,NA,NA,NA,NA,NA,NA,NA,NA,NA,4.892968,11.67686,19.21334,24.14499,NA,NA,NA,NA,NA,NA,NA,NA
2022-07-01 22:30:00,NA,15.32001,19.03,19.92001,20.57999,NA,NA,NA,NA,NA,NA,NA,NA,NA,4.898977,11.67686,19.20421,24.14973,NA,NA,NA,NA,NA,NA,NA,NA
2022-07-01 22:40:00,NA,15.32001,18.94,19.98001,20.60999,NA,NA,NA,NA,NA,NA,NA,NA,NA,4.892968,11.68577,19.18597,24.14025,NA,NA,NA,NA,NA,NA,NA,NA
2022-07-01 22:50:00,NA,15.16,18.79999,19.94,20.56,NA,NA,NA,NA,NA,NA,NA,NA,NA,4.90048,11.70064,19.19053,24.14973,NA,NA,NA,NA,NA,NA,NA,NA
2022-07-01 23:00:00,NA,15.10999,18.82001,19.87,20.45999,NA,NA,NA,NA,NA,NA,NA,NA,NA,4.897475,11.69172,19.19966,24.1687,NA,NA,NA,NA,NA,NA,NA,NA
2022-07-01 23:10:00,NA,15.06,18.79001,19.87,20.57999,NA,NA,NA,NA,NA,NA,NA,NA,NA,4.897475,11.68874,19.19509,24.14025,NA,NA,NA,NA,NA,NA,NA,NA
2022-07-01 23:20:00,NA,14.89999,18.79001,19.81,20.48001,NA,NA,NA,NA,NA,NA,NA,NA,NA,4.903487,11.67982,19.20421,24.15922,NA,NA,NA,NA,NA,NA,NA,NA
2022-07-01 23:30:00,NA,14.92001,18.70999,19.84,20.45999,NA,NA,NA,NA,NA,NA,NA,NA,NA,4.895973,11.68874,19.19053,24.16395,NA,NA,NA,NA,NA,NA,NA,NA
2022-07-01 23:40:00,NA,14.79001,18.67001,19.78,20.42001,NA,NA,NA,NA,NA,NA,NA,NA,NA,4.898977,11.69172,19.20421,24.1687,NA,NA,NA,NA,NA,NA,NA,NA
2022-07-01 23:50:00,NA,14.66,18.54001,19.67001,20.42999,NA,NA,NA,NA,NA,NA,NA,NA,NA,4.90048,11.70064,19.22248,24.15922,NA,NA,NA,NA,NA,NA,NA,NA
2022-07-02 00:00:00,NA,14.47,18.54999,19.69,20.42999,NA,NA,NA,NA,NA,NA,NA,NA,NA,4.911013,11.69469,19.21334,24.15447,NA,NA,NA,NA,NA,NA,NA,NA
2022-07-02 00:10:00,NA,14.45001,18.45001,19.70999,20.41,NA,NA,NA,NA,NA,NA,NA,NA,NA,4.908002,11.70362,19.19966,24.15922,NA,NA,NA,NA,NA,NA,NA,NA
2022-07-02 00:20:00,NA,14.29001,18.42001,19.69,20.41,NA,NA,NA,NA,NA,NA,NA,NA,NA,4.912516,11.70064,19.19966,24.15447,NA,NA,NA,NA,NA,NA,NA,NA
2022-07-02 00:30:00,NA,14.26001,18.45999,19.66,20.42999,NA,NA,NA,NA,NA,NA,NA,NA,NA,4.909506,11.68874,19.20421,24.14499,NA,NA,NA,NA,NA,NA,NA,NA
2022-07-02 00:40:00,NA,14.26001,18.41,19.73999,20.42999,NA,NA,NA,NA,NA,NA,NA,NA,NA,4.906496,11.69172,19.18142,24.14499,NA,NA,NA,NA,NA,NA,NA,NA
2022-07-02 00:50:00,NA,14.07999,18.35999,19.60001,20.35999,NA,NA,NA,NA,NA,NA,NA,NA,NA,4.915531,11.69172,19.20421,24.15447,NA,NA,NA,NA,NA,NA,NA,NA
2022-07-02 01:00:00,NA,14.04999,18.29999,19.51999,20.32999,NA,NA,NA,NA,NA,NA,NA,NA,NA,4.912516,11.69469,19.21791,24.16395,NA,NA,NA,NA,NA,NA,NA,NA
2022-07-02 01:10:00,NA,14.04999,18.25,19.45001,20.32999,NA,NA,NA,NA,NA,NA,NA,NA,NA,4.908002,11.69469,19.22705,24.15922,NA,NA,NA,NA,NA,NA,NA,NA
2022-07-02 01:20:00,NA,13.87,18.20001,19.51999,20.35999,NA,NA,NA,NA,NA,NA,NA,NA,NA,4.918544,11.69767,19.20421,24.14499,NA,NA,NA,NA,NA,NA,NA,NA
2022-07-02 01:30:00,NA,13.84,18.20001,19.48001,20.23999,NA,NA,NA,NA,NA,NA,NA,NA,NA,4.917037,11.69172,19.20878,24.1687,NA,NA,NA,NA,NA,NA,NA,NA
2022-07-02 01:40:00,NA,13.70999,18.12,19.51999,20.28,NA,NA,NA,NA,NA,NA,NA,NA,NA,4.923068,11.69767,19.19509,24.15447,NA,NA,NA,NA,NA,NA,NA,NA
2022-07-02 01:50:00,NA,13.63,18.01999,19.54001,20.26001,NA,NA,NA,NA,NA,NA,NA,NA,NA,4.924577,11.7066,19.18142,24.15922,NA,NA,NA,NA,NA,NA,NA,NA
2022-07-02 02:00:00,NA,13.72,18.04001,19.51001,20.23001,NA,NA,NA,NA,NA,NA,NA,NA,NA,4.912516,11.69767,19.18597,24.16395,NA,NA,NA,NA,NA,NA,NA,NA
2022-07-02 02:10:00,NA,13.5,18.04001,19.44,20.26001,NA,NA,NA,NA,NA,NA,NA,NA,NA,4.924577,11.69172,19.19509,24.15447,NA,NA,NA,NA,NA,NA,NA,NA
2022-07-02 02:20:00,NA,13.42001,17.92001,19.29001,20.23001,NA,NA,NA,NA,NA,NA,NA,NA,NA,4.926085,11.69767,19.22705,24.15922,NA,NA,NA,NA,NA,NA,NA,NA
2022-07-02 02:30:00,NA,13.39001,17.89999,19.29001,20.20001,NA,NA,NA,NA,NA,NA,NA,NA,NA,4.924577,11.69469,19.21791,24.15922,NA,NA,NA,NA,NA,NA,NA,NA
2022-07-02 02:40:00,NA,13.28,17.78,19.26999,20.23001,NA,NA,NA,NA,NA,NA,NA,NA,NA,4.930613,11.7066,19.21791,24.14973,NA,NA,NA,NA,NA,NA,NA,NA
2022-07-02 02:50:00,NA,13.23001,17.76001,19.29999,20.17999,NA,NA,NA,NA,NA,NA,NA,NA,NA,4.930613,11.70362,19.20878,24.15922,NA,NA,NA,NA,NA,NA,NA,NA
2022-07-02 03:00:00,NA,13.23001,17.64001,19.26001,20.10999,NA,NA,NA,NA,NA,NA,NA,NA,NA,4.927593,11.71553,19.20878,24.17344,NA,NA,NA,NA,NA,NA,NA,NA
2022-07-02 03:10:00,NA,13.04999,17.64999,19.19,20.06,NA,NA,NA,NA,NA,NA,NA,NA,NA,4.938168,11.70957,19.21791,24.1782,NA,NA,NA,NA,NA,NA,NA,NA
2022-07-02 03:20:00,NA,13.01999,17.64001,19.17999,20.17999,NA,NA,NA,NA,NA,NA,NA,NA,NA,4.936657,11.7066,19.21791,24.14499,NA,NA,NA,NA,NA,NA,NA,NA
2022-07-02 03:30:00,NA,12.94,17.67001,19.14001,20.03,NA,NA,NA,NA,NA,NA,NA,NA,NA,4.941191,11.69767,19.21791,24.1782,NA,NA,NA,NA,NA,NA,NA,NA
2022-07-02 03:40:00,NA,12.84,17.59,19.16,20.03,NA,NA,NA,NA,NA,NA,NA,NA,NA,4.944217,11.70064,19.20878,24.17344,NA,NA,NA,NA,NA,NA,NA,NA
2022-07-02 03:50:00,NA,12.81,17.59,19.16,20.03,NA,NA,NA,NA,NA,NA,NA,NA,NA,4.944217,11.69469,19.20421,24.1687,NA,NA,NA,NA,NA,NA,NA,NA
2022-07-02 04:00:00,NA,12.70001,17.41,19.12,20.03,NA,NA,NA,NA,NA,NA,NA,NA,NA,4.948759,11.71553,19.20878,24.1687,NA,NA,NA,NA,NA,NA,NA,NA
2022-07-02 04:10:00,NA,12.62,17.38,19.12,20.06,NA,NA,NA,NA,NA,NA,NA,NA,NA,4.950274,11.71553,19.20421,24.15447,NA,NA,NA,NA,NA,NA,NA,NA
2022-07-02 04:20:00,NA,12.59,17.42999,19.14001,20.01001,NA,NA,NA,NA,NA,NA,NA,NA,NA,4.948759,11.70362,19.19053,24.16395,NA,NA,NA,NA,NA,NA,NA,NA
2022-07-02 04:30:00,NA,12.59,17.35001,19.06,20.01001,NA,NA,NA,NA,NA,NA,NA,NA,NA,4.945731,11.7066,19.20421,24.15922,NA,NA,NA,NA,NA,NA,NA,NA
2022-07-02 04:40:00,NA,12.44,17.23999,18.85001,20.03,NA,NA,NA,NA,NA,NA,NA,NA,NA,4.956333,11.72149,19.24533,24.14973,NA,NA,NA,NA,NA,NA,NA,NA
2022-07-02 04:50:00,NA,12.35999,17.17001,18.92999,19.91,NA,NA,NA,NA,NA,NA,NA,NA,NA,4.959365,11.72447,19.21791,24.1687,NA,NA,NA,NA,NA,NA,NA,NA
2022-07-02 05:00:00,NA,12.38,17.22,18.91,19.85999,NA,NA,NA,NA,NA,NA,NA,NA,NA,4.957849,11.71256,19.21791,24.18294,NA,NA,NA,NA,NA,NA,NA,NA
2022-07-02 05:10:00,NA,12.41,17.13,18.95001,19.91,NA,NA,NA,NA,NA,NA,NA,NA,NA,4.957849,11.71851,19.20421,24.16395,NA,NA,NA,NA,NA,NA,NA,NA
2022-07-02 05:20:00,NA,12.48001,17.12,18.88,19.85999,NA,NA,NA,NA,NA,NA,NA,NA,NA,4.956333,11.71553,19.21334,24.17344,NA,NA,NA,NA,NA,NA,NA,NA
2022-07-02 05:30:00,NA,12.38,17.03,18.79999,19.82999,NA,NA,NA,NA,NA,NA,NA,NA,NA,4.965434,11.72447,19.22705,24.17344,NA,NA,NA,NA,NA,NA,NA,NA
2022-07-02 05:40:00,NA,12.51999,17.01001,18.73999,19.85999,NA,NA,NA,NA,NA,NA,NA,NA,NA,4.959365,11.72149,19.23162,24.1687,NA,NA,NA,NA,NA,NA,NA,NA
2022-07-02 05:50:00,NA,12.62,16.95999,18.73999,19.82999,NA,NA,NA,NA,NA,NA,NA,NA,NA,4.956333,11.72447,19.22248,24.1687,NA,NA,NA,NA,NA,NA,NA,NA
2022-07-02 06:00:00,NA,12.64001,16.88,18.72,19.81,NA,NA,NA,NA,NA,NA,NA,NA,NA,4.962399,11.73043,19.22248,24.1687,NA,NA,NA,NA,NA,NA,NA,NA
2022-07-02 06:10:00,NA,12.79999,16.88,18.72,19.85001,NA,NA,NA,NA,NA,NA,NA,NA,NA,4.956333,11.72745,19.21791,24.15922,NA,NA,NA,NA,NA,NA,NA,NA
2022-07-02 06:20:00,NA,12.85999,16.82001,18.70001,19.76001,NA,NA,NA,NA,NA,NA,NA,NA,NA,4.957849,11.73043,19.21791,24.1782,NA,NA,NA,NA,NA,NA,NA,NA
2022-07-02 06:30:00,NA,13.07999,16.82001,18.72,19.73001,NA,NA,NA,NA,NA,NA,NA,NA,NA,4.950274,11.72745,19.20421,24.1782,NA,NA,NA,NA,NA,NA,NA,NA
2022-07-02 06:40:00,NA,13.23001,16.79999,18.62,19.66,NA,NA,NA,NA,NA,NA,NA,NA,NA,4.950274,11.72745,19.22248,24.19243,NA,NA,NA,NA,NA,NA,NA,NA
2022-07-02 06:50:00,NA,13.42001,16.79999,18.54001,19.63,NA,NA,NA,NA,NA,NA,NA,NA,NA,4.947244,11.72447,19.23619,24.19718,NA,NA,NA,NA,NA,NA,NA,NA
2022-07-02 07:00:00,NA,13.64999,16.78,18.54001,19.63,NA,NA,NA,NA,NA,NA,NA,NA,NA,4.945731,11.72447,19.23162,24.19243,NA,NA,NA,NA,NA,NA,NA,NA
2022-07-02 07:10:00,NA,14.01999,16.76999,18.51001,19.63,NA,NA,NA,NA,NA,NA,NA,NA,NA,4.933634,11.72149,19.23162,24.18768,NA,NA,NA,NA,NA,NA,NA,NA
2022-07-02 07:20:00,NA,14.23999,16.72,18.51001,19.63,NA,NA,NA,NA,NA,NA,NA,NA,NA,4.935146,11.72745,19.22705,24.18294,NA,NA,NA,NA,NA,NA,NA,NA
2022-07-02 07:30:00,NA,14.47,16.72,18.54001,19.63,NA,NA,NA,NA,NA,NA,NA,NA,NA,4.933634,11.72447,19.21334,24.1782,NA,NA,NA,NA,NA,NA,NA,NA
2022-07-02 07:40:00,NA,14.76001,16.75,18.45999,19.60999,NA,NA,NA,NA,NA,NA,NA,NA,NA,4.926085,11.71553,19.22248,24.1782,NA,NA,NA,NA,NA,NA,NA,NA
2022-07-02 07:50:00,NA,14.89999,16.64001,18.39999,19.57999,NA,NA,NA,NA,NA,NA,NA,NA,NA,4.933634,11.73341,19.23619,24.18294,NA,NA,NA,NA,NA,NA,NA,NA
2022-07-02 08:00:00,NA,15.31,16.75,18.32999,19.53,NA,NA,NA,NA,NA,NA,NA,NA,NA,4.923068,11.71851,19.24076,24.19243,NA,NA,NA,NA,NA,NA,NA,NA
2022-07-02 08:10:00,NA,15.69,16.69,18.32999,19.53,NA,NA,NA,NA,NA,NA,NA,NA,NA,4.914023,11.72745,19.23619,24.18768,NA,NA,NA,NA,NA,NA,NA,NA
2022-07-02 08:20:00,NA,15.92999,16.60999,18.32999,19.45999,NA,NA,NA,NA,NA,NA,NA,NA,NA,4.912516,11.7364,19.23162,24.19718,NA,NA,NA,NA,NA,NA,NA,NA
2022-07-02 08:30:00,NA,16.37,16.76999,18.32999,19.42999,NA,NA,NA,NA,NA,NA,NA,NA,NA,4.904991,11.71256,19.22248,24.20194,NA,NA,NA,NA,NA,NA,NA,NA
2022-07-02 08:40:00,NA,16.76999,16.79999,18.31,19.42999,NA,NA,NA,NA,NA,NA,NA,NA,NA,4.897475,11.71256,19.22248,24.20194,NA,NA,NA,NA,NA,NA,NA,NA
2022-07-02 08:50:00,NA,17.19,16.79999,18.26001,19.42999,NA,NA,NA,NA,NA,NA,NA,NA,NA,4.889965,11.71256,19.23162,24.19718,NA,NA,NA,NA,NA,NA,NA,NA
2022-07-02 09:00:00,NA,17.62,16.79999,18.29999,19.42999,NA,NA,NA,NA,NA,NA,NA,NA,NA,4.883964,11.71553,19.21791,24.19243,NA,NA,NA,NA,NA,NA,NA,NA
2022-07-02 09:10:00,NA,18.22,16.85001,18.20001,19.37,NA,NA,NA,NA,NA,NA,NA,NA,NA,4.873474,11.71256,19.23619,24.20194,NA,NA,NA,NA,NA,NA,NA,NA
2022-07-02 09:20:00,NA,18.64001,16.88,18.25,19.38,NA,NA,NA,NA,NA,NA,NA,NA,NA,4.863002,11.71256,19.22248,24.19243,NA,NA,NA,NA,NA,NA,NA,NA
2022-07-02 09:30:00,NA,18.70001,17.01001,18.07001,19.42999,NA,NA,NA,NA,NA,NA,NA,NA,NA,4.867489,11.70064,19.25446,24.18294,NA,NA,NA,NA,NA,NA,NA,NA
2022-07-02 09:40:00,NA,18.89001,17.01001,18.14001,19.32999,NA,NA,NA,NA,NA,NA,NA,NA,NA,4.863002,11.7066,19.24076,24.20194,NA,NA,NA,NA,NA,NA,NA,NA
2022-07-02 09:50:00,NA,19.07001,17.12,18.17001,19.31,NA,NA,NA,NA,NA,NA,NA,NA,NA,4.852546,11.69469,19.22705,24.20194,NA,NA,NA,NA,NA,NA,NA,NA
2022-07-02 10:00:00,NA,19.31,17.20001,18.10001,19.25,NA,NA,NA,NA,NA,NA,NA,NA,NA,4.843597,11.68874,19.24076,24.21144,NA,NA,NA,NA,NA,NA,NA,NA
2022-07-02 10:10:00,NA,19.67001,17.23999,18.04999,19.23001,NA,NA,NA,NA,NA,NA,NA,NA,NA,4.831682,11.69469,19.2499,24.21144,NA,NA,NA,NA,NA,NA,NA,NA
2022-07-02 10:20:00,NA,20.10999,17.35001,18.12,19.23001,NA,NA,NA,NA,NA,NA,NA,NA,NA,4.819791,11.6828,19.23162,24.21144,NA,NA,NA,NA,NA,NA,NA,NA
2022-07-02 10:30:00,NA,20.79001,17.41,18.10001,19.23001,NA,NA,NA,NA,NA,NA,NA,NA,NA,4.803474,11.67982,19.23619,24.20668,NA,NA,NA,NA,NA,NA,NA,NA
2022-07-02 10:40:00,NA,21.56,17.45999,18.10001,19.23001,NA,NA,NA,NA,NA,NA,NA,NA,NA,4.78424,11.67982,19.23619,24.20668,NA,NA,NA,NA,NA,NA,NA,NA
2022-07-02 10:50:00,NA,22.26999,17.59,18.12,19.23001,NA,NA,NA,NA,NA,NA,NA,NA,NA,4.770959,11.66794,19.22705,24.20194,NA,NA,NA,NA,NA,NA,NA,NA
2022-07-02 11:00:00,NA,22.84,17.56,18.10001,19.23001,NA,NA,NA,NA,NA,NA,NA,NA,NA,4.765066,11.6828,19.23162,24.20194,NA,NA,NA,NA,NA,NA,NA,NA
2022-07-02 11:10:00,NA,23.44,17.70001,18.12,19.23001,NA,NA,NA,NA,NA,NA,NA,NA,NA,4.759175,11.67092,19.22705,24.19243,NA,NA,NA,NA,NA,NA,NA,NA
2022-07-02 11:20:00,NA,24.10001,17.88,18.12,19.19,NA,NA,NA,NA,NA,NA,NA,NA,NA,4.744477,11.65606,19.22705,24.19718,NA,NA,NA,NA,NA,NA,NA,NA
2022-07-02 11:30:00,NA,24.42999,18.04001,18.12,19.17999,NA,NA,NA,NA,NA,NA,NA,NA,NA,4.73714,11.65013,19.22705,24.19718,NA,NA,NA,NA,NA,NA,NA,NA
2022-07-02 11:40:00,NA,24.54001,18.14001,18.12,19.16,NA,NA,NA,NA,NA,NA,NA,NA,NA,4.738607,11.65013,19.22705,24.20194,NA,NA,NA,NA,NA,NA,NA,NA
2022-07-02 11:50:00,NA,24.89001,18.25,18.07001,19.04999,NA,NA,NA,NA,NA,NA,NA,NA,NA,4.731276,11.64717,19.23619,24.22094,NA,NA,NA,NA,NA,NA,NA,NA
2022-07-02 12:00:00,NA,25.34,18.39001,18.20001,19.06,NA,NA,NA,NA,NA,NA,NA,NA,NA,4.723954,11.64123,19.21334,24.22094,NA,NA,NA,NA,NA,NA,NA,NA
2022-07-02 12:10:00,NA,25.91,18.45001,18.17001,19.13,NA,NA,NA,NA,NA,NA,NA,NA,NA,4.710794,11.65013,19.21791,24.19718,NA,NA,NA,NA,NA,NA,NA,NA
2022-07-02 12:20:00,NA,26.35999,18.63,18.25,19.03,NA,NA,NA,NA,NA,NA,NA,NA,NA,4.703495,11.63827,19.20421,24.22094,NA,NA,NA,NA,NA,NA,NA,NA
2022-07-02 12:30:00,NA,26.78,18.84,18.28,19.03,NA,NA,NA,NA,NA,NA,NA,NA,NA,4.694747,11.62345,19.20421,24.22094,NA,NA,NA,NA,NA,NA,NA,NA
2022-07-02 12:40:00,NA,27.32001,18.88,18.26001,19.10999,NA,NA,NA,NA,NA,NA,NA,NA,NA,4.67874,11.63827,19.21334,24.19718,NA,NA,NA,NA,NA,NA,NA,NA
2022-07-02 12:50:00,NA,27.78,19.04999,18.32999,19.04999,NA,NA,NA,NA,NA,NA,NA,NA,NA,4.670025,11.62642,19.19509,24.21144,NA,NA,NA,NA,NA,NA,NA,NA
2022-07-02 13:00:00,NA,28.17001,19.22,18.31,19.06,NA,NA,NA,NA,NA,NA,NA,NA,NA,4.662772,11.62049,19.20421,24.21144,NA,NA,NA,NA,NA,NA,NA,NA
2022-07-02 13:10:00,NA,28.54001,19.35999,18.31,19.06,NA,NA,NA,NA,NA,NA,NA,NA,NA,4.652632,11.62049,19.20878,24.21144,NA,NA,NA,NA,NA,NA,NA,NA
2022-07-02 13:20:00,NA,28.60999,19.60999,18.35999,19.04999,NA,NA,NA,NA,NA,NA,NA,NA,NA,4.651184,11.60273,19.20421,24.21144,NA,NA,NA,NA,NA,NA,NA,NA
2022-07-02 13:30:00,NA,28.38,19.67001,18.44,19.03,NA,NA,NA,NA,NA,NA,NA,NA,NA,4.649736,11.6116,19.19053,24.21144,NA,NA,NA,NA,NA,NA,NA,NA
2022-07-02 13:40:00,NA,28.16,19.81,18.48001,19.03,NA,NA,NA,NA,NA,NA,NA,NA,NA,4.649736,11.60865,19.19053,24.21144,NA,NA,NA,NA,NA,NA,NA,NA
2022-07-02 13:50:00,NA,27.92001,20.01999,18.51001,19.04999,NA,NA,NA,NA,NA,NA,NA,NA,NA,4.652632,11.59682,19.19053,24.20668,NA,NA,NA,NA,NA,NA,NA,NA
2022-07-02 14:00:00,NA,27.92001,20.07001,18.54001,19.04999,NA,NA,NA,NA,NA,NA,NA,NA,NA,4.651184,11.60569,19.19053,24.20668,NA,NA,NA,NA,NA,NA,NA,NA
2022-07-02 14:10:00,NA,28.16,20.23001,18.70001,19.04999,NA,NA,NA,NA,NA,NA,NA,NA,NA,4.641061,11.59682,19.15862,24.20668,NA,NA,NA,NA,NA,NA,NA,NA
2022-07-02 14:20:00,NA,28.38,20.44,18.73999,19.03,NA,NA,NA,NA,NA,NA,NA,NA,NA,4.632399,11.58204,19.15862,24.21144,NA,NA,NA,NA,NA,NA,NA,NA
2022-07-02 14:30:00,NA,28.62,20.44,18.67999,19.03,NA,NA,NA,NA,NA,NA,NA,NA,NA,4.626629,11.59682,19.18142,24.21144,NA,NA,NA,NA,NA,NA,NA,NA
2022-07-02 14:40:00,NA,28.94,20.64999,18.73999,19.03,NA,NA,NA,NA,NA,NA,NA,NA,NA,4.610792,11.57909,19.17685,24.21618,NA,NA,NA,NA,NA,NA,NA,NA
2022-07-02 14:50:00,NA,29.12,20.85999,18.73999,19.03,NA,NA,NA,NA,NA,NA,NA,NA,NA,4.605043,11.56432,19.18142,24.21618,NA,NA,NA,NA,NA,NA,NA,NA
2022-07-02 15:00:00,NA,29.25,20.85999,18.92999,19.07999,NA,NA,NA,NA,NA,NA,NA,NA,NA,4.600733,11.57909,19.14951,24.20668,NA,NA,NA,NA,NA,NA,NA,NA
2022-07-02 15:10:00,NA,29.25,21.07001,18.89001,19.06,NA,NA,NA,NA,NA,NA,NA,NA,NA,4.596428,11.56432,19.17229,24.21618,NA,NA,NA,NA,NA,NA,NA,NA
2022-07-02 15:20:00,NA,29.12,21.25,18.92999,19.17999,NA,NA,NA,NA,NA,NA,NA,NA,NA,4.584962,11.55253,19.16774,24.18768,NA,NA,NA,NA,NA,NA,NA,NA
2022-07-02 15:30:00,NA,28.85999,21.28,19.04001,19.17999,NA,NA,NA,NA,NA,NA,NA,NA,NA,4.583529,11.56432,19.15407,24.18768,NA,NA,NA,NA,NA,NA,NA,NA
2022-07-02 15:40:00,NA,28.59,21.45999,19.14001,19.20999,NA,NA,NA,NA,NA,NA,NA,NA,NA,4.572085,11.54957,19.14496,24.18768,NA,NA,NA,NA,NA,NA,NA,NA
2022-07-02 15:50:00,NA,28.17999,21.51999,19.10001,19.23001,NA,NA,NA,NA,NA,NA,NA,NA,NA,4.570657,11.55547,19.16318,24.18294,NA,NA,NA,NA,NA,NA,NA,NA
2022-07-02 16:00:00,NA,27.72,21.70001,19.12,19.20999,NA,NA,NA,NA,NA,NA,NA,NA,NA,4.573514,11.5378,19.16774,24.19243,NA,NA,NA,NA,NA,NA,NA,NA
2022-07-02 16:10:00,NA,27.32001,21.70001,19.28,19.25,NA,NA,NA,NA,NA,NA,NA,NA,NA,4.573514,11.54957,19.14041,24.18294,NA,NA,NA,NA,NA,NA,NA,NA
2022-07-02 16:20:00,NA,27,21.78,19.32999,19.23001,NA,NA,NA,NA,NA,NA,NA,NA,NA,4.569227,11.54368,19.14041,24.19243,NA,NA,NA,NA,NA,NA,NA,NA
2022-07-02 16:30:00,NA,26.63,21.88,19.35001,19.25,NA,NA,NA,NA,NA,NA,NA,NA,NA,4.566371,11.5319,19.14951,24.18768,NA,NA,NA,NA,NA,NA,NA,NA
2022-07-02 16:40:00,NA,26.35999,21.91,19.35001,19.25,NA,NA,NA,NA,NA,NA,NA,NA,NA,4.559236,11.53484,19.15407,24.19243,NA,NA,NA,NA,NA,NA,NA,NA
2022-07-02 16:50:00,NA,26.14999,21.91,19.51999,19.23001,NA,NA,NA,NA,NA,NA,NA,NA,NA,4.556384,11.5378,19.12675,24.20194,NA,NA,NA,NA,NA,NA,NA,NA
2022-07-02 17:00:00,NA,26.29001,21.94,19.45001,19.28,NA,NA,NA,NA,NA,NA,NA,NA,NA,4.540722,11.53484,19.15407,24.19243,NA,NA,NA,NA,NA,NA,NA,NA
2022-07-02 17:10:00,NA,26.31,21.94,19.48001,19.38,NA,NA,NA,NA,NA,NA,NA,NA,NA,4.527937,11.53484,19.15407,24.17344,NA,NA,NA,NA,NA,NA,NA,NA
2022-07-02 17:20:00,NA,26.10999,21.94,19.64001,19.38,NA,NA,NA,NA,NA,NA,NA,NA,NA,4.5251,11.53484,19.1313,24.17344,NA,NA,NA,NA,NA,NA,NA,NA
2022-07-02 17:30:00,NA,25.87,21.98999,19.70001,19.39999,NA,NA,NA,NA,NA,NA,NA,NA,NA,4.51801,11.52895,19.12675,24.17344,NA,NA,NA,NA,NA,NA,NA,NA
2022-07-02 17:40:00,NA,25.56,22.01999,19.73001,19.41,NA,NA,NA,NA,NA,NA,NA,NA,NA,4.512347,11.52601,19.12675,24.1782,NA,NA,NA,NA,NA,NA,NA,NA
2022-07-02 17:50:00,NA,25.19,22.07001,19.69,19.42999,NA,NA,NA,NA,NA,NA,NA,NA,NA,4.512347,11.52013,19.14041,24.1782,NA,NA,NA,NA,NA,NA,NA,NA
2022-07-02 18:00:00,NA,25,22.04001,19.67001,19.42999,NA,NA,NA,NA,NA,NA,NA,NA,NA,4.503858,11.52601,19.15407,24.1782,NA,NA,NA,NA,NA,NA,NA,NA
2022-07-02 18:10:00,NA,24.73999,22.01999,19.76001,19.42999,NA,NA,NA,NA,NA,NA,NA,NA,NA,4.501033,11.52601,19.14041,24.18294,NA,NA,NA,NA,NA,NA,NA,NA
2022-07-02 18:20:00,NA,24.63,21.98999,19.98001,19.42999,NA,NA,NA,NA,NA,NA,NA,NA,NA,4.489739,11.52601,19.09947,24.18768,NA,NA,NA,NA,NA,NA,NA,NA
2022-07-02 18:30:00,NA,24.39999,21.95999,19.94,19.56,NA,NA,NA,NA,NA,NA,NA,NA,NA,4.488329,11.52601,19.1131,24.15922,NA,NA,NA,NA,NA,NA,NA,NA
2022-07-02 18:40:00,NA,24.20999,21.98999,20,19.53,NA,NA,NA,NA,NA,NA,NA,NA,NA,4.482692,11.52013,19.10856,24.17344,NA,NA,NA,NA,NA,NA,NA,NA
2022-07-02 18:50:00,NA,24,22.01999,19.94,19.66,NA,NA,NA,NA,NA,NA,NA,NA,NA,4.474245,11.51424,19.12675,24.14499,NA,NA,NA,NA,NA,NA,NA,NA
2022-07-02 19:00:00,NA,23.79001,21.94,19.98001,19.66,NA,NA,NA,NA,NA,NA,NA,NA,NA,4.470025,11.52013,19.12675,24.14973,NA,NA,NA,NA,NA,NA,NA,NA
2022-07-02 19:10:00,NA,23.45001,21.94,20.04001,19.66,NA,NA,NA,NA,NA,NA,NA,NA,NA,4.471431,11.51718,19.11765,24.15447,NA,NA,NA,NA,NA,NA,NA,NA
2022-07-02 19:20:00,NA,23.23001,21.91,20.06,19.63,NA,NA,NA,NA,NA,NA,NA,NA,NA,4.46862,11.52013,19.11765,24.16395,NA,NA,NA,NA,NA,NA,NA,NA
2022-07-02 19:30:00,NA,22.95001,21.88,20.12,19.63,NA,NA,NA,NA,NA,NA,NA,NA,NA,4.465809,11.51718,19.10856,24.16395,NA,NA,NA,NA,NA,NA,NA,NA
2022-07-02 19:40:00,NA,22.75,21.91,20.17001,19.66,NA,NA,NA,NA,NA,NA,NA,NA,NA,4.460192,11.50836,19.10402,24.1687,NA,NA,NA,NA,NA,NA,NA,NA
2022-07-02 19:50:00,NA,22.54001,21.79999,20.07999,19.66,NA,NA,NA,NA,NA,NA,NA,NA,NA,4.453179,11.52013,19.12675,24.1687,NA,NA,NA,NA,NA,NA,NA,NA
2022-07-02 20:00:00,NA,22.32001,21.73001,20.09,19.63,NA,NA,NA,NA,NA,NA,NA,NA,NA,4.448974,11.52601,19.1313,24.1782,NA,NA,NA,NA,NA,NA,NA,NA
2022-07-02 20:10:00,NA,22.01001,21.73001,20.10999,19.70999,NA,NA,NA,NA,NA,NA,NA,NA,NA,4.450375,11.52013,19.12675,24.16395,NA,NA,NA,NA,NA,NA,NA,NA
2022-07-02 20:20:00,NA,21.70001,21.73001,20.23999,19.73001,NA,NA,NA,NA,NA,NA,NA,NA,NA,4.450375,11.51718,19.09947,24.15922,NA,NA,NA,NA,NA,NA,NA,NA
2022-07-02 20:30:00,NA,21.48001,21.70001,20.20999,19.79001,NA,NA,NA,NA,NA,NA,NA,NA,NA,4.443373,11.51424,19.1131,24.14973,NA,NA,NA,NA,NA,NA,NA,NA
2022-07-02 20:40:00,NA,21.19,21.59,20.29001,19.78,NA,NA,NA,NA,NA,NA,NA,NA,NA,4.443373,11.52307,19.09492,24.15447,NA,NA,NA,NA,NA,NA,NA,NA
2022-07-02 20:50:00,NA,20.92999,21.51999,20.23999,19.82999,NA,NA,NA,NA,NA,NA,NA,NA,NA,4.441972,11.52895,19.10856,24.14499,NA,NA,NA,NA,NA,NA,NA,NA
2022-07-02 21:00:00,NA,20.64001,21.48999,20.25,19.85999,NA,NA,NA,NA,NA,NA,NA,NA,NA,4.443373,11.52307,19.10856,24.14499,NA,NA,NA,NA,NA,NA,NA,NA
2022-07-02 21:10:00,NA,20.42001,21.45999,20.32999,19.85999,NA,NA,NA,NA,NA,NA,NA,NA,NA,4.441972,11.52307,19.09492,24.14499,NA,NA,NA,NA,NA,NA,NA,NA
2022-07-02 21:20:00,NA,20.25,21.29999,20.31,19.82999,NA,NA,NA,NA,NA,NA,NA,NA,NA,4.43498,11.54073,19.09947,24.15447,NA,NA,NA,NA,NA,NA,NA,NA
2022-07-02 21:30:00,NA,19.95001,21.28,20.37,19.82999,NA,NA,NA,NA,NA,NA,NA,NA,NA,4.437775,11.5378,19.08583,24.15922,NA,NA,NA,NA,NA,NA,NA,NA
2022-07-02 21:40:00,NA,19.63,21.28,20.31,19.91,NA,NA,NA,NA,NA,NA,NA,NA,NA,4.443373,11.52895,19.09947,24.14025,NA,NA,NA,NA,NA,NA,NA,NA
2022-07-02 21:50:00,NA,19.57001,21.12,20.26999,19.92999,NA,NA,NA,NA,NA,NA,NA,NA,NA,4.432185,11.54368,19.1131,24.14025,NA,NA,NA,NA,NA,NA,NA,NA
2022-07-02 22:00:00,NA,19.31,21.09,20.35001,19.91,NA,NA,NA,NA,NA,NA,NA,NA,NA,4.43498,11.54073,19.09038,24.14499,NA,NA,NA,NA,NA,NA,NA,NA
2022-07-02 22:10:00,NA,19.12,21.07001,20.25,20.03,NA,NA,NA,NA,NA,NA,NA,NA,NA,4.433581,11.53484,19.11765,24.12602,NA,NA,NA,NA,NA,NA,NA,NA
2022-07-02 22:20:00,NA,18.98001,21.07001,20.31,20.01001,NA,NA,NA,NA,NA,NA,NA,NA,NA,4.429391,11.52601,19.09947,24.13076,NA,NA,NA,NA,NA,NA,NA,NA
2022-07-02 22:30:00,NA,18.81,20.88,20.37,20.03,NA,NA,NA,NA,NA,NA,NA,NA,NA,4.427994,11.54368,19.08583,24.12602,NA,NA,NA,NA,NA,NA,NA,NA
2022-07-02 22:40:00,NA,18.59,20.85999,20.29001,20.03,NA,NA,NA,NA,NA,NA,NA,NA,NA,4.429391,11.5378,19.10402,24.13076,NA,NA,NA,NA,NA,NA,NA,NA
2022-07-02 22:50:00,NA,18.32999,20.75,20.39999,20.03,NA,NA,NA,NA,NA,NA,NA,NA,NA,4.433581,11.54368,19.08129,24.13551,NA,NA,NA,NA,NA,NA,NA,NA
2022-07-02 23:00:00,NA,18.16,20.67001,20.29001,20.01001,NA,NA,NA,NA,NA,NA,NA,NA,NA,4.433581,11.54957,19.09947,24.13551,NA,NA,NA,NA,NA,NA,NA,NA
2022-07-02 23:10:00,NA,18.04001,20.64999,20.31,20.03,NA,NA,NA,NA,NA,NA,NA,NA,NA,4.430787,11.54073,19.09492,24.13551,NA,NA,NA,NA,NA,NA,NA,NA
2022-07-02 23:20:00,NA,17.89001,20.54001,20.23999,20.03,NA,NA,NA,NA,NA,NA,NA,NA,NA,4.426599,11.55253,19.10402,24.13551,NA,NA,NA,NA,NA,NA,NA,NA
2022-07-02 23:30:00,NA,17.82999,20.44,20.29001,20.03,NA,NA,NA,NA,NA,NA,NA,NA,NA,4.419624,11.55842,19.09492,24.14025,NA,NA,NA,NA,NA,NA,NA,NA
2022-07-02 23:40:00,NA,17.62,20.44,20.26999,20.03,NA,NA,NA,NA,NA,NA,NA,NA,NA,4.423807,11.55253,19.09947,24.14025,NA,NA,NA,NA,NA,NA,NA,NA
2022-07-02 23:50:00,NA,17.42999,20.31,20.26001,20.03,NA,NA,NA,NA,NA,NA,NA,NA,NA,4.427994,11.56138,19.09492,24.14025,NA,NA,NA,NA,NA,NA,NA,NA
2022-07-03 00:00:00,NA,17.39999,20.25,20.19,20.03,NA,NA,NA,NA,NA,NA,NA,NA,NA,4.421017,11.56138,19.10856,24.14025,NA,NA,NA,NA,NA,NA,NA,NA
2022-07-03 00:10:00,NA,17.26999,20.20001,20.19,20.03,NA,NA,NA,NA,NA,NA,NA,NA,NA,4.421017,11.55842,19.10856,24.14025,NA,NA,NA,NA,NA,NA,NA,NA
2022-07-03 00:20:00,NA,17.07001,20.07001,20.09,20.03,NA,NA,NA,NA,NA,NA,NA,NA,NA,4.426599,11.57022,19.12675,24.14025,NA,NA,NA,NA,NA,NA,NA,NA
2022-07-03 00:30:00,NA,17.01001,20.04001,20.12,20.03,NA,NA,NA,NA,NA,NA,NA,NA,NA,4.422412,11.56432,19.1131,24.14499,NA,NA,NA,NA,NA,NA,NA,NA
2022-07-03 00:40:00,NA,16.92999,19.98999,20.09,20.03,NA,NA,NA,NA,NA,NA,NA,NA,NA,4.421017,11.56138,19.11765,24.14499,NA,NA,NA,NA,NA,NA,NA,NA
2022-07-03 00:50:00,NA,16.76999,19.88,20.07999,20.03,NA,NA,NA,NA,NA,NA,NA,NA,NA,4.423807,11.57318,19.11765,24.14499,NA,NA,NA,NA,NA,NA,NA,NA
2022-07-03 01:00:00,NA,16.66,19.82999,20.10001,20.03,NA,NA,NA,NA,NA,NA,NA,NA,NA,4.423807,11.57022,19.10856,24.14499,NA,NA,NA,NA,NA,NA,NA,NA
2022-07-03 01:10:00,NA,16.56,19.78,20.10001,20.03,NA,NA,NA,NA,NA,NA,NA,NA,NA,4.423807,11.57022,19.10402,24.14025,NA,NA,NA,NA,NA,NA,NA,NA
2022-07-03 01:20:00,NA,16.51001,19.79001,20.09,20.03,NA,NA,NA,NA,NA,NA,NA,NA,NA,4.421017,11.55842,19.10402,24.14499,NA,NA,NA,NA,NA,NA,NA,NA
2022-07-03 01:30:00,NA,16.35001,19.59,19.95001,20.01001,NA,NA,NA,NA,NA,NA,NA,NA,NA,4.425202,11.58204,19.12675,24.14499,NA,NA,NA,NA,NA,NA,NA,NA
2022-07-03 01:40:00,NA,16.32001,19.62,19.92001,20.03,NA,NA,NA,NA,NA,NA,NA,NA,NA,4.419624,11.57318,19.1313,24.14025,NA,NA,NA,NA,NA,NA,NA,NA
2022-07-03 01:50:00,NA,16.16,19.59,19.89999,20.03,NA,NA,NA,NA,NA,NA,NA,NA,NA,4.425202,11.56728,19.1313,24.14499,NA,NA,NA,NA,NA,NA,NA,NA
2022-07-03 02:00:00,NA,16.14001,19.51001,19.92001,20.01001,NA,NA,NA,NA,NA,NA,NA,NA,NA,4.419624,11.57022,19.1222,24.14499,NA,NA,NA,NA,NA,NA,NA,NA
2022-07-03 02:10:00,NA,15.95999,19.41,19.89001,20.01001,NA,NA,NA,NA,NA,NA,NA,NA,NA,4.426599,11.57613,19.1222,24.14499,NA,NA,NA,NA,NA,NA,NA,NA
2022-07-03 02:20:00,NA,15.92999,19.35999,19.85001,20.01001,NA,NA,NA,NA,NA,NA,NA,NA,NA,4.421017,11.57613,19.12675,24.14499,NA,NA,NA,NA,NA,NA,NA,NA
2022-07-03 02:30:00,NA,15.76999,19.20001,19.89001,20.03,NA,NA,NA,NA,NA,NA,NA,NA,NA,4.425202,11.5909,19.1131,24.13551,NA,NA,NA,NA,NA,NA,NA,NA
2022-07-03 02:40:00,NA,15.73999,19.22,19.84,20.01001,NA,NA,NA,NA,NA,NA,NA,NA,NA,4.422412,11.58204,19.1222,24.14025,NA,NA,NA,NA,NA,NA,NA,NA
2022-07-03 02:50:00,NA,15.64001,19.19,19.87,20.03,NA,NA,NA,NA,NA,NA,NA,NA,NA,4.422412,11.57613,19.10856,24.13551,NA,NA,NA,NA,NA,NA,NA,NA
2022-07-03 03:00:00,NA,15.53,19.10999,19.76001,20.01001,NA,NA,NA,NA,NA,NA,NA,NA,NA,4.423807,11.58499,19.12675,24.14025,NA,NA,NA,NA,NA,NA,NA,NA
2022-07-03 03:10:00,NA,15.39999,19.03,19.73001,20.03,NA,NA,NA,NA,NA,NA,NA,NA,NA,4.425202,11.58795,19.12675,24.13076,NA,NA,NA,NA,NA,NA,NA,NA
2022-07-03 03:20:00,NA,15.32001,19,19.64999,20.06,NA,NA,NA,NA,NA,NA,NA,NA,NA,4.425202,11.58795,19.14041,24.12129,NA,NA,NA,NA,NA,NA,NA,NA
2022-07-03 03:30:00,NA,15.29001,18.92999,19.70999,20.03,NA,NA,NA,NA,NA,NA,NA,NA,NA,4.422412,11.58795,19.1222,24.13076,NA,NA,NA,NA,NA,NA,NA,NA
2022-07-03 03:40:00,NA,15.16,18.89001,19.66,20.03,NA,NA,NA,NA,NA,NA,NA,NA,NA,4.425202,11.58795,19.1313,24.12602,NA,NA,NA,NA,NA,NA,NA,NA
2022-07-03 03:50:00,NA,15.07999,18.78,19.72,19.98001,NA,NA,NA,NA,NA,NA,NA,NA,NA,4.426599,11.59386,19.1131,24.13551,NA,NA,NA,NA,NA,NA,NA,NA
2022-07-03 04:00:00,NA,15.03,18.79999,19.64999,19.98999,NA,NA,NA,NA,NA,NA,NA,NA,NA,4.425202,11.58795,19.1222,24.12602,NA,NA,NA,NA,NA,NA,NA,NA
2022-07-03 04:10:00,NA,14.89999,18.70001,19.60999,20.06,NA,NA,NA,NA,NA,NA,NA,NA,NA,4.429391,11.5909,19.1222,24.11181,NA,NA,NA,NA,NA,NA,NA,NA
2022-07-03 04:20:00,NA,14.87,18.66,19.64001,20.03,NA,NA,NA,NA,NA,NA,NA,NA,NA,4.426599,11.5909,19.1131,24.12129,NA,NA,NA,NA,NA,NA,NA,NA
2022-07-03 04:30:00,NA,14.89999,18.57001,19.59,19.89001,NA,NA,NA,NA,NA,NA,NA,NA,NA,4.421017,11.59977,19.11765,24.14499,NA,NA,NA,NA,NA,NA,NA,NA
2022-07-03 04:40:00,NA,14.67999,18.54001,19.51999,19.92999,NA,NA,NA,NA,NA,NA,NA,NA,NA,4.432185,11.59386,19.12675,24.13551,NA,NA,NA,NA,NA,NA,NA,NA
2022-07-03 04:50:00,NA,14.67999,18.57999,19.54001,19.91,NA,NA,NA,NA,NA,NA,NA,NA,NA,4.430787,11.58204,19.11765,24.13551,NA,NA,NA,NA,NA,NA,NA,NA
2022-07-03 05:00:00,NA,14.73999,18.42001,19.54001,19.82999,NA,NA,NA,NA,NA,NA,NA,NA,NA,4.426599,11.59977,19.10856,24.15447,NA,NA,NA,NA,NA,NA,NA,NA
2022-07-03 05:10:00,NA,14.67999,18.44,19.48999,19.85999,NA,NA,NA,NA,NA,NA,NA,NA,NA,4.430787,11.58795,19.11765,24.14499,NA,NA,NA,NA,NA,NA,NA,NA
2022-07-03 05:20:00,NA,14.82001,18.37,19.39999,19.82999,NA,NA,NA,NA,NA,NA,NA,NA,NA,4.423807,11.5909,19.1313,24.14973,NA,NA,NA,NA,NA,NA,NA,NA
2022-07-03 05:30:00,NA,14.87,18.41,19.39001,19.82999,NA,NA,NA,NA,NA,NA,NA,NA,NA,4.422412,11.58204,19.12675,24.14973,NA,NA,NA,NA,NA,NA,NA,NA
2022-07-03 05:40:00,NA,14.89999,18.32001,19.37,19.81,NA,NA,NA,NA,NA,NA,NA,NA,NA,4.425202,11.58795,19.12675,24.14973,NA,NA,NA,NA,NA,NA,NA,NA
2022-07-03 05:50:00,NA,14.92001,18.26001,19.29001,19.82999,NA,NA,NA,NA,NA,NA,NA,NA,NA,4.427994,11.5909,19.14041,24.14499,NA,NA,NA,NA,NA,NA,NA,NA
2022-07-03 06:00:00,NA,14.98001,18.20999,19.35001,19.81,NA,NA,NA,NA,NA,NA,NA,NA,NA,4.429391,11.5909,19.1222,24.14973,NA,NA,NA,NA,NA,NA,NA,NA
2022-07-03 06:10:00,NA,15.07999,18.17999,19.32999,19.81,NA,NA,NA,NA,NA,NA,NA,NA,NA,4.427994,11.5909,19.1222,24.14499,NA,NA,NA,NA,NA,NA,NA,NA
2022-07-03 06:20:00,NA,15.23999,18.10999,19.26999,19.78,NA,NA,NA,NA,NA,NA,NA,NA,NA,4.423807,11.59386,19.12675,24.14973,NA,NA,NA,NA,NA,NA,NA,NA
2022-07-03 06:30:00,NA,15.32001,18.12,19.20001,19.78,NA,NA,NA,NA,NA,NA,NA,NA,NA,4.425202,11.58499,19.13585,24.14973,NA,NA,NA,NA,NA,NA,NA,NA
2022-07-03 06:40:00,NA,15.5,18,19.12,19.67999,NA,NA,NA,NA,NA,NA,NA,NA,NA,4.421017,11.59386,19.14951,24.17344,NA,NA,NA,NA,NA,NA,NA,NA
2022-07-03 06:50:00,NA,15.70999,18.04001,19.17001,19.66,NA,NA,NA,NA,NA,NA,NA,NA,NA,4.416835,11.58795,19.12675,24.17344,NA,NA,NA,NA,NA,NA,NA,NA
2022-07-03 07:00:00,NA,15.92999,18.06,19.12,19.70999,NA,NA,NA,NA,NA,NA,NA,NA,NA,4.415442,11.57909,19.13585,24.15447,NA,NA,NA,NA,NA,NA,NA,NA
2022-07-03 07:10:00,NA,16.16,18.07001,19.16,19.66,NA,NA,NA,NA,NA,NA,NA,NA,NA,4.412656,11.57022,19.1222,24.1687,NA,NA,NA,NA,NA,NA,NA,NA
2022-07-03 07:20:00,NA,16.42001,17.98999,19.10001,19.63,NA,NA,NA,NA,NA,NA,NA,NA,NA,4.40987,11.57613,19.12675,24.17344,NA,NA,NA,NA,NA,NA,NA,NA
2022-07-03 07:30:00,NA,16.60999,17.97,19.12,19.63,NA,NA,NA,NA,NA,NA,NA,NA,NA,4.40987,11.57613,19.11765,24.1687,NA,NA,NA,NA,NA,NA,NA,NA
2022-07-03 07:40:00,NA,16.85001,18.01001,19.09,19.63,NA,NA,NA,NA,NA,NA,NA,NA,NA,4.408478,11.57022,19.11765,24.16395,NA,NA,NA,NA,NA,NA,NA,NA
2022-07-03 07:50:00,NA,17.09,17.91,19.07999,19.63,NA,NA,NA,NA,NA,NA,NA,NA,NA,4.405696,11.57613,19.11765,24.16395,NA,NA,NA,NA,NA,NA,NA,NA
2022-07-03 08:00:00,NA,17.39999,18.01001,18.95001,19.63,NA,NA,NA,NA,NA,NA,NA,NA,NA,4.400135,11.56432,19.13585,24.15922,NA,NA,NA,NA,NA,NA,NA,NA
2022-07-03 08:10:00,NA,17.67001,17.98999,18.95001,19.63,NA,NA,NA,NA,NA,NA,NA,NA,NA,4.395966,11.56138,19.1313,24.15922,NA,NA,NA,NA,NA,NA,NA,NA
2022-07-03 08:20:00,NA,17.92999,18.06,18.95001,19.63,NA,NA,NA,NA,NA,NA,NA,NA,NA,4.39319,11.55547,19.12675,24.15447,NA,NA,NA,NA,NA,NA,NA,NA
2022-07-03 08:30:00,NA,18.28,17.98999,18.95001,19.63,NA,NA,NA,NA,NA,NA,NA,NA,NA,4.391801,11.55842,19.1222,24.15447,NA,NA,NA,NA,NA,NA,NA,NA
2022-07-03 08:40:00,NA,18.67001,17.95001,18.91,19.56,NA,NA,NA,NA,NA,NA,NA,NA,NA,4.39319,11.56432,19.12675,24.16395,NA,NA,NA,NA,NA,NA,NA,NA
2022-07-03 08:50:00,NA,19.12,18.04001,18.91,19.63,NA,NA,NA,NA,NA,NA,NA,NA,NA,4.384866,11.55547,19.1222,24.14499,NA,NA,NA,NA,NA,NA,NA,NA
2022-07-03 09:00:00,NA,19.47,18.01999,18.92999,19.51001,NA,NA,NA,NA,NA,NA,NA,NA,NA,4.383479,11.56138,19.1131,24.17344,NA,NA,NA,NA,NA,NA,NA,NA
2022-07-03 09:10:00,NA,19.94,18.07001,18.85001,19.51001,NA,NA,NA,NA,NA,NA,NA,NA,NA,4.38071,11.55253,19.12675,24.1687,NA,NA,NA,NA,NA,NA,NA,NA
2022-07-03 09:20:00,NA,20.34,18.07001,18.70999,19.48001,NA,NA,NA,NA,NA,NA,NA,NA,NA,4.377939,11.55547,19.15407,24.1687,NA,NA,NA,NA,NA,NA,NA,NA
2022-07-03 09:30:00,NA,20.75,18.20001,18.75,19.48001,NA,NA,NA,NA,NA,NA,NA,NA,NA,4.372402,11.54073,19.14496,24.1687,NA,NA,NA,NA,NA,NA,NA,NA
2022-07-03 09:40:00,NA,21.16,18.20001,18.79999,19.42999,NA,NA,NA,NA,NA,NA,NA,NA,NA,4.364108,11.54368,19.1313,24.1782,NA,NA,NA,NA,NA,NA,NA,NA
2022-07-03 09:50:00,NA,21.29001,18.26001,18.72,19.42999,NA,NA,NA,NA,NA,NA,NA,NA,NA,4.365489,11.54073,19.14041,24.17344,NA,NA,NA,NA,NA,NA,NA,NA
2022-07-03 10:00:00,NA,21.31,18.45001,18.70001,19.42999,NA,NA,NA,NA,NA,NA,NA,NA,NA,4.365489,11.52307,19.14041,24.1687,NA,NA,NA,NA,NA,NA,NA,NA
2022-07-03 10:10:00,NA,21.31,18.42001,18.72,19.42999,NA,NA,NA,NA,NA,NA,NA,NA,NA,4.365489,11.52895,19.13585,24.1687,NA,NA,NA,NA,NA,NA,NA,NA
2022-07-03 10:20:00,NA,21.35001,18.48999,18.73999,19.42999,NA,NA,NA,NA,NA,NA,NA,NA,NA,4.368253,11.52895,19.12675,24.1687,NA,NA,NA,NA,NA,NA,NA,NA
2022-07-03 10:30:00,NA,21.59,18.53,18.73999,19.45999,NA,NA,NA,NA,NA,NA,NA,NA,NA,4.361346,11.52895,19.12675,24.15447,NA,NA,NA,NA,NA,NA,NA,NA
2022-07-03 10:40:00,NA,22.01001,18.54001,18.66,19.42999,NA,NA,NA,NA,NA,NA,NA,NA,NA,4.361346,11.52895,19.14041,24.16395,NA,NA,NA,NA,NA,NA,NA,NA
2022-07-03 10:50:00,NA,22.81,18.63,18.70001,19.41,NA,NA,NA,NA,NA,NA,NA,NA,NA,4.355825,11.52307,19.1313,24.16395,NA,NA,NA,NA,NA,NA,NA,NA
2022-07-03 11:00:00,NA,23.81,18.73999,18.70001,19.42999,NA,NA,NA,NA,NA,NA,NA,NA,NA,4.340669,11.5113,19.1313,24.15922,NA,NA,NA,NA,NA,NA,NA,NA
2022-07-03 11:10:00,NA,24.60001,18.79999,18.73999,19.32999,NA,NA,NA,NA,NA,NA,NA,NA,NA,4.335167,11.5113,19.1222,24.1782,NA,NA,NA,NA,NA,NA,NA,NA
2022-07-03 11:20:00,NA,25.29999,18.85001,18.73999,19.32999,NA,NA,NA,NA,NA,NA,NA,NA,NA,4.332418,11.5113,19.1222,24.1782,NA,NA,NA,NA,NA,NA,NA,NA
2022-07-03 11:30:00,NA,26.16,19,18.73999,19.31,NA,NA,NA,NA,NA,NA,NA,NA,NA,4.320063,11.49661,19.1222,24.1782,NA,NA,NA,NA,NA,NA,NA,NA
2022-07-03 11:40:00,NA,26.73999,19.01001,18.73999,19.41,NA,NA,NA,NA,NA,NA,NA,NA,NA,4.321434,11.50836,19.1222,24.15447,NA,NA,NA,NA,NA,NA,NA,NA
2022-07-03 11:50:00,NA,27.44,19.23999,18.76999,19.35001,NA,NA,NA,NA,NA,NA,NA,NA,NA,4.311841,11.48779,19.11765,24.16395,NA,NA,NA,NA,NA,NA,NA,NA
2022-07-03 12:00:00,NA,27.82999,19.32001,18.82999,19.38,NA,NA,NA,NA,NA,NA,NA,NA,NA,4.318691,11.48779,19.10402,24.15447,NA,NA,NA,NA,NA,NA,NA,NA
2022-07-03 12:10:00,NA,28.5,19.38,18.75,19.26001,NA,NA,NA,NA,NA,NA,NA,NA,NA,4.311841,11.49661,19.1222,24.18294,NA,NA,NA,NA,NA,NA,NA,NA
2022-07-03 12:20:00,NA,29.07999,19.62,18.91,19.26001,NA,NA,NA,NA,NA,NA,NA,NA,NA,4.310472,11.48191,19.08583,24.18294,NA,NA,NA,NA,NA,NA,NA,NA
2022-07-03 12:30:00,NA,29.67999,19.78,18.91,19.35001,NA,NA,NA,NA,NA,NA,NA,NA,NA,4.306366,11.47605,19.09038,24.15922,NA,NA,NA,NA,NA,NA,NA,NA
2022-07-03 12:40:00,NA,30.31,19.92999,18.95001,19.28,NA,NA,NA,NA,NA,NA,NA,NA,NA,4.298162,11.47018,19.08129,24.17344,NA,NA,NA,NA,NA,NA,NA,NA
2022-07-03 12:50:00,NA,30.89999,20.09,18.92999,19.28,NA,NA,NA,NA,NA,NA,NA,NA,NA,4.28588,11.47311,19.09038,24.17344,NA,NA,NA,NA,NA,NA,NA,NA
2022-07-03 13:00:00,NA,31.19,20.25,18.85001,19.26001,NA,NA,NA,NA,NA,NA,NA,NA,NA,4.281791,11.47018,19.1131,24.1782,NA,NA,NA,NA,NA,NA,NA,NA
2022-07-03 13:10:00,NA,31.42001,20.48999,18.94,19.26001,NA,NA,NA,NA,NA,NA,NA,NA,NA,4.279066,11.45845,19.09947,24.17344,NA,NA,NA,NA,NA,NA,NA,NA
2022-07-03 13:20:00,NA,31.48001,20.73001,19.04999,19.31,NA,NA,NA,NA,NA,NA,NA,NA,NA,4.279066,11.44673,19.07675,24.16395,NA,NA,NA,NA,NA,NA,NA,NA
2022-07-03 13:30:00,NA,31.57999,20.85999,19.10001,19.25,NA,NA,NA,NA,NA,NA,NA,NA,NA,4.273622,11.45259,19.07675,24.18294,NA,NA,NA,NA,NA,NA,NA,NA
2022-07-03 13:40:00,NA,31.63998,21.07001,19.06,19.23001,NA,NA,NA,NA,NA,NA,NA,NA,NA,4.268182,11.4438,19.09038,24.18294,NA,NA,NA,NA,NA,NA,NA,NA
2022-07-03 13:50:00,NA,31.63998,21.28,19.10001,19.23001,NA,NA,NA,NA,NA,NA,NA,NA,NA,4.266822,11.43502,19.08583,24.18294,NA,NA,NA,NA,NA,NA,NA,NA
2022-07-03 14:00:00,NA,31.76999,21.41,19.06,19.32999,NA,NA,NA,NA,NA,NA,NA,NA,NA,4.260032,11.43502,19.10402,24.16395,NA,NA,NA,NA,NA,NA,NA,NA
2022-07-03 14:10:00,NA,31.87,21.64999,19.10001,19.28,NA,NA,NA,NA,NA,NA,NA,NA,NA,4.26139,11.41747,19.09947,24.17344,NA,NA,NA,NA,NA,NA,NA,NA
2022-07-03 14:20:00,NA,32.13998,21.75,19.32001,19.26001,NA,NA,NA,NA,NA,NA,NA,NA,NA,4.253249,11.42332,19.05859,24.1782,NA,NA,NA,NA,NA,NA,NA,NA
2022-07-03 14:30:00,NA,32.48001,21.91,19.32999,19.31,NA,NA,NA,NA,NA,NA,NA,NA,NA,4.24106,11.41747,19.06767,24.1687,NA,NA,NA,NA,NA,NA,NA,NA
2022-07-03 14:40:00,NA,32.70001,22.12,19.32999,19.32999,NA,NA,NA,NA,NA,NA,NA,NA,NA,4.234299,11.40578,19.07675,24.16395,NA,NA,NA,NA,NA,NA,NA,NA
2022-07-03 14:50:00,NA,32.72,22.17001,19.51001,19.35999,NA,NA,NA,NA,NA,NA,NA,NA,NA,4.230245,11.41454,19.04498,24.15922,NA,NA,NA,NA,NA,NA,NA,NA
2022-07-03 15:00:00,NA,32.72,22.35999,19.57999,19.38,NA,NA,NA,NA,NA,NA,NA,NA,NA,4.219451,11.4087,19.04044,24.15447,NA,NA,NA,NA,NA,NA,NA,NA
2022-07-03 15:10:00,NA,32.48001,22.57001,19.57999,19.38,NA,NA,NA,NA,NA,NA,NA,NA,NA,4.216756,11.39702,19.04952,24.15447,NA,NA,NA,NA,NA,NA,NA,NA
2022-07-03 15:20:00,NA,32.09,22.73001,19.60999,19.38,NA,NA,NA,NA,NA,NA,NA,NA,NA,4.222148,11.38826,19.05406,24.15922,NA,NA,NA,NA,NA,NA,NA,NA
2022-07-03 15:30:00,NA,31.85001,22.85999,19.72,19.42999,NA,NA,NA,NA,NA,NA,NA,NA,NA,4.214062,11.38534,19.04044,24.14973,NA,NA,NA,NA,NA,NA,NA,NA
2022-07-03 15:40:00,NA,31.42001,22.98999,19.69,19.42999,NA,NA,NA,NA,NA,NA,NA,NA,NA,4.21541,11.37951,19.05859,24.15447,NA,NA,NA,NA,NA,NA,NA,NA
2022-07-03 15:50:00,NA,31,23.09,19.75,19.45999,NA,NA,NA,NA,NA,NA,NA,NA,NA,4.21541,11.37659,19.05406,24.14499,NA,NA,NA,NA,NA,NA,NA,NA
2022-07-03 16:00:00,NA,30.60001,23.20001,19.89001,19.42999,NA,NA,NA,NA,NA,NA,NA,NA,NA,4.214062,11.37368,19.0359,24.15922,NA,NA,NA,NA,NA,NA,NA,NA
2022-07-03 16:10:00,NA,30.34,23.23001,19.89001,19.45999,NA,NA,NA,NA,NA,NA,NA,NA,NA,4.210024,11.37951,19.04498,24.15447,NA,NA,NA,NA,NA,NA,NA,NA
2022-07-03 16:20:00,NA,30.13,23.28,20.01001,19.5,NA,NA,NA,NA,NA,NA,NA,NA,NA,4.197923,11.37659,19.03137,24.14973,NA,NA,NA,NA,NA,NA,NA,NA
2022-07-03 16:30:00,NA,29.67999,23.41,20,19.51001,NA,NA,NA,NA,NA,NA,NA,NA,NA,4.200611,11.36494,19.04498,24.15447,NA,NA,NA,NA,NA,NA,NA,NA
2022-07-03 16:40:00,NA,29.28,23.44,20.19,19.60999,NA,NA,NA,NA,NA,NA,NA,NA,NA,4.200611,11.36203,19.01325,24.13076,NA,NA,NA,NA,NA,NA,NA,NA
2022-07-03 16:50:00,NA,29.10001,23.44,20.13,19.63,NA,NA,NA,NA,NA,NA,NA,NA,NA,4.196582,11.36785,19.0359,24.13076,NA,NA,NA,NA,NA,NA,NA,NA
2022-07-03 17:00:00,NA,29.10001,23.44,20.29999,19.67999,NA,NA,NA,NA,NA,NA,NA,NA,NA,4.187191,11.36785,19.00419,24.12602,NA,NA,NA,NA,NA,NA,NA,NA
2022-07-03 17:10:00,NA,29.04001,23.54001,20.32999,19.63,NA,NA,NA,NA,NA,NA,NA,NA,NA,4.177816,11.35328,19.01325,24.14025,NA,NA,NA,NA,NA,NA,NA,NA
2022-07-03 17:20:00,NA,28.82999,23.45999,20.29999,19.63,NA,NA,NA,NA,NA,NA,NA,NA,NA,4.171129,11.36785,19.02685,24.14499,NA,NA,NA,NA,NA,NA,NA,NA
2022-07-03 17:30:00,NA,28.42999,23.54001,20.48001,19.63,NA,NA,NA,NA,NA,NA,NA,NA,NA,4.172465,11.35328,18.99966,24.14973,NA,NA,NA,NA,NA,NA,NA,NA
2022-07-03 17:40:00,NA,28.17001,23.54001,20.42999,19.67999,NA,NA,NA,NA,NA,NA,NA,NA,NA,4.165784,11.35328,19.01778,24.14499,NA,NA,NA,NA,NA,NA,NA,NA
2022-07-03 17:50:00,NA,27.88,23.64999,20.51999,19.67999,NA,NA,NA,NA,NA,NA,NA,NA,NA,4.161779,11.33874,19.00871,24.14973,NA,NA,NA,NA,NA,NA,NA,NA
2022-07-03 18:00:00,NA,27.53,23.51999,20.51001,19.82999,NA,NA,NA,NA,NA,NA,NA,NA,NA,4.163114,11.35328,19.01778,24.11655,NA,NA,NA,NA,NA,NA,NA,NA
2022-07-03 18:10:00,NA,27.32001,23.48999,20.56,19.82999,NA,NA,NA,NA,NA,NA,NA,NA,NA,4.159111,11.3562,19.01325,24.12129,NA,NA,NA,NA,NA,NA,NA,NA
2022-07-03 18:20:00,NA,27.17999,23.57001,20.57999,19.85999,NA,NA,NA,NA,NA,NA,NA,NA,NA,4.149781,11.33874,19.01778,24.11655,NA,NA,NA,NA,NA,NA,NA,NA
2022-07-03 18:30:00,NA,26.94,23.47,20.70999,19.82999,NA,NA,NA,NA,NA,NA,NA,NA,NA,4.149781,11.35037,18.99513,24.13076,NA,NA,NA,NA,NA,NA,NA,NA
2022-07-03 18:40:00,NA,26.76001,23.44,20.66,19.81,NA,NA,NA,NA,NA,NA,NA,NA,NA,4.143127,11.35037,19.01325,24.14025,NA,NA,NA,NA,NA,NA,NA,NA
2022-07-03 18:50:00,NA,26.48999,23.44,20.76001,19.88,NA,NA,NA,NA,NA,NA,NA,NA,NA,4.143127,11.34455,18.99966,24.13076,NA,NA,NA,NA,NA,NA,NA,NA
2022-07-03 19:00:00,NA,26.31,23.42001,20.73001,20.01001,NA,NA,NA,NA,NA,NA,NA,NA,NA,4.13515,11.34455,19.00871,24.10708,NA,NA,NA,NA,NA,NA,NA,NA
2022-07-03 19:10:00,NA,26.07001,23.44,20.79001,20.03,NA,NA,NA,NA,NA,NA,NA,NA,NA,4.13515,11.33583,18.99966,24.10708,NA,NA,NA,NA,NA,NA,NA,NA
2022-07-03 19:20:00,NA,25.75,23.41,20.89999,20.03,NA,NA,NA,NA,NA,NA,NA,NA,NA,4.137809,11.33583,18.98156,24.11181,NA,NA,NA,NA,NA,NA,NA,NA
2022-07-03 19:30:00,NA,25.44,23.44,20.95999,20.03,NA,NA,NA,NA,NA,NA,NA,NA,NA,4.139138,11.32419,18.9725,24.11655,NA,NA,NA,NA,NA,NA,NA,NA
2022-07-03 19:40:00,NA,25.23999,23.32999,20.89001,20.03,NA,NA,NA,NA,NA,NA,NA,NA,NA,4.13515,11.33874,18.99513,24.12129,NA,NA,NA,NA,NA,NA,NA,NA
2022-07-03 19:50:00,NA,24.95999,23.28,20.89999,20.06,NA,NA,NA,NA,NA,NA,NA,NA,NA,4.13648,11.33874,18.99513,24.11655,NA,NA,NA,NA,NA,NA,NA,NA
2022-07-03 20:00:00,NA,24.85001,23.23001,20.89999,20.06,NA,NA,NA,NA,NA,NA,NA,NA,NA,4.127187,11.34165,18.99966,24.12129,NA,NA,NA,NA,NA,NA,NA,NA
2022-07-03 20:10:00,NA,24.57001,23.23001,20.98001,20.07999,NA,NA,NA,NA,NA,NA,NA,NA,NA,4.127187,11.33583,18.98156,24.12129,NA,NA,NA,NA,NA,NA,NA,NA
2022-07-03 20:20:00,NA,24.34,23.20001,20.98001,20.20999,NA,NA,NA,NA,NA,NA,NA,NA,NA,4.125861,11.33292,18.98608,24.09287,NA,NA,NA,NA,NA,NA,NA,NA
2022-07-03 20:30:00,NA,24.03,23.12,20.98001,20.23001,NA,NA,NA,NA,NA,NA,NA,NA,NA,4.129841,11.34165,18.9906,24.09287,NA,NA,NA,NA,NA,NA,NA,NA
2022-07-03 20:40:00,NA,23.81,23.04001,21.06,20.23001,NA,NA,NA,NA,NA,NA,NA,NA,NA,4.124536,11.34455,18.97703,24.09761,NA,NA,NA,NA,NA,NA,NA,NA
2022-07-03 20:50:00,NA,23.60001,23.01999,21.01999,20.23001,NA,NA,NA,NA,NA,NA,NA,NA,NA,4.119234,11.34455,18.98608,24.10234,NA,NA,NA,NA,NA,NA,NA,NA
2022-07-03 21:00:00,NA,23.23001,22.98999,21.10999,20.23001,NA,NA,NA,NA,NA,NA,NA,NA,NA,4.124536,11.33874,18.9725,24.10708,NA,NA,NA,NA,NA,NA,NA,NA
2022-07-03 21:10:00,NA,22.95999,22.94,21.17999,20.23001,NA,NA,NA,NA,NA,NA,NA,NA,NA,4.125861,11.34165,18.95441,24.10708,NA,NA,NA,NA,NA,NA,NA,NA
2022-07-03 21:20:00,NA,22.73001,22.85999,21.09,20.20999,NA,NA,NA,NA,NA,NA,NA,NA,NA,4.123209,11.34746,18.97703,24.11655,NA,NA,NA,NA,NA,NA,NA,NA
2022-07-03 21:30:00,NA,22.38,22.78,21.10999,20.34,NA,NA,NA,NA,NA,NA,NA,NA,NA,4.128514,11.34746,18.97703,24.08814,NA,NA,NA,NA,NA,NA,NA,NA
2022-07-03 21:40:00,NA,22.14999,22.78,21.10999,20.32999,NA,NA,NA,NA,NA,NA,NA,NA,NA,4.127187,11.34165,18.97703,24.09287,NA,NA,NA,NA,NA,NA,NA,NA
2022-07-03 21:50:00,NA,21.91,22.62,21.14999,20.35999,NA,NA,NA,NA,NA,NA,NA,NA,NA,4.127187,11.3562,18.96798,24.08814,NA,NA,NA,NA,NA,NA,NA,NA
2022-07-03 22:00:00,NA,21.70001,22.57001,21.09,20.41,NA,NA,NA,NA,NA,NA,NA,NA,NA,4.124536,11.3562,18.98156,24.0834,NA,NA,NA,NA,NA,NA,NA,NA
2022-07-03 22:10:00,NA,21.48001,22.57001,21.13,20.41,NA,NA,NA,NA,NA,NA,NA,NA,NA,4.127187,11.35037,18.9725,24.0834,NA,NA,NA,NA,NA,NA,NA,NA
2022-07-03 22:20:00,NA,21.29001,22.48999,21.14999,20.42999,NA,NA,NA,NA,NA,NA,NA,NA,NA,4.125861,11.35328,18.96798,24.0834,NA,NA,NA,NA,NA,NA,NA,NA
2022-07-03 22:30:00,NA,21.06,22.35999,21.10999,20.42999,NA,NA,NA,NA,NA,NA,NA,NA,NA,4.128514,11.36203,18.97703,24.0834,NA,NA,NA,NA,NA,NA,NA,NA
2022-07-03 22:40:00,NA,20.87,22.32999,21.10999,20.41,NA,NA,NA,NA,NA,NA,NA,NA,NA,4.131168,11.3562,18.97703,24.09287,NA,NA,NA,NA,NA,NA,NA,NA
2022-07-03 22:50:00,NA,20.87,22.17001,21.17001,20.42999,NA,NA,NA,NA,NA,NA,NA,NA,NA,4.120559,11.37076,18.96346,24.08814,NA,NA,NA,NA,NA,NA,NA,NA
2022-07-03 23:00:00,NA,20.60999,22.14999,21.13,20.42999,NA,NA,NA,NA,NA,NA,NA,NA,NA,4.125861,11.36494,18.96798,24.09287,NA,NA,NA,NA,NA,NA,NA,NA
2022-07-03 23:10:00,NA,20.39999,22.09,21.07999,20.42999,NA,NA,NA,NA,NA,NA,NA,NA,NA,4.131168,11.36785,18.97703,24.09287,NA,NA,NA,NA,NA,NA,NA,NA
2022-07-03 23:20:00,NA,20.23999,21.95999,21.14999,20.45999,NA,NA,NA,NA,NA,NA,NA,NA,NA,4.129841,11.37659,18.96346,24.08814,NA,NA,NA,NA,NA,NA,NA,NA
2022-07-03 23:30:00,NA,20.13,21.94,21.10001,20.45999,NA,NA,NA,NA,NA,NA,NA,NA,NA,4.128514,11.37076,18.9725,24.09287,NA,NA,NA,NA,NA,NA,NA,NA
2022-07-03 23:40:00,NA,20.07001,21.91,21.13,20.45999,NA,NA,NA,NA,NA,NA,NA,NA,NA,4.123209,11.36785,18.96346,24.09287,NA,NA,NA,NA,NA,NA,NA,NA
2022-07-03 23:50:00,NA,19.81,21.73001,21.10001,20.45999,NA,NA,NA,NA,NA,NA,NA,NA,NA,4.129841,11.38534,18.96346,24.09287,NA,NA,NA,NA,NA,NA,NA,NA
